ISO-10303-21;
HEADER;
/* Generated by software containing ST-Developer
 * from STEP Tools, Inc. (www.steptools.com) 
 */

FILE_DESCRIPTION(
/* description */ (''),
/* implementation_level */ '2;1');

FILE_NAME(
/* name */ 'Support (2).step',
/* time_stamp */ '2026-05-06T12:00:35+05:30',
/* author */ (''),
/* organization */ (''),
/* preprocessor_version */ 'ST-DEVELOPER v20.1',
/* originating_system */ 'Autodesk Translation Framework v14.24.0.0',
/* authorisation */ '');

FILE_SCHEMA (('AUTOMOTIVE_DESIGN { 1 0 10303 214 3 1 1 }'));
ENDSEC;

DATA;
#10=MECHANICAL_DESIGN_GEOMETRIC_PRESENTATION_REPRESENTATION('',(#13),#2114);
#11=SHAPE_REPRESENTATION_RELATIONSHIP('SRR','None',#2121,#12);
#12=ADVANCED_BREP_SHAPE_REPRESENTATION('',(#14),#2113);
#13=STYLED_ITEM('',(#2130),#14);
#14=MANIFOLD_SOLID_BREP('Support (2)',#617);
#15=ELLIPSE('',#661,9999.07794141512,9999.);
#16=ELLIPSE('',#662,9999.07794141512,9999.);
#17=FACE_BOUND('',#87,.T.);
#18=FACE_BOUND('',#92,.T.);
#19=FACE_BOUND('',#101,.T.);
#20=B_SPLINE_SURFACE_WITH_KNOTS('',3,3,((#1263,#1264,#1265,#1266,#1267,
#1268,#1269,#1270,#1271,#1272,#1273,#1274,#1275,#1276,#1277,#1278,#1279,
#1280,#1281,#1282,#1283,#1284,#1285,#1286,#1287,#1288,#1289,#1290,#1291,
#1292,#1293,#1294,#1295,#1296,#1297,#1298,#1299,#1300,#1301,#1302,#1303,
#1304,#1305,#1306,#1307,#1308),(#1309,#1310,#1311,#1312,#1313,#1314,#1315,
#1316,#1317,#1318,#1319,#1320,#1321,#1322,#1323,#1324,#1325,#1326,#1327,
#1328,#1329,#1330,#1331,#1332,#1333,#1334,#1335,#1336,#1337,#1338,#1339,
#1340,#1341,#1342,#1343,#1344,#1345,#1346,#1347,#1348,#1349,#1350,#1351,
#1352,#1353,#1354),(#1355,#1356,#1357,#1358,#1359,#1360,#1361,#1362,#1363,
#1364,#1365,#1366,#1367,#1368,#1369,#1370,#1371,#1372,#1373,#1374,#1375,
#1376,#1377,#1378,#1379,#1380,#1381,#1382,#1383,#1384,#1385,#1386,#1387,
#1388,#1389,#1390,#1391,#1392,#1393,#1394,#1395,#1396,#1397,#1398,#1399,
#1400),(#1401,#1402,#1403,#1404,#1405,#1406,#1407,#1408,#1409,#1410,#1411,
#1412,#1413,#1414,#1415,#1416,#1417,#1418,#1419,#1420,#1421,#1422,#1423,
#1424,#1425,#1426,#1427,#1428,#1429,#1430,#1431,#1432,#1433,#1434,#1435,
#1436,#1437,#1438,#1439,#1440,#1441,#1442,#1443,#1444,#1445,#1446)),
 .UNSPECIFIED.,.F.,.F.,.F.,(4,4),(4,1,1,1,1,1,1,1,1,1,1,1,1,1,1,1,1,1,1,
1,1,1,1,1,1,1,1,1,1,1,1,1,1,1,1,1,1,1,1,1,1,1,1,4),(0.,0.0448889834294919),
(56.7414750555427,57.7276731581341,58.7138712607254,59.7000693633168,60.6862674659082,
61.6724655684996,62.6586636710909,63.6448617736823,64.6310598762737,65.617257978865,
66.6034560814564,67.5896541840478,68.5758522866392,69.5620503892305,70.5482484918219,
71.5344465944133,72.5206446970046,73.506842799596,74.4930409021874,75.4792390047787,
76.4654371073701,77.4516352099615,78.4378333125529,79.4240314151442,80.4102295177356,
81.396427620327,82.3826257229183,83.3688238255097,84.3550219281011,85.3412200306925,
86.3274181332838,87.3136162358752,88.2998143384666,89.2860124410579,90.2722105436493,
91.2584086462407,92.244606748832,93.2308048514234,94.2170029540148,95.2032010566062,
96.1893991591975,97.1755972617889,98.1617953643803,99.1479934669716),
 .UNSPECIFIED.);
#21=B_SPLINE_SURFACE_WITH_KNOTS('',3,3,((#1667,#1668,#1669,#1670,#1671,
#1672,#1673,#1674,#1675,#1676,#1677,#1678,#1679,#1680,#1681,#1682,#1683,
#1684,#1685,#1686,#1687,#1688,#1689,#1690,#1691,#1692,#1693,#1694,#1695,
#1696,#1697,#1698,#1699,#1700,#1701,#1702,#1703,#1704,#1705,#1706,#1707,
#1708,#1709,#1710,#1711,#1712),(#1713,#1714,#1715,#1716,#1717,#1718,#1719,
#1720,#1721,#1722,#1723,#1724,#1725,#1726,#1727,#1728,#1729,#1730,#1731,
#1732,#1733,#1734,#1735,#1736,#1737,#1738,#1739,#1740,#1741,#1742,#1743,
#1744,#1745,#1746,#1747,#1748,#1749,#1750,#1751,#1752,#1753,#1754,#1755,
#1756,#1757,#1758),(#1759,#1760,#1761,#1762,#1763,#1764,#1765,#1766,#1767,
#1768,#1769,#1770,#1771,#1772,#1773,#1774,#1775,#1776,#1777,#1778,#1779,
#1780,#1781,#1782,#1783,#1784,#1785,#1786,#1787,#1788,#1789,#1790,#1791,
#1792,#1793,#1794,#1795,#1796,#1797,#1798,#1799,#1800,#1801,#1802,#1803,
#1804),(#1805,#1806,#1807,#1808,#1809,#1810,#1811,#1812,#1813,#1814,#1815,
#1816,#1817,#1818,#1819,#1820,#1821,#1822,#1823,#1824,#1825,#1826,#1827,
#1828,#1829,#1830,#1831,#1832,#1833,#1834,#1835,#1836,#1837,#1838,#1839,
#1840,#1841,#1842,#1843,#1844,#1845,#1846,#1847,#1848,#1849,#1850)),
 .UNSPECIFIED.,.F.,.F.,.F.,(4,4),(4,1,1,1,1,1,1,1,1,1,1,1,1,1,1,1,1,1,1,
1,1,1,1,1,1,1,1,1,1,1,1,1,1,1,1,1,1,1,1,1,1,1,1,4),(0.,0.0448889834294919),
(59.2780360640622,60.2642341666536,61.250432269245,62.2366303718364,63.2228284744277,
64.2090265770191,65.1952246796105,66.1814227822018,67.1676208847932,68.1538189873846,
69.140017089976,70.1262151925673,71.1124132951587,72.0986113977501,73.0848095003415,
74.0710076029328,75.0572057055242,76.0434038081156,77.029601910707,78.0158000132983,
79.0019981158897,79.9881962184811,80.9743943210725,81.9605924236638,82.9467905262552,
83.9329886288466,84.9191867314379,85.9053848340293,86.8915829366207,87.8777810392121,
88.8639791418034,89.8501772443948,90.8363753469862,91.8225734495776,92.8087715521689,
93.7949696547603,94.7811677573517,95.7673658599431,96.7535639625344,97.7397620651258,
98.7259601677172,99.7121582703085,100.6983563729,101.684554475491),
 .UNSPECIFIED.);
#22=PLANE('',#648);
#23=PLANE('',#649);
#24=PLANE('',#652);
#25=PLANE('',#657);
#26=PLANE('',#659);
#27=PLANE('',#663);
#28=PLANE('',#664);
#29=PLANE('',#665);
#30=PLANE('',#666);
#31=PLANE('',#667);
#32=PLANE('',#668);
#33=PLANE('',#669);
#34=PLANE('',#671);
#35=FACE_OUTER_BOUND('',#68,.T.);
#36=FACE_OUTER_BOUND('',#69,.T.);
#37=FACE_OUTER_BOUND('',#70,.T.);
#38=FACE_OUTER_BOUND('',#71,.T.);
#39=FACE_OUTER_BOUND('',#72,.T.);
#40=FACE_OUTER_BOUND('',#73,.T.);
#41=FACE_OUTER_BOUND('',#74,.T.);
#42=FACE_OUTER_BOUND('',#75,.T.);
#43=FACE_OUTER_BOUND('',#76,.T.);
#44=FACE_OUTER_BOUND('',#77,.T.);
#45=FACE_OUTER_BOUND('',#78,.T.);
#46=FACE_OUTER_BOUND('',#79,.T.);
#47=FACE_OUTER_BOUND('',#80,.T.);
#48=FACE_OUTER_BOUND('',#81,.T.);
#49=FACE_OUTER_BOUND('',#82,.T.);
#50=FACE_OUTER_BOUND('',#83,.T.);
#51=FACE_OUTER_BOUND('',#84,.T.);
#52=FACE_OUTER_BOUND('',#85,.T.);
#53=FACE_OUTER_BOUND('',#86,.T.);
#54=FACE_OUTER_BOUND('',#88,.T.);
#55=FACE_OUTER_BOUND('',#89,.T.);
#56=FACE_OUTER_BOUND('',#90,.T.);
#57=FACE_OUTER_BOUND('',#91,.T.);
#58=FACE_OUTER_BOUND('',#93,.T.);
#59=FACE_OUTER_BOUND('',#94,.T.);
#60=FACE_OUTER_BOUND('',#95,.T.);
#61=FACE_OUTER_BOUND('',#96,.T.);
#62=FACE_OUTER_BOUND('',#97,.T.);
#63=FACE_OUTER_BOUND('',#98,.T.);
#64=FACE_OUTER_BOUND('',#99,.T.);
#65=FACE_OUTER_BOUND('',#100,.T.);
#66=FACE_OUTER_BOUND('',#102,.T.);
#67=FACE_OUTER_BOUND('',#103,.T.);
#68=EDGE_LOOP('',(#386,#387,#388,#389));
#69=EDGE_LOOP('',(#390,#391,#392,#393));
#70=EDGE_LOOP('',(#394,#395,#396,#397));
#71=EDGE_LOOP('',(#398,#399,#400,#401));
#72=EDGE_LOOP('',(#402,#403,#404,#405));
#73=EDGE_LOOP('',(#406,#407,#408,#409));
#74=EDGE_LOOP('',(#410,#411,#412,#413));
#75=EDGE_LOOP('',(#414,#415,#416,#417));
#76=EDGE_LOOP('',(#418,#419,#420,#421));
#77=EDGE_LOOP('',(#422,#423,#424,#425));
#78=EDGE_LOOP('',(#426,#427,#428,#429));
#79=EDGE_LOOP('',(#430,#431,#432,#433));
#80=EDGE_LOOP('',(#434,#435,#436,#437));
#81=EDGE_LOOP('',(#438,#439,#440,#441));
#82=EDGE_LOOP('',(#442,#443,#444,#445,#446,#447,#448,#449));
#83=EDGE_LOOP('',(#450,#451,#452,#453,#454,#455,#456,#457,#458,#459,#460,
#461,#462,#463,#464,#465,#466));
#84=EDGE_LOOP('',(#467,#468,#469,#470));
#85=EDGE_LOOP('',(#471,#472,#473,#474,#475,#476,#477,#478,#479,#480,#481,
#482,#483,#484,#485,#486,#487));
#86=EDGE_LOOP('',(#488,#489,#490,#491));
#87=EDGE_LOOP('',(#492,#493,#494,#495));
#88=EDGE_LOOP('',(#496,#497,#498,#499));
#89=EDGE_LOOP('',(#500,#501,#502,#503));
#90=EDGE_LOOP('',(#504,#505,#506,#507,#508,#509,#510,#511));
#91=EDGE_LOOP('',(#512,#513,#514,#515));
#92=EDGE_LOOP('',(#516,#517,#518,#519));
#93=EDGE_LOOP('',(#520,#521,#522,#523,#524,#525));
#94=EDGE_LOOP('',(#526,#527,#528,#529,#530,#531,#532));
#95=EDGE_LOOP('',(#533,#534,#535,#536));
#96=EDGE_LOOP('',(#537,#538,#539,#540,#541));
#97=EDGE_LOOP('',(#542,#543,#544,#545,#546));
#98=EDGE_LOOP('',(#547,#548,#549,#550,#551));
#99=EDGE_LOOP('',(#552,#553,#554,#555));
#100=EDGE_LOOP('',(#556,#557,#558,#559));
#101=EDGE_LOOP('',(#560));
#102=EDGE_LOOP('',(#561));
#103=EDGE_LOOP('',(#562,#563,#564,#565));
#104=CIRCLE('',#632,1.666);
#105=CIRCLE('',#638,1.666);
#106=CIRCLE('',#640,2.05475000000001);
#107=CIRCLE('',#647,2.05475000000001);
#108=CIRCLE('',#650,9999.);
#109=CIRCLE('',#653,82.28);
#110=CIRCLE('',#656,82.28);
#111=CIRCLE('',#658,9999.);
#112=CIRCLE('',#670,1.666);
#113=CIRCLE('',#672,1.666);
#114=B_SPLINE_CURVE_WITH_KNOTS('',3,(#812,#813,#814,#815,#816,#817,#818,
#819,#820,#821,#822,#823,#824,#825,#826,#827),.UNSPECIFIED.,.F.,.F.,(4,
3,3,3,3,4),(82.9912312485064,83.3416210523488,84.3278191549401,85.3140172575315,
86.3002153601229,87.2864134627139),.UNSPECIFIED.);
#115=B_SPLINE_CURVE_WITH_KNOTS('',3,(#830,#831,#832,#833,#834,#835,#836,
#837,#838,#839,#840,#841,#842,#843,#844,#845,#846,#847,#848,#849,#850,#851),
 .UNSPECIFIED.,.F.,.F.,(4,3,3,3,3,3,3,4),(-85.2718005974397,-84.3278191549398,
-83.3416210523484,-82.3554229497571,-81.3692248471657,-80.3830267445743,
-79.3968286419829,-79.2446069498463),.UNSPECIFIED.);
#116=B_SPLINE_CURVE_WITH_KNOTS('',3,(#856,#857,#858,#859,#860,#861,#862,
#863,#864,#865,#866,#867,#868,#869,#870,#871,#872,#873,#874,#875,#876,#877),
 .UNSPECIFIED.,.F.,.F.,(4,3,3,3,3,3,3,4),(76.7080459413267,77.4244324368005,
78.4106305393919,79.3968286419833,80.3830267445747,81.369224847166,82.3554229497574,
82.9912312485064),.UNSPECIFIED.);
#117=B_SPLINE_CURVE_WITH_KNOTS('',3,(#878,#879,#880,#881,#882,#883,#884,
#885,#886,#887,#888,#889,#890,#891,#892,#893,#894,#895,#896,#897,#898,#899),
 .UNSPECIFIED.,.F.,.F.,(4,3,3,3,3,3,3,4),(-79.2446069498463,-78.4106305393916,
-77.4244324368002,-76.4382343342088,-75.4520362316175,-74.4658381290261,
-73.4796400264347,-72.9614216426667),.UNSPECIFIED.);
#118=B_SPLINE_CURVE_WITH_KNOTS('',3,(#904,#905,#906,#907,#908,#909,#910,
#911,#912,#913,#914,#915,#916,#917,#918,#919,#920,#921,#922,#923,#924,#925,
#926,#927,#928),.UNSPECIFIED.,.F.,.F.,(4,3,3,3,3,3,3,3,4),(70.4248606341475,
70.5210457186609,71.5072438212523,72.4934419238437,73.4796400264351,74.4658381290264,
75.4520362316178,76.4382343342092,76.7080459413267),.UNSPECIFIED.);
#119=B_SPLINE_CURVE_WITH_KNOTS('',3,(#929,#930,#931,#932,#933,#934,#935,
#936,#937,#938,#939,#940,#941,#942,#943,#944,#945,#946,#947,#948,#949,#950),
 .UNSPECIFIED.,.F.,.F.,(4,3,3,3,3,3,3,4),(-72.9614216426667,-72.4934419238433,
-71.507243821252,-70.5210457186606,-69.5348476160692,-68.5486495134779,
-67.5624514108865,-66.6782363354871),.UNSPECIFIED.);
#120=B_SPLINE_CURVE_WITH_KNOTS('',3,(#955,#956,#957,#958,#959,#960,#961,
#962,#963,#964,#965,#966,#967,#968,#969,#970,#971,#972,#973,#974,#975,#976),
 .UNSPECIFIED.,.F.,.F.,(4,3,3,3,3,3,3,4),(64.1416753269678,64.6038571031127,
65.5900552057041,66.5762533082954,67.5624514108868,68.5486495134782,69.5348476160696,
70.4248606341475),.UNSPECIFIED.);
#121=B_SPLINE_CURVE_WITH_KNOTS('',3,(#977,#978,#979,#980,#981,#982,#983,
#984,#985,#986,#987,#988,#989,#990,#991,#992,#993,#994,#995,#996,#997,#998,
#999,#1000,#1001),.UNSPECIFIED.,.F.,.F.,(4,3,3,3,3,3,3,3,4),(-66.6782363354871,
-66.5762533082951,-65.5900552057037,-64.6038571031124,-63.617659000521,
-62.6314608979296,-61.6452627953383,-60.6590646927469,-60.3950510283075),
 .UNSPECIFIED.);
#122=B_SPLINE_CURVE_WITH_KNOTS('',3,(#1006,#1007,#1008,#1009,#1010,#1011,
#1012,#1013,#1014,#1015,#1016,#1017,#1018,#1019,#1020,#1021,#1022,#1023,
#1024,#1025,#1026,#1027),.UNSPECIFIED.,.F.,.F.,(4,3,3,3,3,3,3,4),(57.8584900197882,
58.6866684875644,59.6728665901558,60.6590646927472,61.6452627953386,62.63146089793,
63.6176590005213,64.1416753269678),.UNSPECIFIED.);
#123=B_SPLINE_CURVE_WITH_KNOTS('',3,(#1028,#1029,#1030,#1031,#1032,#1033,
#1034,#1035,#1036,#1037,#1038,#1039,#1040,#1041,#1042,#1043,#1044,#1045,
#1046,#1047,#1048,#1049),.UNSPECIFIED.,.F.,.F.,(4,3,3,3,3,3,3,4),(-60.3950510283075,
-59.6728665901555,-58.6866684875642,-57.7004703849728,-56.7142722823814,
-55.72807417979,-54.7418760771987,-54.1118657211279),.UNSPECIFIED.);
#124=B_SPLINE_CURVE_WITH_KNOTS('',3,(#1055,#1056,#1057,#1058,#1059,#1060,
#1061,#1062,#1063,#1064),.UNSPECIFIED.,.F.,.F.,(4,3,3,4),(-47.8286804139483,
-46.8522912564677,-45.8660931538763,-44.879895051285),.UNSPECIFIED.);
#125=B_SPLINE_CURVE_WITH_KNOTS('',3,(#1067,#1068,#1069,#1070,#1071,#1072,
#1073,#1074,#1075,#1076,#1077,#1078,#1079,#1080,#1081,#1082),
 .UNSPECIFIED.,.F.,.F.,(4,3,3,3,3,4),(46.8945079165592,47.8384893590593,
48.8246874616507,49.8108855642421,50.7970836668335,51.5753047126086),
 .UNSPECIFIED.);
#126=B_SPLINE_CURVE_WITH_KNOTS('',3,(#1088,#1089,#1090,#1091,#1092),
 .UNSPECIFIED.,.F.,.F.,(4,1,4),(97.3893722612837,98.1617953643803,99.1479934669716),
 .UNSPECIFIED.);
#127=B_SPLINE_CURVE_WITH_KNOTS('',3,(#1095,#1096,#1097,#1098,#1099,#1100),
 .UNSPECIFIED.,.F.,.F.,(4,1,1,4),(97.3893722612837,97.7397620651258,98.7259601677172,
99.6699416102171),.UNSPECIFIED.);
#128=B_SPLINE_CURVE_WITH_KNOTS('',3,(#1105,#1106,#1107,#1108,#1109,#1110,
#1111,#1112,#1113,#1114,#1115),.UNSPECIFIED.,.F.,.F.,(4,1,1,1,1,1,1,1,4),
(91.106186954104,91.2584086462407,92.244606748832,93.2308048514234,94.2170029540148,
95.2032010566062,96.1893991591975,97.1755972617889,97.3893722612837),
 .UNSPECIFIED.);
#129=B_SPLINE_CURVE_WITH_KNOTS('',3,(#1116,#1117,#1118,#1119,#1120,#1121,
#1122,#1123,#1124,#1125),.UNSPECIFIED.,.F.,.F.,(4,1,1,1,1,1,1,4),(91.1061869541041,
91.8225734495776,92.8087715521689,93.7949696547603,94.7811677573517,95.7673658599431,
96.7535639625344,97.3893722612837),.UNSPECIFIED.);
#130=B_SPLINE_CURVE_WITH_KNOTS('',3,(#1130,#1131,#1132,#1133,#1134,#1135,
#1136,#1137,#1138,#1139),.UNSPECIFIED.,.F.,.F.,(4,1,1,1,1,1,1,4),(84.8230016469245,
85.3412200306925,86.3274181332838,87.3136162358752,88.2998143384666,89.2860124410579,
90.2722105436493,91.106186954104),.UNSPECIFIED.);
#131=B_SPLINE_CURVE_WITH_KNOTS('',3,(#1140,#1141,#1142,#1143,#1144,#1145,
#1146,#1147,#1148,#1149,#1150),.UNSPECIFIED.,.F.,.F.,(4,1,1,1,1,1,1,1,4),
(84.8230016469245,84.9191867314379,85.9053848340293,86.8915829366207,87.8777810392121,
88.8639791418034,89.8501772443948,90.8363753469862,91.1061869541041),
 .UNSPECIFIED.);
#132=B_SPLINE_CURVE_WITH_KNOTS('',3,(#1155,#1156,#1157,#1158,#1159,#1160,
#1161,#1162,#1163,#1164),.UNSPECIFIED.,.F.,.F.,(4,1,1,1,1,1,1,4),(78.5398163397449,
79.4240314151442,80.4102295177356,81.396427620327,82.3826257229183,83.3688238255097,
84.3550219281011,84.8230016469245),.UNSPECIFIED.);
#133=B_SPLINE_CURVE_WITH_KNOTS('',3,(#1165,#1166,#1167,#1168,#1169,#1170,
#1171,#1172,#1173,#1174),.UNSPECIFIED.,.F.,.F.,(4,1,1,1,1,1,1,4),(78.5398163397448,
79.0019981158897,79.9881962184811,80.9743943210725,81.9605924236638,82.9467905262552,
83.9329886288466,84.8230016469245),.UNSPECIFIED.);
#134=B_SPLINE_CURVE_WITH_KNOTS('',3,(#1179,#1180,#1181,#1182,#1183,#1184,
#1185,#1186,#1187,#1188,#1189),.UNSPECIFIED.,.F.,.F.,(4,1,1,1,1,1,1,1,4),
(72.2566310325652,72.5206446970046,73.506842799596,74.4930409021874,75.4792390047787,
76.4654371073701,77.4516352099615,78.4378333125529,78.5398163397449),
 .UNSPECIFIED.);
#135=B_SPLINE_CURVE_WITH_KNOTS('',3,(#1190,#1191,#1192,#1193,#1194,#1195,
#1196,#1197,#1198,#1199),.UNSPECIFIED.,.F.,.F.,(4,1,1,1,1,1,1,4),(72.2566310325652,
73.0848095003415,74.0710076029328,75.0572057055242,76.0434038081156,77.029601910707,
78.0158000132983,78.5398163397448),.UNSPECIFIED.);
#136=B_SPLINE_CURVE_WITH_KNOTS('',3,(#1204,#1205,#1206,#1207,#1208,#1209,
#1210,#1211,#1212,#1213),.UNSPECIFIED.,.F.,.F.,(4,1,1,1,1,1,1,4),(65.9734457253856,
66.6034560814564,67.5896541840478,68.5758522866392,69.5620503892305,70.5482484918219,
71.5344465944133,72.2566310325652),.UNSPECIFIED.);
#137=B_SPLINE_CURVE_WITH_KNOTS('',3,(#1214,#1215,#1216,#1217,#1218,#1219,
#1220,#1221,#1222,#1223,#1224),.UNSPECIFIED.,.F.,.F.,(4,1,1,1,1,1,1,1,4),
(65.9734457253856,66.1814227822018,67.1676208847932,68.1538189873846,69.140017089976,
70.1262151925673,71.1124132951587,72.0986113977501,72.2566310325652),
 .UNSPECIFIED.);
#138=B_SPLINE_CURVE_WITH_KNOTS('',3,(#1230,#1231,#1232,#1233),
 .UNSPECIFIED.,.F.,.F.,(4,4),(59.2780360640622,59.690260418206),
 .UNSPECIFIED.);
#139=B_SPLINE_CURVE_WITH_KNOTS('',3,(#1236,#1237,#1238,#1239),
 .UNSPECIFIED.,.F.,.F.,(4,4),(58.7560879208169,59.690260418206),
 .UNSPECIFIED.);
#140=B_SPLINE_CURVE_WITH_KNOTS('',3,(#1447,#1448,#1449,#1450,#1451,#1452,
#1453,#1454,#1455,#1456,#1457,#1458,#1459,#1460,#1461,#1462,#1463,#1464,
#1465,#1466,#1467,#1468,#1469,#1470,#1471,#1472,#1473,#1474,#1475,#1476,
#1477,#1478,#1479,#1480,#1481,#1482,#1483,#1484,#1485,#1486,#1487,#1488,
#1489,#1490,#1491,#1492,#1493,#1494,#1495,#1496,#1497,#1498,#1499,#1500,
#1501,#1502,#1503,#1504,#1505,#1506,#1507,#1508,#1509,#1510,#1511,#1512,
#1513,#1514,#1515,#1516,#1517,#1518,#1519,#1520,#1521,#1522,#1523,#1524,
#1525,#1526,#1527,#1528,#1529,#1530,#1531),.UNSPECIFIED.,.F.,.F.,(4,3,3,
3,3,3,3,3,3,3,3,3,3,3,3,3,3,3,3,3,3,3,3,3,3,3,3,3,4),(0.,0.0185846555897204,
0.0381461239351901,0.055262408737476,0.0634725985244253,0.0684332174849303,
0.0884725361423504,0.108872242737317,0.125423282641357,0.132777828265797,
0.137344276574368,0.158414615785253,0.175076402353477,0.195585033771818,
0.204224476828649,0.209155423431864,0.230185780105999,0.251692745240807,
0.267396736654635,0.275281291294428,0.280548469113283,0.2840380501329,0.306301075441489,
0.321794354558739,0.327418603754201,0.331932832535997,0.354472800813897,
0.368274191910489,0.376940817211725),.UNSPECIFIED.);
#141=B_SPLINE_CURVE_WITH_KNOTS('',3,(#1532,#1533,#1534,#1535,#1536,#1537,
#1538,#1539,#1540,#1541,#1542,#1543,#1544,#1545,#1546,#1547,#1548,#1549,
#1550,#1551,#1552,#1553,#1554,#1555,#1556),.UNSPECIFIED.,.F.,.F.,(4,3,3,
3,3,3,3,3,4),(-54.1118657211279,-53.7556779746073,-52.7694798720159,-51.7832817694246,
-50.7970836668332,-49.8108855642418,-48.8246874616504,-47.8384893590591,
-47.8286804139483),.UNSPECIFIED.);
#142=B_SPLINE_CURVE_WITH_KNOTS('',3,(#1557,#1558,#1559,#1560,#1561,#1562,
#1563,#1564,#1565,#1566,#1567,#1568,#1569,#1570,#1571,#1572,#1573,#1574,
#1575,#1576,#1577,#1578,#1579,#1580,#1581,#1582,#1583,#1584,#1585,#1586,
#1587,#1588,#1589,#1590,#1591,#1592,#1593,#1594,#1595,#1596,#1597,#1598,
#1599,#1600,#1601,#1602,#1603,#1604,#1605,#1606,#1607,#1608,#1609,#1610,
#1611,#1612,#1613,#1614,#1615,#1616,#1617,#1618,#1619,#1620,#1621,#1622,
#1623,#1624,#1625,#1626,#1627,#1628,#1629,#1630,#1631,#1632,#1633,#1634,
#1635,#1636,#1637,#1638,#1639,#1640,#1641,#1642,#1643,#1644),
 .UNSPECIFIED.,.F.,.F.,(4,3,3,3,3,3,3,3,3,3,3,3,3,3,3,3,3,3,3,3,3,3,3,3,
3,3,3,3,3,4),(-0.378621596831211,-0.371493329013537,-0.352599964468211,
-0.341967158382884,-0.337712238201642,-0.317984782211796,-0.30261400172916,
-0.297981163057757,-0.294178000085247,-0.273878824830232,-0.2531690315081,
-0.238631408218753,-0.231003924664446,-0.227356621062965,-0.223566781024924,
-0.202248571284367,-0.195018538350711,-0.174397667481627,-0.163497813264026,
-0.154336920839763,-0.150801272261275,-0.129440745844566,-0.107646310069834,
-0.0857080256988923,-0.0803440630462569,-0.0759763789070886,-0.0534614479392494,
-0.0309082525457674,-0.00884887888621235,0.),.UNSPECIFIED.);
#143=B_SPLINE_CURVE_WITH_KNOTS('',3,(#1645,#1646,#1647,#1648,#1649,#1650,
#1651,#1652,#1653,#1654,#1655),.UNSPECIFIED.,.F.,.F.,(4,1,1,1,1,1,1,1,4),
(59.690260418206,59.7000693633168,60.6862674659082,61.6724655684996,62.6586636710909,
63.6448617736823,64.6310598762737,65.617257978865,65.9734457253856),
 .UNSPECIFIED.);
#144=B_SPLINE_CURVE_WITH_KNOTS('',3,(#1657,#1658,#1659,#1660,#1661,#1662,
#1663,#1664,#1665,#1666),.UNSPECIFIED.,.F.,.F.,(4,1,1,1,1,1,1,4),(59.690260418206,
60.2642341666536,61.250432269245,62.2366303718364,63.2228284744277,64.2090265770191,
65.1952246796105,65.9734457253856),.UNSPECIFIED.);
#145=B_SPLINE_CURVE_WITH_KNOTS('',3,(#1851,#1852,#1853,#1854,#1855,#1856,
#1857,#1858,#1859,#1860,#1861,#1862,#1863,#1864,#1865,#1866,#1867,#1868,
#1869,#1870,#1871,#1872,#1873,#1874,#1875,#1876,#1877,#1878,#1879,#1880,
#1881,#1882,#1883,#1884,#1885,#1886,#1887,#1888,#1889,#1890,#1891,#1892,
#1893,#1894,#1895,#1896,#1897,#1898,#1899,#1900,#1901,#1902,#1903,#1904,
#1905,#1906,#1907,#1908,#1909,#1910,#1911,#1912,#1913,#1914,#1915,#1916,
#1917,#1918,#1919,#1920,#1921,#1922,#1923,#1924,#1925,#1926,#1927,#1928,
#1929,#1930,#1931,#1932,#1933,#1934,#1935,#1936,#1937,#1938),
 .UNSPECIFIED.,.F.,.F.,(4,3,3,3,3,3,3,3,3,3,3,3,3,3,3,3,3,3,3,3,3,3,3,3,
3,3,3,3,3,4),(0.,0.0219557770065153,0.0445265066819554,0.0633380106405689,
0.0721586661316594,0.076975159762776,0.0808941560747472,0.102834266636808,
0.12460989431435,0.142212055323478,0.150287206613663,0.153891777488267,
0.157552837822313,0.178340022667678,0.195018538350863,0.21707788718372,
0.226606336925382,0.230437736103805,0.251111836756921,0.271747623017042,
0.285843816540409,0.296503190069871,0.300740160328971,0.320507288193773,
0.333253798398758,0.337722019560103,0.342459061675131,0.361458309622961,
0.371493329013712,0.378621596831357),.UNSPECIFIED.);
#146=B_SPLINE_CURVE_WITH_KNOTS('',3,(#1939,#1940,#1941,#1942,#1943,#1944,
#1945,#1946,#1947,#1948,#1949,#1950,#1951,#1952,#1953,#1954,#1955,#1956,
#1957,#1958,#1959,#1960,#1961,#1962,#1963,#1964,#1965,#1966,#1967,#1968,
#1969,#1970,#1971,#1972,#1973,#1974,#1975,#1976,#1977,#1978,#1979,#1980,
#1981,#1982,#1983,#1984,#1985,#1986,#1987,#1988,#1989,#1990,#1991,#1992,
#1993,#1994,#1995,#1996,#1997,#1998,#1999,#2000,#2001,#2002,#2003,#2004,
#2005,#2006,#2007,#2008,#2009,#2010,#2011,#2012,#2013,#2014,#2015,#2016,
#2017,#2018,#2019,#2020,#2021,#2022,#2023,#2024,#2025,#2026),
 .UNSPECIFIED.,.F.,.F.,(4,3,3,3,3,3,3,3,3,3,3,3,3,3,3,3,3,3,3,3,3,3,3,3,
3,3,3,3,3,4),(-0.376940817211848,-0.368274191910656,-0.345844905105794,
-0.335171873683783,-0.329289186002858,-0.324735499794036,-0.302470551048204,
-0.28654628246138,-0.281977784165693,-0.278333649182143,-0.256621557809514,
-0.235382426867208,-0.220305920738809,-0.207670177695903,-0.204244708077741,
-0.183673777797525,-0.175076402353611,-0.15319185205941,-0.143586266997065,
-0.137723253728736,-0.132493277074751,-0.112063636586629,-0.091679707434796,
-0.0716837325492773,-0.0671853306728624,-0.0637823080777809,-0.044184556864557,
-0.0249274589969063,-0.00629424311418303,0.),.UNSPECIFIED.);
#147=B_SPLINE_CURVE_WITH_KNOTS('',3,(#2027,#2028,#2029,#2030,#2031,#2032,
#2033,#2034,#2035,#2036,#2037,#2038,#2039,#2040,#2041,#2042,#2043,#2044,
#2045,#2046,#2047,#2048,#2049,#2050,#2051),.UNSPECIFIED.,.F.,.F.,(4,3,3,
3,3,3,3,3,4),(51.5753047126086,51.7832817694248,52.7694798720162,53.7556779746076,
54.741876077199,55.7280741797903,56.7142722823817,57.7004703849731,57.8584900197882),
 .UNSPECIFIED.);
#148=LINE('',#810,#192);
#149=LINE('',#855,#193);
#150=LINE('',#903,#194);
#151=LINE('',#954,#195);
#152=LINE('',#1005,#196);
#153=LINE('',#1053,#197);
#154=LINE('',#1086,#198);
#155=LINE('',#1104,#199);
#156=LINE('',#1129,#200);
#157=LINE('',#1154,#201);
#158=LINE('',#1178,#202);
#159=LINE('',#1203,#203);
#160=LINE('',#1228,#204);
#161=LINE('',#1243,#205);
#162=LINE('',#1245,#206);
#163=LINE('',#1247,#207);
#164=LINE('',#1248,#208);
#165=LINE('',#1251,#209);
#166=LINE('',#1253,#210);
#167=LINE('',#1255,#211);
#168=LINE('',#1259,#212);
#169=LINE('',#1261,#213);
#170=LINE('',#1262,#214);
#171=LINE('',#2055,#215);
#172=LINE('',#2060,#216);
#173=LINE('',#2063,#217);
#174=LINE('',#2065,#218);
#175=LINE('',#2069,#219);
#176=LINE('',#2070,#220);
#177=LINE('',#2072,#221);
#178=LINE('',#2074,#222);
#179=LINE('',#2078,#223);
#180=LINE('',#2082,#224);
#181=LINE('',#2084,#225);
#182=LINE('',#2086,#226);
#183=LINE('',#2087,#227);
#184=LINE('',#2091,#228);
#185=LINE('',#2092,#229);
#186=LINE('',#2095,#230);
#187=LINE('',#2096,#231);
#188=LINE('',#2099,#232);
#189=LINE('',#2100,#233);
#190=LINE('',#2102,#234);
#191=LINE('',#2110,#235);
#192=VECTOR('',#678,1.666);
#193=VECTOR('',#683,1.666);
#194=VECTOR('',#686,1.666);
#195=VECTOR('',#689,1.666);
#196=VECTOR('',#692,1.666);
#197=VECTOR('',#695,1.666);
#198=VECTOR('',#700,2.05475000000001);
#199=VECTOR('',#705,2.05475000000001);
#200=VECTOR('',#708,2.05475000000001);
#201=VECTOR('',#711,2.05475000000001);
#202=VECTOR('',#714,2.05475000000001);
#203=VECTOR('',#717,2.05475000000001);
#204=VECTOR('',#720,2.05475000000001);
#205=VECTOR('',#725,10.);
#206=VECTOR('',#726,10.);
#207=VECTOR('',#727,10.);
#208=VECTOR('',#728,10.);
#209=VECTOR('',#731,10.);
#210=VECTOR('',#732,10.);
#211=VECTOR('',#733,10.);
#212=VECTOR('',#736,10.);
#213=VECTOR('',#737,10.);
#214=VECTOR('',#738,10.);
#215=VECTOR('',#745,10.);
#216=VECTOR('',#752,10.);
#217=VECTOR('',#755,10.);
#218=VECTOR('',#756,10.);
#219=VECTOR('',#759,10.);
#220=VECTOR('',#760,10.);
#221=VECTOR('',#763,10.);
#222=VECTOR('',#766,10.);
#223=VECTOR('',#769,10.);
#224=VECTOR('',#774,10.);
#225=VECTOR('',#775,10.);
#226=VECTOR('',#776,10.);
#227=VECTOR('',#777,10.);
#228=VECTOR('',#782,10.);
#229=VECTOR('',#783,10.);
#230=VECTOR('',#786,10.);
#231=VECTOR('',#787,10.);
#232=VECTOR('',#790,10.);
#233=VECTOR('',#791,10.);
#234=VECTOR('',#794,10.);
#235=VECTOR('',#805,1.666);
#236=VERTEX_POINT('',#808);
#237=VERTEX_POINT('',#809);
#238=VERTEX_POINT('',#811);
#239=VERTEX_POINT('',#828);
#240=VERTEX_POINT('',#853);
#241=VERTEX_POINT('',#854);
#242=VERTEX_POINT('',#901);
#243=VERTEX_POINT('',#902);
#244=VERTEX_POINT('',#952);
#245=VERTEX_POINT('',#953);
#246=VERTEX_POINT('',#1003);
#247=VERTEX_POINT('',#1004);
#248=VERTEX_POINT('',#1051);
#249=VERTEX_POINT('',#1052);
#250=VERTEX_POINT('',#1054);
#251=VERTEX_POINT('',#1065);
#252=VERTEX_POINT('',#1084);
#253=VERTEX_POINT('',#1085);
#254=VERTEX_POINT('',#1087);
#255=VERTEX_POINT('',#1093);
#256=VERTEX_POINT('',#1102);
#257=VERTEX_POINT('',#1103);
#258=VERTEX_POINT('',#1127);
#259=VERTEX_POINT('',#1128);
#260=VERTEX_POINT('',#1152);
#261=VERTEX_POINT('',#1153);
#262=VERTEX_POINT('',#1176);
#263=VERTEX_POINT('',#1177);
#264=VERTEX_POINT('',#1201);
#265=VERTEX_POINT('',#1202);
#266=VERTEX_POINT('',#1226);
#267=VERTEX_POINT('',#1227);
#268=VERTEX_POINT('',#1229);
#269=VERTEX_POINT('',#1234);
#270=VERTEX_POINT('',#1241);
#271=VERTEX_POINT('',#1242);
#272=VERTEX_POINT('',#1244);
#273=VERTEX_POINT('',#1246);
#274=VERTEX_POINT('',#1250);
#275=VERTEX_POINT('',#1252);
#276=VERTEX_POINT('',#1254);
#277=VERTEX_POINT('',#1256);
#278=VERTEX_POINT('',#1258);
#279=VERTEX_POINT('',#1260);
#280=VERTEX_POINT('',#2053);
#281=VERTEX_POINT('',#2058);
#282=VERTEX_POINT('',#2062);
#283=VERTEX_POINT('',#2064);
#284=VERTEX_POINT('',#2066);
#285=VERTEX_POINT('',#2068);
#286=VERTEX_POINT('',#2075);
#287=VERTEX_POINT('',#2077);
#288=VERTEX_POINT('',#2081);
#289=VERTEX_POINT('',#2083);
#290=VERTEX_POINT('',#2085);
#291=VERTEX_POINT('',#2090);
#292=VERTEX_POINT('',#2094);
#293=VERTEX_POINT('',#2098);
#294=VERTEX_POINT('',#2104);
#295=VERTEX_POINT('',#2107);
#296=EDGE_CURVE('',#236,#237,#148,.T.);
#297=EDGE_CURVE('',#237,#238,#114,.T.);
#298=EDGE_CURVE('',#239,#238,#104,.F.);
#299=EDGE_CURVE('',#239,#236,#115,.T.);
#300=EDGE_CURVE('',#240,#241,#149,.T.);
#301=EDGE_CURVE('',#241,#237,#116,.T.);
#302=EDGE_CURVE('',#236,#240,#117,.T.);
#303=EDGE_CURVE('',#242,#243,#150,.T.);
#304=EDGE_CURVE('',#243,#241,#118,.T.);
#305=EDGE_CURVE('',#240,#242,#119,.T.);
#306=EDGE_CURVE('',#244,#245,#151,.T.);
#307=EDGE_CURVE('',#245,#243,#120,.T.);
#308=EDGE_CURVE('',#242,#244,#121,.T.);
#309=EDGE_CURVE('',#246,#247,#152,.T.);
#310=EDGE_CURVE('',#247,#245,#122,.T.);
#311=EDGE_CURVE('',#244,#246,#123,.T.);
#312=EDGE_CURVE('',#248,#249,#153,.T.);
#313=EDGE_CURVE('',#248,#250,#124,.T.);
#314=EDGE_CURVE('',#251,#250,#105,.T.);
#315=EDGE_CURVE('',#251,#249,#125,.T.);
#316=EDGE_CURVE('',#252,#253,#154,.T.);
#317=EDGE_CURVE('',#253,#254,#126,.T.);
#318=EDGE_CURVE('',#255,#254,#106,.F.);
#319=EDGE_CURVE('',#252,#255,#127,.T.);
#320=EDGE_CURVE('',#256,#257,#155,.T.);
#321=EDGE_CURVE('',#257,#253,#128,.T.);
#322=EDGE_CURVE('',#256,#252,#129,.T.);
#323=EDGE_CURVE('',#258,#259,#156,.T.);
#324=EDGE_CURVE('',#259,#257,#130,.T.);
#325=EDGE_CURVE('',#258,#256,#131,.T.);
#326=EDGE_CURVE('',#260,#261,#157,.T.);
#327=EDGE_CURVE('',#261,#259,#132,.T.);
#328=EDGE_CURVE('',#260,#258,#133,.T.);
#329=EDGE_CURVE('',#262,#263,#158,.T.);
#330=EDGE_CURVE('',#263,#261,#134,.T.);
#331=EDGE_CURVE('',#262,#260,#135,.T.);
#332=EDGE_CURVE('',#264,#265,#159,.T.);
#333=EDGE_CURVE('',#265,#263,#136,.T.);
#334=EDGE_CURVE('',#264,#262,#137,.T.);
#335=EDGE_CURVE('',#266,#267,#160,.T.);
#336=EDGE_CURVE('',#268,#266,#138,.T.);
#337=EDGE_CURVE('',#269,#268,#107,.T.);
#338=EDGE_CURVE('',#269,#267,#139,.T.);
#339=EDGE_CURVE('',#270,#271,#161,.T.);
#340=EDGE_CURVE('',#272,#270,#162,.T.);
#341=EDGE_CURVE('',#273,#272,#163,.T.);
#342=EDGE_CURVE('',#271,#273,#164,.T.);
#343=EDGE_CURVE('',#274,#271,#165,.F.);
#344=EDGE_CURVE('',#273,#275,#166,.T.);
#345=EDGE_CURVE('',#276,#275,#167,.T.);
#346=EDGE_CURVE('',#277,#276,#108,.T.);
#347=EDGE_CURVE('',#277,#278,#168,.T.);
#348=EDGE_CURVE('',#278,#279,#169,.T.);
#349=EDGE_CURVE('',#279,#274,#170,.T.);
#350=EDGE_CURVE('',#250,#269,#140,.T.);
#351=EDGE_CURVE('',#246,#248,#141,.T.);
#352=EDGE_CURVE('',#254,#239,#142,.F.);
#353=EDGE_CURVE('',#267,#265,#143,.T.);
#354=EDGE_CURVE('',#266,#264,#144,.T.);
#355=EDGE_CURVE('',#268,#251,#145,.T.);
#356=EDGE_CURVE('',#238,#255,#146,.F.);
#357=EDGE_CURVE('',#249,#247,#147,.T.);
#358=EDGE_CURVE('',#280,#274,#109,.T.);
#359=EDGE_CURVE('',#270,#280,#171,.F.);
#360=EDGE_CURVE('',#281,#279,#110,.T.);
#361=EDGE_CURVE('',#280,#281,#172,.T.);
#362=EDGE_CURVE('',#282,#281,#173,.T.);
#363=EDGE_CURVE('',#283,#282,#174,.T.);
#364=EDGE_CURVE('',#284,#283,#111,.T.);
#365=EDGE_CURVE('',#284,#285,#175,.T.);
#366=EDGE_CURVE('',#285,#272,#176,.T.);
#367=EDGE_CURVE('',#278,#282,#177,.T.);
#368=EDGE_CURVE('',#277,#283,#178,.T.);
#369=EDGE_CURVE('',#286,#276,#15,.F.);
#370=EDGE_CURVE('',#286,#287,#179,.T.);
#371=EDGE_CURVE('',#287,#284,#16,.T.);
#372=EDGE_CURVE('',#288,#275,#180,.T.);
#373=EDGE_CURVE('',#285,#289,#181,.T.);
#374=EDGE_CURVE('',#289,#290,#182,.T.);
#375=EDGE_CURVE('',#290,#288,#183,.T.);
#376=EDGE_CURVE('',#288,#291,#184,.T.);
#377=EDGE_CURVE('',#286,#291,#185,.T.);
#378=EDGE_CURVE('',#292,#287,#186,.T.);
#379=EDGE_CURVE('',#289,#292,#187,.T.);
#380=EDGE_CURVE('',#293,#291,#188,.T.);
#381=EDGE_CURVE('',#292,#293,#189,.T.);
#382=EDGE_CURVE('',#290,#293,#190,.T.);
#383=EDGE_CURVE('',#294,#294,#112,.T.);
#384=EDGE_CURVE('',#295,#295,#113,.T.);
#385=EDGE_CURVE('',#294,#295,#191,.T.);
#386=ORIENTED_EDGE('',*,*,#296,.T.);
#387=ORIENTED_EDGE('',*,*,#297,.T.);
#388=ORIENTED_EDGE('',*,*,#298,.F.);
#389=ORIENTED_EDGE('',*,*,#299,.T.);
#390=ORIENTED_EDGE('',*,*,#300,.T.);
#391=ORIENTED_EDGE('',*,*,#301,.T.);
#392=ORIENTED_EDGE('',*,*,#296,.F.);
#393=ORIENTED_EDGE('',*,*,#302,.T.);
#394=ORIENTED_EDGE('',*,*,#303,.T.);
#395=ORIENTED_EDGE('',*,*,#304,.T.);
#396=ORIENTED_EDGE('',*,*,#300,.F.);
#397=ORIENTED_EDGE('',*,*,#305,.T.);
#398=ORIENTED_EDGE('',*,*,#306,.T.);
#399=ORIENTED_EDGE('',*,*,#307,.T.);
#400=ORIENTED_EDGE('',*,*,#303,.F.);
#401=ORIENTED_EDGE('',*,*,#308,.T.);
#402=ORIENTED_EDGE('',*,*,#309,.T.);
#403=ORIENTED_EDGE('',*,*,#310,.T.);
#404=ORIENTED_EDGE('',*,*,#306,.F.);
#405=ORIENTED_EDGE('',*,*,#311,.T.);
#406=ORIENTED_EDGE('',*,*,#312,.F.);
#407=ORIENTED_EDGE('',*,*,#313,.T.);
#408=ORIENTED_EDGE('',*,*,#314,.F.);
#409=ORIENTED_EDGE('',*,*,#315,.T.);
#410=ORIENTED_EDGE('',*,*,#316,.T.);
#411=ORIENTED_EDGE('',*,*,#317,.T.);
#412=ORIENTED_EDGE('',*,*,#318,.F.);
#413=ORIENTED_EDGE('',*,*,#319,.F.);
#414=ORIENTED_EDGE('',*,*,#320,.T.);
#415=ORIENTED_EDGE('',*,*,#321,.T.);
#416=ORIENTED_EDGE('',*,*,#316,.F.);
#417=ORIENTED_EDGE('',*,*,#322,.F.);
#418=ORIENTED_EDGE('',*,*,#323,.T.);
#419=ORIENTED_EDGE('',*,*,#324,.T.);
#420=ORIENTED_EDGE('',*,*,#320,.F.);
#421=ORIENTED_EDGE('',*,*,#325,.F.);
#422=ORIENTED_EDGE('',*,*,#326,.T.);
#423=ORIENTED_EDGE('',*,*,#327,.T.);
#424=ORIENTED_EDGE('',*,*,#323,.F.);
#425=ORIENTED_EDGE('',*,*,#328,.F.);
#426=ORIENTED_EDGE('',*,*,#329,.T.);
#427=ORIENTED_EDGE('',*,*,#330,.T.);
#428=ORIENTED_EDGE('',*,*,#326,.F.);
#429=ORIENTED_EDGE('',*,*,#331,.F.);
#430=ORIENTED_EDGE('',*,*,#332,.T.);
#431=ORIENTED_EDGE('',*,*,#333,.T.);
#432=ORIENTED_EDGE('',*,*,#329,.F.);
#433=ORIENTED_EDGE('',*,*,#334,.F.);
#434=ORIENTED_EDGE('',*,*,#335,.F.);
#435=ORIENTED_EDGE('',*,*,#336,.F.);
#436=ORIENTED_EDGE('',*,*,#337,.F.);
#437=ORIENTED_EDGE('',*,*,#338,.T.);
#438=ORIENTED_EDGE('',*,*,#339,.F.);
#439=ORIENTED_EDGE('',*,*,#340,.F.);
#440=ORIENTED_EDGE('',*,*,#341,.F.);
#441=ORIENTED_EDGE('',*,*,#342,.F.);
#442=ORIENTED_EDGE('',*,*,#343,.T.);
#443=ORIENTED_EDGE('',*,*,#342,.T.);
#444=ORIENTED_EDGE('',*,*,#344,.T.);
#445=ORIENTED_EDGE('',*,*,#345,.F.);
#446=ORIENTED_EDGE('',*,*,#346,.F.);
#447=ORIENTED_EDGE('',*,*,#347,.T.);
#448=ORIENTED_EDGE('',*,*,#348,.T.);
#449=ORIENTED_EDGE('',*,*,#349,.T.);
#450=ORIENTED_EDGE('',*,*,#350,.F.);
#451=ORIENTED_EDGE('',*,*,#313,.F.);
#452=ORIENTED_EDGE('',*,*,#351,.F.);
#453=ORIENTED_EDGE('',*,*,#311,.F.);
#454=ORIENTED_EDGE('',*,*,#308,.F.);
#455=ORIENTED_EDGE('',*,*,#305,.F.);
#456=ORIENTED_EDGE('',*,*,#302,.F.);
#457=ORIENTED_EDGE('',*,*,#299,.F.);
#458=ORIENTED_EDGE('',*,*,#352,.F.);
#459=ORIENTED_EDGE('',*,*,#317,.F.);
#460=ORIENTED_EDGE('',*,*,#321,.F.);
#461=ORIENTED_EDGE('',*,*,#324,.F.);
#462=ORIENTED_EDGE('',*,*,#327,.F.);
#463=ORIENTED_EDGE('',*,*,#330,.F.);
#464=ORIENTED_EDGE('',*,*,#333,.F.);
#465=ORIENTED_EDGE('',*,*,#353,.F.);
#466=ORIENTED_EDGE('',*,*,#338,.F.);
#467=ORIENTED_EDGE('',*,*,#335,.T.);
#468=ORIENTED_EDGE('',*,*,#353,.T.);
#469=ORIENTED_EDGE('',*,*,#332,.F.);
#470=ORIENTED_EDGE('',*,*,#354,.F.);
#471=ORIENTED_EDGE('',*,*,#355,.F.);
#472=ORIENTED_EDGE('',*,*,#336,.T.);
#473=ORIENTED_EDGE('',*,*,#354,.T.);
#474=ORIENTED_EDGE('',*,*,#334,.T.);
#475=ORIENTED_EDGE('',*,*,#331,.T.);
#476=ORIENTED_EDGE('',*,*,#328,.T.);
#477=ORIENTED_EDGE('',*,*,#325,.T.);
#478=ORIENTED_EDGE('',*,*,#322,.T.);
#479=ORIENTED_EDGE('',*,*,#319,.T.);
#480=ORIENTED_EDGE('',*,*,#356,.F.);
#481=ORIENTED_EDGE('',*,*,#297,.F.);
#482=ORIENTED_EDGE('',*,*,#301,.F.);
#483=ORIENTED_EDGE('',*,*,#304,.F.);
#484=ORIENTED_EDGE('',*,*,#307,.F.);
#485=ORIENTED_EDGE('',*,*,#310,.F.);
#486=ORIENTED_EDGE('',*,*,#357,.F.);
#487=ORIENTED_EDGE('',*,*,#315,.F.);
#488=ORIENTED_EDGE('',*,*,#358,.F.);
#489=ORIENTED_EDGE('',*,*,#359,.F.);
#490=ORIENTED_EDGE('',*,*,#339,.T.);
#491=ORIENTED_EDGE('',*,*,#343,.F.);
#492=ORIENTED_EDGE('',*,*,#356,.T.);
#493=ORIENTED_EDGE('',*,*,#318,.T.);
#494=ORIENTED_EDGE('',*,*,#352,.T.);
#495=ORIENTED_EDGE('',*,*,#298,.T.);
#496=ORIENTED_EDGE('',*,*,#312,.T.);
#497=ORIENTED_EDGE('',*,*,#357,.T.);
#498=ORIENTED_EDGE('',*,*,#309,.F.);
#499=ORIENTED_EDGE('',*,*,#351,.T.);
#500=ORIENTED_EDGE('',*,*,#360,.F.);
#501=ORIENTED_EDGE('',*,*,#361,.F.);
#502=ORIENTED_EDGE('',*,*,#358,.T.);
#503=ORIENTED_EDGE('',*,*,#349,.F.);
#504=ORIENTED_EDGE('',*,*,#359,.T.);
#505=ORIENTED_EDGE('',*,*,#361,.T.);
#506=ORIENTED_EDGE('',*,*,#362,.F.);
#507=ORIENTED_EDGE('',*,*,#363,.F.);
#508=ORIENTED_EDGE('',*,*,#364,.F.);
#509=ORIENTED_EDGE('',*,*,#365,.T.);
#510=ORIENTED_EDGE('',*,*,#366,.T.);
#511=ORIENTED_EDGE('',*,*,#340,.T.);
#512=ORIENTED_EDGE('',*,*,#360,.T.);
#513=ORIENTED_EDGE('',*,*,#348,.F.);
#514=ORIENTED_EDGE('',*,*,#367,.T.);
#515=ORIENTED_EDGE('',*,*,#362,.T.);
#516=ORIENTED_EDGE('',*,*,#355,.T.);
#517=ORIENTED_EDGE('',*,*,#314,.T.);
#518=ORIENTED_EDGE('',*,*,#350,.T.);
#519=ORIENTED_EDGE('',*,*,#337,.T.);
#520=ORIENTED_EDGE('',*,*,#364,.T.);
#521=ORIENTED_EDGE('',*,*,#368,.F.);
#522=ORIENTED_EDGE('',*,*,#346,.T.);
#523=ORIENTED_EDGE('',*,*,#369,.F.);
#524=ORIENTED_EDGE('',*,*,#370,.T.);
#525=ORIENTED_EDGE('',*,*,#371,.T.);
#526=ORIENTED_EDGE('',*,*,#372,.T.);
#527=ORIENTED_EDGE('',*,*,#344,.F.);
#528=ORIENTED_EDGE('',*,*,#341,.T.);
#529=ORIENTED_EDGE('',*,*,#366,.F.);
#530=ORIENTED_EDGE('',*,*,#373,.T.);
#531=ORIENTED_EDGE('',*,*,#374,.T.);
#532=ORIENTED_EDGE('',*,*,#375,.T.);
#533=ORIENTED_EDGE('',*,*,#347,.F.);
#534=ORIENTED_EDGE('',*,*,#368,.T.);
#535=ORIENTED_EDGE('',*,*,#363,.T.);
#536=ORIENTED_EDGE('',*,*,#367,.F.);
#537=ORIENTED_EDGE('',*,*,#372,.F.);
#538=ORIENTED_EDGE('',*,*,#376,.T.);
#539=ORIENTED_EDGE('',*,*,#377,.F.);
#540=ORIENTED_EDGE('',*,*,#369,.T.);
#541=ORIENTED_EDGE('',*,*,#345,.T.);
#542=ORIENTED_EDGE('',*,*,#373,.F.);
#543=ORIENTED_EDGE('',*,*,#365,.F.);
#544=ORIENTED_EDGE('',*,*,#371,.F.);
#545=ORIENTED_EDGE('',*,*,#378,.F.);
#546=ORIENTED_EDGE('',*,*,#379,.F.);
#547=ORIENTED_EDGE('',*,*,#380,.F.);
#548=ORIENTED_EDGE('',*,*,#381,.F.);
#549=ORIENTED_EDGE('',*,*,#378,.T.);
#550=ORIENTED_EDGE('',*,*,#370,.F.);
#551=ORIENTED_EDGE('',*,*,#377,.T.);
#552=ORIENTED_EDGE('',*,*,#375,.F.);
#553=ORIENTED_EDGE('',*,*,#382,.T.);
#554=ORIENTED_EDGE('',*,*,#380,.T.);
#555=ORIENTED_EDGE('',*,*,#376,.F.);
#556=ORIENTED_EDGE('',*,*,#379,.T.);
#557=ORIENTED_EDGE('',*,*,#381,.T.);
#558=ORIENTED_EDGE('',*,*,#382,.F.);
#559=ORIENTED_EDGE('',*,*,#374,.F.);
#560=ORIENTED_EDGE('',*,*,#383,.T.);
#561=ORIENTED_EDGE('',*,*,#384,.F.);
#562=ORIENTED_EDGE('',*,*,#383,.F.);
#563=ORIENTED_EDGE('',*,*,#385,.T.);
#564=ORIENTED_EDGE('',*,*,#384,.T.);
#565=ORIENTED_EDGE('',*,*,#385,.F.);
#566=CYLINDRICAL_SURFACE('',#631,1.666);
#567=CYLINDRICAL_SURFACE('',#633,1.666);
#568=CYLINDRICAL_SURFACE('',#634,1.666);
#569=CYLINDRICAL_SURFACE('',#635,1.666);
#570=CYLINDRICAL_SURFACE('',#636,1.666);
#571=CYLINDRICAL_SURFACE('',#637,1.666);
#572=CYLINDRICAL_SURFACE('',#639,2.05475000000001);
#573=CYLINDRICAL_SURFACE('',#641,2.05475000000001);
#574=CYLINDRICAL_SURFACE('',#642,2.05475000000001);
#575=CYLINDRICAL_SURFACE('',#643,2.05475000000001);
#576=CYLINDRICAL_SURFACE('',#644,2.05475000000001);
#577=CYLINDRICAL_SURFACE('',#645,2.05475000000001);
#578=CYLINDRICAL_SURFACE('',#646,2.05475000000001);
#579=CYLINDRICAL_SURFACE('',#651,2.05475000000001);
#580=CYLINDRICAL_SURFACE('',#654,1.666);
#581=CYLINDRICAL_SURFACE('',#655,82.28);
#582=CYLINDRICAL_SURFACE('',#660,9999.);
#583=CYLINDRICAL_SURFACE('',#673,1.666);
#584=ADVANCED_FACE('',(#35),#566,.F.);
#585=ADVANCED_FACE('',(#36),#567,.F.);
#586=ADVANCED_FACE('',(#37),#568,.F.);
#587=ADVANCED_FACE('',(#38),#569,.F.);
#588=ADVANCED_FACE('',(#39),#570,.F.);
#589=ADVANCED_FACE('',(#40),#571,.F.);
#590=ADVANCED_FACE('',(#41),#572,.F.);
#591=ADVANCED_FACE('',(#42),#573,.F.);
#592=ADVANCED_FACE('',(#43),#574,.F.);
#593=ADVANCED_FACE('',(#44),#575,.F.);
#594=ADVANCED_FACE('',(#45),#576,.F.);
#595=ADVANCED_FACE('',(#46),#577,.F.);
#596=ADVANCED_FACE('',(#47),#578,.F.);
#597=ADVANCED_FACE('',(#48),#22,.F.);
#598=ADVANCED_FACE('',(#49),#23,.T.);
#599=ADVANCED_FACE('',(#50),#20,.F.);
#600=ADVANCED_FACE('',(#51),#579,.F.);
#601=ADVANCED_FACE('',(#52),#21,.F.);
#602=ADVANCED_FACE('',(#53,#17),#24,.T.);
#603=ADVANCED_FACE('',(#54),#580,.F.);
#604=ADVANCED_FACE('',(#55),#581,.F.);
#605=ADVANCED_FACE('',(#56),#25,.T.);
#606=ADVANCED_FACE('',(#57,#18),#26,.T.);
#607=ADVANCED_FACE('',(#58),#582,.F.);
#608=ADVANCED_FACE('',(#59),#27,.T.);
#609=ADVANCED_FACE('',(#60),#28,.T.);
#610=ADVANCED_FACE('',(#61),#29,.T.);
#611=ADVANCED_FACE('',(#62),#30,.T.);
#612=ADVANCED_FACE('',(#63),#31,.F.);
#613=ADVANCED_FACE('',(#64),#32,.F.);
#614=ADVANCED_FACE('',(#65,#19),#33,.T.);
#615=ADVANCED_FACE('',(#66),#34,.F.);
#616=ADVANCED_FACE('',(#67),#583,.F.);
#617=CLOSED_SHELL('',(#584,#585,#586,#587,#588,#589,#590,#591,#592,#593,
#594,#595,#596,#597,#598,#599,#600,#601,#602,#603,#604,#605,#606,#607,#608,
#609,#610,#611,#612,#613,#614,#615,#616));
#618=DERIVED_UNIT_ELEMENT(#620,1.);
#619=DERIVED_UNIT_ELEMENT(#2116,-3.);
#620=(
MASS_UNIT()
NAMED_UNIT(*)
SI_UNIT(.KILO.,.GRAM.)
);
#621=DERIVED_UNIT((#618,#619));
#622=MEASURE_REPRESENTATION_ITEM('density measure',
POSITIVE_RATIO_MEASURE(7850.),#621);
#623=PROPERTY_DEFINITION_REPRESENTATION(#628,#625);
#624=PROPERTY_DEFINITION_REPRESENTATION(#629,#626);
#625=REPRESENTATION('material name',(#627),#2113);
#626=REPRESENTATION('density',(#622),#2113);
#627=DESCRIPTIVE_REPRESENTATION_ITEM('Steel','Steel');
#628=PROPERTY_DEFINITION('material property','material name',#2123);
#629=PROPERTY_DEFINITION('material property','density of part',#2123);
#630=AXIS2_PLACEMENT_3D('',#806,#674,#675);
#631=AXIS2_PLACEMENT_3D('',#807,#676,#677);
#632=AXIS2_PLACEMENT_3D('',#829,#679,#680);
#633=AXIS2_PLACEMENT_3D('',#852,#681,#682);
#634=AXIS2_PLACEMENT_3D('',#900,#684,#685);
#635=AXIS2_PLACEMENT_3D('',#951,#687,#688);
#636=AXIS2_PLACEMENT_3D('',#1002,#690,#691);
#637=AXIS2_PLACEMENT_3D('',#1050,#693,#694);
#638=AXIS2_PLACEMENT_3D('',#1066,#696,#697);
#639=AXIS2_PLACEMENT_3D('',#1083,#698,#699);
#640=AXIS2_PLACEMENT_3D('',#1094,#701,#702);
#641=AXIS2_PLACEMENT_3D('',#1101,#703,#704);
#642=AXIS2_PLACEMENT_3D('',#1126,#706,#707);
#643=AXIS2_PLACEMENT_3D('',#1151,#709,#710);
#644=AXIS2_PLACEMENT_3D('',#1175,#712,#713);
#645=AXIS2_PLACEMENT_3D('',#1200,#715,#716);
#646=AXIS2_PLACEMENT_3D('',#1225,#718,#719);
#647=AXIS2_PLACEMENT_3D('',#1235,#721,#722);
#648=AXIS2_PLACEMENT_3D('',#1240,#723,#724);
#649=AXIS2_PLACEMENT_3D('',#1249,#729,#730);
#650=AXIS2_PLACEMENT_3D('',#1257,#734,#735);
#651=AXIS2_PLACEMENT_3D('',#1656,#739,#740);
#652=AXIS2_PLACEMENT_3D('',#2052,#741,#742);
#653=AXIS2_PLACEMENT_3D('',#2054,#743,#744);
#654=AXIS2_PLACEMENT_3D('',#2056,#746,#747);
#655=AXIS2_PLACEMENT_3D('',#2057,#748,#749);
#656=AXIS2_PLACEMENT_3D('',#2059,#750,#751);
#657=AXIS2_PLACEMENT_3D('',#2061,#753,#754);
#658=AXIS2_PLACEMENT_3D('',#2067,#757,#758);
#659=AXIS2_PLACEMENT_3D('',#2071,#761,#762);
#660=AXIS2_PLACEMENT_3D('',#2073,#764,#765);
#661=AXIS2_PLACEMENT_3D('',#2076,#767,#768);
#662=AXIS2_PLACEMENT_3D('',#2079,#770,#771);
#663=AXIS2_PLACEMENT_3D('',#2080,#772,#773);
#664=AXIS2_PLACEMENT_3D('',#2088,#778,#779);
#665=AXIS2_PLACEMENT_3D('',#2089,#780,#781);
#666=AXIS2_PLACEMENT_3D('',#2093,#784,#785);
#667=AXIS2_PLACEMENT_3D('',#2097,#788,#789);
#668=AXIS2_PLACEMENT_3D('',#2101,#792,#793);
#669=AXIS2_PLACEMENT_3D('',#2103,#795,#796);
#670=AXIS2_PLACEMENT_3D('',#2105,#797,#798);
#671=AXIS2_PLACEMENT_3D('',#2106,#799,#800);
#672=AXIS2_PLACEMENT_3D('',#2108,#801,#802);
#673=AXIS2_PLACEMENT_3D('',#2109,#803,#804);
#674=DIRECTION('axis',(0.,0.,1.));
#675=DIRECTION('refdir',(1.,0.,0.));
#676=DIRECTION('center_axis',(0.,0.,-1.));
#677=DIRECTION('ref_axis',(1.,0.,0.));
#678=DIRECTION('',(0.,0.,-1.));
#679=DIRECTION('center_axis',(0.,0.,-1.));
#680=DIRECTION('ref_axis',(1.,0.,0.));
#681=DIRECTION('center_axis',(0.,0.,-1.));
#682=DIRECTION('ref_axis',(1.,0.,0.));
#683=DIRECTION('',(0.,0.,-1.));
#684=DIRECTION('center_axis',(0.,0.,-1.));
#685=DIRECTION('ref_axis',(1.,0.,0.));
#686=DIRECTION('',(0.,0.,-1.));
#687=DIRECTION('center_axis',(0.,0.,-1.));
#688=DIRECTION('ref_axis',(1.,0.,0.));
#689=DIRECTION('',(0.,0.,-1.));
#690=DIRECTION('center_axis',(0.,0.,-1.));
#691=DIRECTION('ref_axis',(1.,0.,0.));
#692=DIRECTION('',(0.,0.,-1.));
#693=DIRECTION('center_axis',(0.,0.,-1.));
#694=DIRECTION('ref_axis',(0.695571481332655,-0.718456898050743,0.));
#695=DIRECTION('',(0.,0.,-1.));
#696=DIRECTION('center_axis',(0.,0.,-1.));
#697=DIRECTION('ref_axis',(1.,0.,0.));
#698=DIRECTION('center_axis',(0.,0.,-1.));
#699=DIRECTION('ref_axis',(-0.417819684527085,0.908529972660059,0.));
#700=DIRECTION('',(1.22464679914735E-16,-8.48477627655646E-30,-1.));
#701=DIRECTION('center_axis',(0.,0.,-1.));
#702=DIRECTION('ref_axis',(1.,-6.91609914354639E-14,0.));
#703=DIRECTION('center_axis',(0.,0.,-1.));
#704=DIRECTION('ref_axis',(1.,-6.91609914354639E-14,0.));
#705=DIRECTION('',(1.22464679914735E-16,-8.48477627655646E-30,-1.));
#706=DIRECTION('center_axis',(0.,0.,-1.));
#707=DIRECTION('ref_axis',(1.,-6.91609914354639E-14,0.));
#708=DIRECTION('',(1.22464679914735E-16,-8.48477627655646E-30,-1.));
#709=DIRECTION('center_axis',(0.,0.,-1.));
#710=DIRECTION('ref_axis',(1.,-6.91609914354639E-14,0.));
#711=DIRECTION('',(1.22464679914735E-16,-8.48477627655646E-30,-1.));
#712=DIRECTION('center_axis',(0.,0.,-1.));
#713=DIRECTION('ref_axis',(1.,-6.91609914354639E-14,0.));
#714=DIRECTION('',(1.22464679914735E-16,-8.48477627655646E-30,-1.));
#715=DIRECTION('center_axis',(0.,0.,-1.));
#716=DIRECTION('ref_axis',(1.,-6.91609914354639E-14,0.));
#717=DIRECTION('',(1.22464679914735E-16,-8.48477627655646E-30,-1.));
#718=DIRECTION('center_axis',(0.,0.,-1.));
#719=DIRECTION('ref_axis',(-0.893030889055374,-0.449995367968347,0.));
#720=DIRECTION('',(1.22464679914735E-16,-8.48477627655646E-30,-1.));
#721=DIRECTION('center_axis',(0.,0.,-1.));
#722=DIRECTION('ref_axis',(1.,-6.91609914354639E-14,0.));
#723=DIRECTION('center_axis',(0.999992205139756,0.00394837431453964,0.));
#724=DIRECTION('ref_axis',(0.,0.,-1.));
#725=DIRECTION('',(0.00394837431453964,-0.999992205139756,0.));
#726=DIRECTION('',(0.,0.,1.));
#727=DIRECTION('',(-0.00394837431454235,0.999992205139756,0.));
#728=DIRECTION('',(0.,0.,-1.));
#729=DIRECTION('center_axis',(0.00394837431454202,-0.999992205139756,0.));
#730=DIRECTION('ref_axis',(0.,0.,-1.));
#731=DIRECTION('',(-0.999992205139756,-0.00394837431454202,0.));
#732=DIRECTION('',(-0.999992205139756,-0.00394837431454202,0.));
#733=DIRECTION('',(0.,0.,1.));
#734=DIRECTION('center_axis',(0.00394837431454202,-0.999992205139756,0.));
#735=DIRECTION('ref_axis',(-0.364769448370641,-0.00144025754728272,0.931096759307847));
#736=DIRECTION('',(0.,0.,1.));
#737=DIRECTION('',(-0.999992205139756,-0.00394837431454249,0.));
#738=DIRECTION('',(-2.20881053461883E-29,-8.83524213847533E-29,-1.));
#739=DIRECTION('center_axis',(0.,0.,-1.));
#740=DIRECTION('ref_axis',(1.,-6.91609914354639E-14,0.));
#741=DIRECTION('center_axis',(0.,0.,-1.));
#742=DIRECTION('ref_axis',(0.00394837431454235,-0.999992205139756,0.));
#743=DIRECTION('center_axis',(0.,0.,-1.));
#744=DIRECTION('ref_axis',(-1.04384040700886E-29,1.,-8.83524213847533E-29));
#745=DIRECTION('',(0.999992205139756,0.00394837431454202,0.));
#746=DIRECTION('center_axis',(0.,0.,-1.));
#747=DIRECTION('ref_axis',(1.,0.,0.));
#748=DIRECTION('center_axis',(-2.20881053461883E-29,-8.83524213847533E-29,
-1.));
#749=DIRECTION('ref_axis',(-1.04384040700886E-29,1.,-8.83524213847533E-29));
#750=DIRECTION('center_axis',(0.,0.,-1.));
#751=DIRECTION('ref_axis',(-1.04384040700886E-29,1.,-8.83524213847533E-29));
#752=DIRECTION('',(2.20881053461883E-29,8.83524213847533E-29,1.));
#753=DIRECTION('center_axis',(-0.00394837431454202,0.999992205139756,0.));
#754=DIRECTION('ref_axis',(0.,0.,1.));
#755=DIRECTION('',(-0.999992205139756,-0.00394837431454202,0.));
#756=DIRECTION('',(0.,0.,1.));
#757=DIRECTION('center_axis',(-0.00394837431454202,0.999992205139756,0.));
#758=DIRECTION('ref_axis',(-0.364769448370641,-0.00144025754728272,0.931096759307847));
#759=DIRECTION('',(0.,0.,1.));
#760=DIRECTION('',(0.999992205139756,0.00394837431454202,0.));
#761=DIRECTION('center_axis',(0.,0.,1.));
#762=DIRECTION('ref_axis',(1.,0.,0.));
#763=DIRECTION('',(-0.00394837431454202,0.999992205139756,0.));
#764=DIRECTION('center_axis',(-0.00394837431454276,0.999992205139756,-1.61293392962742E-16));
#765=DIRECTION('ref_axis',(-0.364769448370641,-0.00144025754728272,0.931096759307847));
#766=DIRECTION('',(-0.00394837431454235,0.999992205139756,0.));
#767=DIRECTION('center_axis',(0.,-1.,0.));
#768=DIRECTION('ref_axis',(-1.,0.,-4.79285372992864E-12));
#769=DIRECTION('',(-0.00394837431454235,0.999992205139756,0.));
#770=DIRECTION('center_axis',(0.,1.,0.));
#771=DIRECTION('ref_axis',(-1.,0.,-4.79285372992864E-12));
#772=DIRECTION('center_axis',(0.,0.,1.));
#773=DIRECTION('ref_axis',(1.,0.,0.));
#774=DIRECTION('',(1.,0.,0.));
#775=DIRECTION('',(-1.,0.,0.));
#776=DIRECTION('',(0.,-1.,0.));
#777=DIRECTION('',(1.,0.,0.));
#778=DIRECTION('center_axis',(0.999992205139756,0.00394837431454202,0.));
#779=DIRECTION('ref_axis',(0.,0.,-1.));
#780=DIRECTION('center_axis',(0.,-1.,0.));
#781=DIRECTION('ref_axis',(-1.,0.,0.));
#782=DIRECTION('',(0.,0.,-1.));
#783=DIRECTION('',(-1.,0.,0.));
#784=DIRECTION('center_axis',(0.,1.,0.));
#785=DIRECTION('ref_axis',(1.,0.,0.));
#786=DIRECTION('',(1.,0.,0.));
#787=DIRECTION('',(0.,0.,-1.));
#788=DIRECTION('center_axis',(0.,0.,1.));
#789=DIRECTION('ref_axis',(-1.,0.,0.));
#790=DIRECTION('',(1.,0.,0.));
#791=DIRECTION('',(0.,-1.,0.));
#792=DIRECTION('center_axis',(0.,1.,0.));
#793=DIRECTION('ref_axis',(1.,0.,0.));
#794=DIRECTION('',(0.,0.,-1.));
#795=DIRECTION('center_axis',(-1.,0.,0.));
#796=DIRECTION('ref_axis',(0.,0.,-1.));
#797=DIRECTION('center_axis',(1.,0.,0.));
#798=DIRECTION('ref_axis',(2.44929359829471E-16,-1.,0.));
#799=DIRECTION('center_axis',(1.,2.44929359829471E-16,0.));
#800=DIRECTION('ref_axis',(2.44929359829471E-16,-1.,0.));
#801=DIRECTION('center_axis',(1.,2.44929359829471E-16,0.));
#802=DIRECTION('ref_axis',(2.44929359829471E-16,-1.,0.));
#803=DIRECTION('center_axis',(1.,2.44929359829471E-16,0.));
#804=DIRECTION('ref_axis',(2.44929359829471E-16,-1.,0.));
#805=DIRECTION('',(1.,2.44929359829471E-16,0.));
#806=CARTESIAN_POINT('',(0.,0.,0.));
#807=CARTESIAN_POINT('Origin',(41.5474360481644,-365.251381407302,311.571));
#808=CARTESIAN_POINT('',(39.8799627323948,-365.250158240274,311.742480363391));
#809=CARTESIAN_POINT('',(39.8829608478699,-365.250224284259,311.54951963661));
#810=CARTESIAN_POINT('',(39.8814360481644,-365.251381407302,311.571));
#811=CARTESIAN_POINT('',(42.222513233835,-366.774479169557,311.071));
#812=CARTESIAN_POINT('Ctrl Pts',(39.8829608478699,-365.250224284259,311.54951963661));
#813=CARTESIAN_POINT('Ctrl Pts',(39.88175376026,-365.055143450012,311.536507507109));
#814=CARTESIAN_POINT('Ctrl Pts',(39.9135168588958,-364.860448930391,311.523495377608));
#815=CARTESIAN_POINT('Ctrl Pts',(39.9800126951452,-364.678463223283,311.510483248107));
#816=CARTESIAN_POINT('Ctrl Pts',(40.1671701604034,-364.166250946897,311.473859644098));
#817=CARTESIAN_POINT('Ctrl Pts',(40.6294743969015,-363.754715696554,311.437236040089));
#818=CARTESIAN_POINT('Ctrl Pts',(41.1600227383515,-363.628037422521,311.40061243608));
#819=CARTESIAN_POINT('Ctrl Pts',(41.6905710798014,-363.501359148488,311.363988832071));
#820=CARTESIAN_POINT('Ctrl Pts',(42.2893635262031,-363.659537850764,311.327365228062));
#821=CARTESIAN_POINT('Ctrl Pts',(42.6874099810649,-364.032100166305,311.290741624053));
#822=CARTESIAN_POINT('Ctrl Pts',(43.0854564359267,-364.404662481846,311.254118020045));
#823=CARTESIAN_POINT('Ctrl Pts',(43.2827568992485,-364.991608410653,311.217494416035));
#824=CARTESIAN_POINT('Ctrl Pts',(43.1921941089921,-365.528582595947,311.180870812027));
#825=CARTESIAN_POINT('Ctrl Pts',(43.1016313187357,-366.06555678124,311.144247208018));
#826=CARTESIAN_POINT('Ctrl Pts',(42.7232052749013,-366.55255922302,311.107623604009));
#827=CARTESIAN_POINT('Ctrl Pts',(42.2225132338358,-366.774479169557,311.071));
#828=CARTESIAN_POINT('',(39.9357265260208,-365.673220732439,311.071));
#829=CARTESIAN_POINT('Origin',(41.5474360481644,-365.251381407302,311.071));
#830=CARTESIAN_POINT('Ctrl Pts',(39.9327065554174,-365.673886820966,311.071));
#831=CARTESIAN_POINT('Ctrl Pts',(40.0664470616262,-366.178445469416,311.106055839644));
#832=CARTESIAN_POINT('Ctrl Pts',(40.4560819992705,-366.617791561193,311.141111679288));
#833=CARTESIAN_POINT('Ctrl Pts',(40.9427384992105,-366.806912413858,311.176167518933));
#834=CARTESIAN_POINT('Ctrl Pts',(41.4511592109392,-367.004491113674,311.212791122941));
#835=CARTESIAN_POINT('Ctrl Pts',(42.0654735135177,-366.928963006469,311.24941472695));
#836=CARTESIAN_POINT('Ctrl Pts',(42.5107478423799,-366.614129441742,311.286038330959));
#837=CARTESIAN_POINT('Ctrl Pts',(42.9560221712421,-366.299295877016,311.322661934968));
#838=CARTESIAN_POINT('Ctrl Pts',(43.2322565263881,-365.745156854768,311.359285538977));
#839=CARTESIAN_POINT('Ctrl Pts',(43.2154993693044,-365.200042156778,311.395909142986));
#840=CARTESIAN_POINT('Ctrl Pts',(43.1987422122206,-364.654927458788,311.432532746995));
#841=CARTESIAN_POINT('Ctrl Pts',(42.8889935429072,-364.118837085055,311.469156351004));
#842=CARTESIAN_POINT('Ctrl Pts',(42.4251377502189,-363.832005154739,311.505779955013));
#843=CARTESIAN_POINT('Ctrl Pts',(41.9612819575307,-363.545173224423,311.542403559021));
#844=CARTESIAN_POINT('Ctrl Pts',(41.3433190414677,-363.507599737522,311.57902716303));
#845=CARTESIAN_POINT('Ctrl Pts',(40.8481464855901,-363.736123592339,311.615650767039));
#846=CARTESIAN_POINT('Ctrl Pts',(40.3529739297125,-363.964647447156,311.652274371048));
#847=CARTESIAN_POINT('Ctrl Pts',(39.9805917340204,-364.459268643691,311.688897975057));
#848=CARTESIAN_POINT('Ctrl Pts',(39.897893182425,-364.998328602555,311.725521579066));
#849=CARTESIAN_POINT('Ctrl Pts',(39.8851284920164,-365.081533608614,311.731174507174));
#850=CARTESIAN_POINT('Ctrl Pts',(39.8792653850095,-365.165797348332,311.736827435282));
#851=CARTESIAN_POINT('Ctrl Pts',(39.8799627323948,-365.250158240274,311.742480363391));
#852=CARTESIAN_POINT('Origin',(41.5474360481644,-365.251381407302,311.571));
#853=CARTESIAN_POINT('',(39.8837631302112,-365.251599513861,312.442480363391));
#854=CARTESIAN_POINT('',(39.8818316942237,-365.252787209779,312.24951963661));
#855=CARTESIAN_POINT('',(39.8814360481644,-365.251381407302,311.571));
#856=CARTESIAN_POINT('Ctrl Pts',(39.8818316942237,-365.252787209779,312.24951963661));
#857=CARTESIAN_POINT('Ctrl Pts',(39.8851670139681,-364.85462047465,312.222915797829));
#858=CARTESIAN_POINT('Ctrl Pts',(40.0286818678409,-364.454293332077,312.196311959048));
#859=CARTESIAN_POINT('Ctrl Pts',(40.2888260200493,-364.155515579995,312.169708120267));
#860=CARTESIAN_POINT('Ctrl Pts',(40.6469478871268,-363.744209596338,312.133084516258));
#861=CARTESIAN_POINT('Ctrl Pts',(41.2260946565011,-363.525350488653,312.096460912249));
#862=CARTESIAN_POINT('Ctrl Pts',(41.7667325622204,-363.597014802053,312.05983730824));
#863=CARTESIAN_POINT('Ctrl Pts',(42.3073704679396,-363.668679115452,312.023213704231));
#864=CARTESIAN_POINT('Ctrl Pts',(42.8094995100038,-364.030866849935,311.986590100222));
#865=CARTESIAN_POINT('Ctrl Pts',(43.0480921409676,-364.521273011655,311.949966496214));
#866=CARTESIAN_POINT('Ctrl Pts',(43.2866847719313,-365.011679173375,311.913342892205));
#867=CARTESIAN_POINT('Ctrl Pts',(43.2617409917946,-365.630303762331,311.876719288196));
#868=CARTESIAN_POINT('Ctrl Pts',(42.9844511098714,-366.099909224754,311.840095684187));
#869=CARTESIAN_POINT('Ctrl Pts',(42.7071612279481,-366.569514687176,311.803472080178));
#870=CARTESIAN_POINT('Ctrl Pts',(42.1775252442382,-366.890101023064,311.766848476169));
#871=CARTESIAN_POINT('Ctrl Pts',(41.6328646826037,-366.918021981937,311.73022487216));
#872=CARTESIAN_POINT('Ctrl Pts',(41.0882041209692,-366.945942940811,311.693601268151));
#873=CARTESIAN_POINT('Ctrl Pts',(40.5285189814101,-366.68119852267,311.656977664142));
#874=CARTESIAN_POINT('Ctrl Pts',(40.2046817586396,-366.242381662385,311.620354060133));
#875=CARTESIAN_POINT('Ctrl Pts',(39.9959018054635,-365.959473592833,311.596742585626));
#876=CARTESIAN_POINT('Ctrl Pts',(39.8851511979067,-365.604212933416,311.573131111118));
#877=CARTESIAN_POINT('Ctrl Pts',(39.8829608478699,-365.250224284259,311.54951963661));
#878=CARTESIAN_POINT('Ctrl Pts',(39.8799627323948,-365.250158240274,311.742480363391));
#879=CARTESIAN_POINT('Ctrl Pts',(39.8837832868837,-365.712345940707,311.773451039291));
#880=CARTESIAN_POINT('Ctrl Pts',(40.0845231774966,-366.17744977321,311.804421715192));
#881=CARTESIAN_POINT('Ctrl Pts',(40.4260840246449,-366.487338477052,311.835392391093));
#882=CARTESIAN_POINT('Ctrl Pts',(40.829988325959,-366.853789671489,311.872015995102));
#883=CARTESIAN_POINT('Ctrl Pts',(41.430811836086,-367.003193339167,311.90863959911));
#884=CARTESIAN_POINT('Ctrl Pts',(41.9593073668216,-366.868596155652,311.945263203119));
#885=CARTESIAN_POINT('Ctrl Pts',(42.4878028975571,-366.733998972137,311.981886807128));
#886=CARTESIAN_POINT('Ctrl Pts',(42.9439704489013,-366.315400937429,312.018510411137));
#887=CARTESIAN_POINT('Ctrl Pts',(43.1233836204188,-365.800390812834,312.055134015146));
#888=CARTESIAN_POINT('Ctrl Pts',(43.3027967919363,-365.28538068824,312.091757619155));
#889=CARTESIAN_POINT('Ctrl Pts',(43.205455583627,-364.67395847376,312.128381223164));
#890=CARTESIAN_POINT('Ctrl Pts',(42.8749827313639,-364.240124205424,312.165004827173));
#891=CARTESIAN_POINT('Ctrl Pts',(42.5445098791008,-363.806289937088,312.201628431182));
#892=CARTESIAN_POINT('Ctrl Pts',(41.9809053828839,-363.550043614897,312.238252035191));
#893=CARTESIAN_POINT('Ctrl Pts',(41.4367401912437,-363.586218360722,312.2748756392));
#894=CARTESIAN_POINT('Ctrl Pts',(40.8925749996036,-363.622393106548,312.311499243208));
#895=CARTESIAN_POINT('Ctrl Pts',(40.3678491125401,-363.950988920391,312.348122847217));
#896=CARTESIAN_POINT('Ctrl Pts',(40.0977110346892,-364.424750302722,312.384746451226));
#897=CARTESIAN_POINT('Ctrl Pts',(39.9557613414884,-364.673698112699,312.403991088614));
#898=CARTESIAN_POINT('Ctrl Pts',(39.8841083436878,-364.962728987855,312.423235726002));
#899=CARTESIAN_POINT('Ctrl Pts',(39.8837631302112,-365.251599513861,312.442480363391));
#900=CARTESIAN_POINT('Origin',(41.5474360481644,-365.251381407302,311.571));
#901=CARTESIAN_POINT('',(39.8792800631608,-365.252295818693,313.142480363391));
#902=CARTESIAN_POINT('',(39.8792119345442,-365.250510347298,312.94951963661));
#903=CARTESIAN_POINT('',(39.8814360481644,-365.251381407302,311.571));
#904=CARTESIAN_POINT('Ctrl Pts',(39.8792119345442,-365.250510347298,312.94951963661));
#905=CARTESIAN_POINT('Ctrl Pts',(39.8788699403934,-365.197267917899,312.945947692558));
#906=CARTESIAN_POINT('Ctrl Pts',(39.881203301127,-365.144055821148,312.942375748506));
#907=CARTESIAN_POINT('Ctrl Pts',(39.8863115227551,-365.091111450732,312.938803804454));
#908=CARTESIAN_POINT('Ctrl Pts',(39.9386867793004,-364.548265978265,312.902180200445));
#909=CARTESIAN_POINT('Ctrl Pts',(40.2827738915285,-364.033565681007,312.865556596436));
#910=CARTESIAN_POINT('Ctrl Pts',(40.7643751549423,-363.777666107821,312.828932992427));
#911=CARTESIAN_POINT('Ctrl Pts',(41.2459764183562,-363.521766534636,312.792309388418));
#912=CARTESIAN_POINT('Ctrl Pts',(41.8650918329557,-363.524667685524,312.755685784409));
#913=CARTESIAN_POINT('Ctrl Pts',(42.3442737468949,-363.785069433459,312.7190621804));
#914=CARTESIAN_POINT('Ctrl Pts',(42.8234556608341,-364.045471181395,312.682438576391));
#915=CARTESIAN_POINT('Ctrl Pts',(43.162704074113,-364.563373526377,312.645814972382));
#916=CARTESIAN_POINT('Ctrl Pts',(43.2099896355993,-365.106686015074,312.609191368374));
#917=CARTESIAN_POINT('Ctrl Pts',(43.2572751970857,-365.64999850377,312.572567764365));
#918=CARTESIAN_POINT('Ctrl Pts',(43.0125979067795,-366.218721136181,312.535944160356));
#919=CARTESIAN_POINT('Ctrl Pts',(42.5856064861301,-366.557988952087,312.499320556347));
#920=CARTESIAN_POINT('Ctrl Pts',(42.1586150654807,-366.897256767994,312.462696952338));
#921=CARTESIAN_POINT('Ctrl Pts',(41.5493095144879,-367.007069767396,312.426073348329));
#922=CARTESIAN_POINT('Ctrl Pts',(41.0307411156441,-366.838217019783,312.38944974432));
#923=CARTESIAN_POINT('Ctrl Pts',(40.5121727168003,-366.669364272169,312.352826140311));
#924=CARTESIAN_POINT('Ctrl Pts',(40.0843414701053,-366.221845777541,312.316202536302));
#925=CARTESIAN_POINT('Ctrl Pts',(39.9389743291482,-365.696210100411,312.279578932294));
#926=CARTESIAN_POINT('Ctrl Pts',(39.8992036767604,-365.552402678321,312.269559167066));
#927=CARTESIAN_POINT('Ctrl Pts',(39.8805755175842,-365.402748169937,312.259539401838));
#928=CARTESIAN_POINT('Ctrl Pts',(39.8818316942237,-365.252787209779,312.24951963661));
#929=CARTESIAN_POINT('Ctrl Pts',(39.8837631302112,-365.251599513861,312.442480363391));
#930=CARTESIAN_POINT('Ctrl Pts',(39.8834513834443,-365.512465495793,312.459859330011));
#931=CARTESIAN_POINT('Ctrl Pts',(39.9412917330466,-365.773200711648,312.477238296632));
#932=CARTESIAN_POINT('Ctrl Pts',(40.058028794399,-366.004167941018,312.494617263253));
#933=CARTESIAN_POINT('Ctrl Pts',(40.304034900598,-366.490897246163,312.531240867262));
#934=CARTESIAN_POINT('Ctrl Pts',(40.8115973816343,-366.845428905636,312.567864471271));
#935=CARTESIAN_POINT('Ctrl Pts',(41.3532594356692,-366.908884650052,312.60448807528));
#936=CARTESIAN_POINT('Ctrl Pts',(41.894921489704,-366.972340394468,312.641111679288));
#937=CARTESIAN_POINT('Ctrl Pts',(42.4706831167374,-366.744720223827,312.677735283297));
#938=CARTESIAN_POINT('Ctrl Pts',(42.8225250054284,-366.328028846859,312.714358887306));
#939=CARTESIAN_POINT('Ctrl Pts',(43.1743668941193,-365.911337469892,312.750982491315));
#940=CARTESIAN_POINT('Ctrl Pts',(43.3022890444677,-365.305574886596,312.787606095324));
#941=CARTESIAN_POINT('Ctrl Pts',(43.148964989408,-364.782204892062,312.824229699333));
#942=CARTESIAN_POINT('Ctrl Pts',(42.9956409343482,-364.258834897528,312.860853303342));
#943=CARTESIAN_POINT('Ctrl Pts',(42.5610706738802,-363.817857491755,312.897476907351));
#944=CARTESIAN_POINT('Ctrl Pts',(42.0400006216448,-363.656890361351,312.93410051136));
#945=CARTESIAN_POINT('Ctrl Pts',(41.5189305694094,-363.495923230947,312.970724115368));
#946=CARTESIAN_POINT('Ctrl Pts',(40.9113607254066,-363.614966375912,313.007347719377));
#947=CARTESIAN_POINT('Ctrl Pts',(40.4895647842091,-363.960672321748,313.043971323386));
#948=CARTESIAN_POINT('Ctrl Pts',(40.1113868816466,-364.270628717081,313.076807670054));
#949=CARTESIAN_POINT('Ctrl Pts',(39.8825476252841,-364.76279324453,313.109644016722));
#950=CARTESIAN_POINT('Ctrl Pts',(39.8792800631608,-365.252295818693,313.142480363391));
#951=CARTESIAN_POINT('Origin',(41.5474360481644,-365.251381407302,311.571));
#952=CARTESIAN_POINT('',(39.8817418846471,-365.249966049332,313.842480363391));
#953=CARTESIAN_POINT('',(39.8837489427061,-365.251113480215,313.64951963661));
#954=CARTESIAN_POINT('',(39.8814360481644,-365.251381407302,311.571));
#955=CARTESIAN_POINT('Ctrl Pts',(39.8837489427061,-365.251113480215,313.64951963661));
#956=CARTESIAN_POINT('Ctrl Pts',(39.8833705267345,-364.993485021067,313.632355983278));
#957=CARTESIAN_POINT('Ctrl Pts',(39.9397230589498,-364.736013331895,313.615192329946));
#958=CARTESIAN_POINT('Ctrl Pts',(40.0536893424858,-364.507243030546,313.598028676614));
#959=CARTESIAN_POINT('Ctrl Pts',(40.2968692738107,-364.019095620231,313.561405072605));
#960=CARTESIAN_POINT('Ctrl Pts',(40.8023676593989,-363.661627145353,313.524781468596));
#961=CARTESIAN_POINT('Ctrl Pts',(41.3436526627984,-363.595031964741,313.488157864587));
#962=CARTESIAN_POINT('Ctrl Pts',(41.8849376661978,-363.528436784129,313.451534260578));
#963=CARTESIAN_POINT('Ctrl Pts',(42.4620092874084,-363.752714897783,313.414910656569));
#964=CARTESIAN_POINT('Ctrl Pts',(42.8162611735601,-364.167359292588,313.37828705256));
#965=CARTESIAN_POINT('Ctrl Pts',(43.1705130597117,-364.582003687394,313.341663448551));
#966=CARTESIAN_POINT('Ctrl Pts',(43.3019452108043,-365.187014363352,313.305039844543));
#967=CARTESIAN_POINT('Ctrl Pts',(43.1516581968494,-365.711264481742,313.268416240534));
#968=CARTESIAN_POINT('Ctrl Pts',(43.0013711828943,-366.235514600133,313.231792636525));
#969=CARTESIAN_POINT('Ctrl Pts',(42.5693650038917,-366.679004160956,313.195169032516));
#970=CARTESIAN_POINT('Ctrl Pts',(42.0492370209896,-366.842989690829,313.158545428507));
#971=CARTESIAN_POINT('Ctrl Pts',(41.5291090380875,-367.006975220702,313.121921824498));
#972=CARTESIAN_POINT('Ctrl Pts',(40.9208592512859,-366.891456719626,313.085298220489));
#973=CARTESIAN_POINT('Ctrl Pts',(40.4970660583164,-366.548202145251,313.04867461648));
#974=CARTESIAN_POINT('Ctrl Pts',(40.114605924065,-366.238425601464,313.015622956524));
#975=CARTESIAN_POINT('Ctrl Pts',(39.8823764506217,-365.743169427642,312.982571296567));
#976=CARTESIAN_POINT('Ctrl Pts',(39.8792119345442,-365.250510347298,312.94951963661));
#977=CARTESIAN_POINT('Ctrl Pts',(39.8792800631608,-365.252295818693,313.142480363391));
#978=CARTESIAN_POINT('Ctrl Pts',(39.8789031911913,-365.308753750389,313.146267620731));
#979=CARTESIAN_POINT('Ctrl Pts',(39.8815270329798,-365.365176270905,313.150054878072));
#980=CARTESIAN_POINT('Ctrl Pts',(39.8872685528019,-365.421279734287,313.153842135413));
#981=CARTESIAN_POINT('Ctrl Pts',(39.9427903009843,-365.963812454283,313.190465739422));
#982=CARTESIAN_POINT('Ctrl Pts',(40.2898558357412,-366.476509147567,313.227089343431));
#983=CARTESIAN_POINT('Ctrl Pts',(40.7729327259989,-366.729612159967,313.26371294744));
#984=CARTESIAN_POINT('Ctrl Pts',(41.2560096162567,-366.982715172368,313.300336551449));
#985=CARTESIAN_POINT('Ctrl Pts',(41.8750978620154,-366.976224503884,313.336960155457));
#986=CARTESIAN_POINT('Ctrl Pts',(42.352761963866,-366.713048853794,313.373583759466));
#987=CARTESIAN_POINT('Ctrl Pts',(42.8304260657166,-366.449873203704,313.410207363475));
#988=CARTESIAN_POINT('Ctrl Pts',(43.166666023659,-365.930012572008,313.446830967484));
#989=CARTESIAN_POINT('Ctrl Pts',(43.2108007326475,-365.386435030281,313.483454571493));
#990=CARTESIAN_POINT('Ctrl Pts',(43.2549354416359,-364.842857488554,313.520078175502));
#991=CARTESIAN_POINT('Ctrl Pts',(43.0069649016704,-364.275563036797,313.556701779511));
#992=CARTESIAN_POINT('Ctrl Pts',(42.5780135474396,-363.938776527652,313.59332538352));
#993=CARTESIAN_POINT('Ctrl Pts',(42.1490621932089,-363.601990018507,313.629948987529));
#994=CARTESIAN_POINT('Ctrl Pts',(41.539130024713,-363.495711451974,313.666572591537));
#995=CARTESIAN_POINT('Ctrl Pts',(41.0215493744935,-363.667568045666,313.703196195546));
#996=CARTESIAN_POINT('Ctrl Pts',(40.5039687242741,-363.839424639358,313.739819799555));
#997=CARTESIAN_POINT('Ctrl Pts',(40.0787395923312,-364.289416393276,313.776443403564));
#998=CARTESIAN_POINT('Ctrl Pts',(39.9364223081632,-364.81588595831,313.813067007573));
#999=CARTESIAN_POINT('Ctrl Pts',(39.8983227543235,-364.956826362389,313.822871459512));
#1000=CARTESIAN_POINT('Ctrl Pts',(39.8804988894317,-365.103247768135,313.832675911451));
#1001=CARTESIAN_POINT('Ctrl Pts',(39.8817418846471,-365.249966049332,313.842480363391));
#1002=CARTESIAN_POINT('Origin',(41.5474360481644,-365.251381407302,311.571));
#1003=CARTESIAN_POINT('',(39.8829970430121,-365.252443811681,314.54248036339));
#1004=CARTESIAN_POINT('',(39.8800528159716,-365.252632617373,314.34951963661));
#1005=CARTESIAN_POINT('',(39.8814360481644,-365.251381407302,311.571));
#1006=CARTESIAN_POINT('Ctrl Pts',(39.8800528159716,-365.252632617373,314.34951963661));
#1007=CARTESIAN_POINT('Ctrl Pts',(39.8839021454243,-364.793595333045,314.318764273998));
#1008=CARTESIAN_POINT('Ctrl Pts',(40.0815407889806,-364.331642643783,314.288008911386));
#1009=CARTESIAN_POINT('Ctrl Pts',(40.4189362303521,-364.021946842625,314.257253548774));
#1010=CARTESIAN_POINT('Ctrl Pts',(40.820708018741,-363.653159892268,314.220629944765));
#1011=CARTESIAN_POINT('Ctrl Pts',(41.4206568742183,-363.500275309454,314.184006340756));
#1012=CARTESIAN_POINT('Ctrl Pts',(41.9499243290192,-363.63180605971,314.147382736747));
#1013=CARTESIAN_POINT('Ctrl Pts',(42.47919178382,-363.763336809966,314.110759132738));
#1014=CARTESIAN_POINT('Ctrl Pts',(42.9377778379444,-364.179282893291,314.074135528729));
#1015=CARTESIAN_POINT('Ctrl Pts',(43.1201737470832,-364.693244079382,314.03751192472));
#1016=CARTESIAN_POINT('Ctrl Pts',(43.302569656222,-365.207205265473,314.000888320712));
#1017=CARTESIAN_POINT('Ctrl Pts',(43.2087754203754,-365.819181554328,313.964264716703));
#1018=CARTESIAN_POINT('Ctrl Pts',(42.8808235760263,-366.254924554575,313.927641112694));
#1019=CARTESIAN_POINT('Ctrl Pts',(42.5528717316772,-366.690667554822,313.891017508685));
#1020=CARTESIAN_POINT('Ctrl Pts',(41.9907622788256,-366.95017726646,313.854393904676));
#1021=CARTESIAN_POINT('Ctrl Pts',(41.4463964909103,-366.91715814799,313.817770300667));
#1022=CARTESIAN_POINT('Ctrl Pts',(40.9020307029951,-366.88413902952,313.781146696658));
#1023=CARTESIAN_POINT('Ctrl Pts',(40.3754085800162,-366.55859108094,313.744523092649));
#1024=CARTESIAN_POINT('Ctrl Pts',(40.1025282570576,-366.086403933775,313.70789948864));
#1025=CARTESIAN_POINT('Ctrl Pts',(39.9575333072391,-365.835507310062,313.688439537964));
#1026=CARTESIAN_POINT('Ctrl Pts',(39.8841779863369,-365.543209633111,313.668979587287));
#1027=CARTESIAN_POINT('Ctrl Pts',(39.8837489427061,-365.251113480215,313.64951963661));
#1028=CARTESIAN_POINT('Ctrl Pts',(39.8817418846471,-365.249966049332,313.842480363391));
#1029=CARTESIAN_POINT('Ctrl Pts',(39.8851419806351,-365.651300047319,313.86929951546));
#1030=CARTESIAN_POINT('Ctrl Pts',(40.0312087786261,-366.054855399063,313.89611866753));
#1031=CARTESIAN_POINT('Ctrl Pts',(40.2952005536136,-366.354525912387,313.9229378196));
#1032=CARTESIAN_POINT('Ctrl Pts',(40.6557015196253,-366.763748925278,313.959561423609));
#1033=CARTESIAN_POINT('Ctrl Pts',(41.236108888042,-366.979247574908,313.996185027617));
#1034=CARTESIAN_POINT('Ctrl Pts',(41.7763214653865,-366.904449180728,314.032808631626));
#1035=CARTESIAN_POINT('Ctrl Pts',(42.316534042731,-366.829650786548,314.069432235635));
#1036=CARTESIAN_POINT('Ctrl Pts',(42.8165518290032,-366.464555348558,314.106055839644));
#1037=CARTESIAN_POINT('Ctrl Pts',(43.0522989800857,-365.972775266829,314.142679443653));
#1038=CARTESIAN_POINT('Ctrl Pts',(43.2880461311682,-365.480995185101,314.179303047662));
#1039=CARTESIAN_POINT('Ctrl Pts',(43.259522647061,-364.862530459634,314.215926651671));
#1040=CARTESIAN_POINT('Ctrl Pts',(42.9795110452851,-364.394536889874,314.25255025568));
#1041=CARTESIAN_POINT('Ctrl Pts',(42.6994994435093,-363.926543320115,314.289173859689));
#1042=CARTESIAN_POINT('Ctrl Pts',(42.1679997240649,-363.609020906062,314.325797463698));
#1043=CARTESIAN_POINT('Ctrl Pts',(41.6231955587003,-363.584263362765,314.362421067706));
#1044=CARTESIAN_POINT('Ctrl Pts',(41.0783913933358,-363.559505819468,314.399044671715));
#1045=CARTESIAN_POINT('Ctrl Pts',(40.5202827820512,-363.827513146926,314.435668275724));
#1046=CARTESIAN_POINT('Ctrl Pts',(40.198978686623,-364.268180375204,314.472291879733));
#1047=CARTESIAN_POINT('Ctrl Pts',(39.9937208311922,-364.549690668792,314.495688040952));
#1048=CARTESIAN_POINT('Ctrl Pts',(39.8851030003312,-364.90166354202,314.519084202171));
#1049=CARTESIAN_POINT('Ctrl Pts',(39.8829970430121,-365.252443811681,314.54248036339));
#1050=CARTESIAN_POINT('Origin',(41.5474360481644,-365.251381407302,311.571));
#1051=CARTESIAN_POINT('',(39.8785091501069,-365.251185087808,315.242480363391));
#1052=CARTESIAN_POINT('',(39.8808459785052,-365.249970895348,315.04951963661));
#1053=CARTESIAN_POINT('',(39.8814360481644,-365.251381407302,311.571));
#1054=CARTESIAN_POINT('',(43.1825653754149,-365.570611861936,315.571));
#1055=CARTESIAN_POINT('Ctrl Pts',(39.8785091501069,-365.251185087808,315.242480363391));
#1056=CARTESIAN_POINT('Ctrl Pts',(39.8788751611061,-365.791232875311,315.278739700909));
#1057=CARTESIAN_POINT('Ctrl Pts',(40.1650910376771,-366.331960978875,315.314999038428));
#1058=CARTESIAN_POINT('Ctrl Pts',(40.612392392941,-366.634089440352,315.351258375947));
#1059=CARTESIAN_POINT('Ctrl Pts',(41.0641874015891,-366.939253127562,315.387881979956));
#1060=CARTESIAN_POINT('Ctrl Pts',(41.6803207219922,-367.000999079765,315.424505583964));
#1061=CARTESIAN_POINT('Ctrl Pts',(42.1836798430612,-366.793218883361,315.461129187973));
#1062=CARTESIAN_POINT('Ctrl Pts',(42.6870389641303,-366.585438686956,315.497752791982));
#1063=CARTESIAN_POINT('Ctrl Pts',(43.0776238858651,-366.108132341944,315.534376395991));
#1064=CARTESIAN_POINT('Ctrl Pts',(43.1825653754149,-365.570611861936,315.571));
#1065=CARTESIAN_POINT('',(41.6000369507081,-363.583121676129,315.571));
#1066=CARTESIAN_POINT('Origin',(41.5474360481644,-365.251381407302,315.571));
#1067=CARTESIAN_POINT('Ctrl Pts',(41.6000369420027,-363.583120502179,315.571));
#1068=CARTESIAN_POINT('Ctrl Pts',(42.1217053548406,-363.601232959725,315.535944160356));
#1069=CARTESIAN_POINT('Ctrl Pts',(42.6367380323956,-363.883335217981,315.500888320712));
#1070=CARTESIAN_POINT('Ctrl Pts',(42.929408498491,-364.31570683135,315.465832481067));
#1071=CARTESIAN_POINT('Ctrl Pts',(43.2351677489944,-364.767414932294,315.429208877058));
#1072=CARTESIAN_POINT('Ctrl Pts',(43.2982311236164,-365.383133601932,315.39258527305));
#1073=CARTESIAN_POINT('Ctrl Pts',(43.090373995028,-365.887300981854,315.355961669041));
#1074=CARTESIAN_POINT('Ctrl Pts',(42.8825168664397,-366.391468361776,315.319338065032));
#1075=CARTESIAN_POINT('Ctrl Pts',(42.4037392346409,-366.784084451983,315.282714461023));
#1076=CARTESIAN_POINT('Ctrl Pts',(41.8685629291361,-366.889046853579,315.246090857014));
#1077=CARTESIAN_POINT('Ctrl Pts',(41.3333866236314,-366.994009255174,315.209467253005));
#1078=CARTESIAN_POINT('Ctrl Pts',(40.7418116444205,-366.811317968158,315.172843648996));
#1079=CARTESIAN_POINT('Ctrl Pts',(40.3589535985307,-366.422918143182,315.136220044987));
#1080=CARTESIAN_POINT('Ctrl Pts',(40.0568356081666,-366.116427066817,315.107319908862));
#1081=CARTESIAN_POINT('Ctrl Pts',(39.8846852786748,-365.681841651987,315.078419772736));
#1082=CARTESIAN_POINT('Ctrl Pts',(39.8808459785052,-365.249970895348,315.04951963661));
#1083=CARTESIAN_POINT('Origin',(41.5474360481644,-365.251381407302,322.116925280538));
#1084=CARTESIAN_POINT('',(39.494566649722,-365.249954277305,311.325074719463));
#1085=CARTESIAN_POINT('',(39.4919993154031,-365.253719004231,311.266925280538));
#1086=CARTESIAN_POINT('',(39.4926860481644,-365.251381407302,322.116925280538));
#1087=CARTESIAN_POINT('',(41.9311040470176,-363.232768906311,311.071));
#1088=CARTESIAN_POINT('Ctrl Pts',(39.4919993154031,-365.253719004232,311.266925280538));
#1089=CARTESIAN_POINT('Ctrl Pts',(39.4970893377366,-364.725099400637,311.238240457701));
#1090=CARTESIAN_POINT('Ctrl Pts',(39.9737574577866,-363.514199483326,311.172932030855));
#1091=CARTESIAN_POINT('Ctrl Pts',(41.2675201075697,-363.106644688813,311.107623604009));
#1092=CARTESIAN_POINT('Ctrl Pts',(41.9311040470178,-363.232768906311,311.071));
#1093=CARTESIAN_POINT('',(42.8890330658642,-363.690040697879,311.071));
#1094=CARTESIAN_POINT('Origin',(41.5474360481644,-365.251381407302,311.071));
#1095=CARTESIAN_POINT('Ctrl Pts',(39.494566649722,-365.249954277305,311.325074719463));
#1096=CARTESIAN_POINT('Ctrl Pts',(39.4930778962607,-365.009352630146,311.312062589962));
#1097=CARTESIAN_POINT('Ctrl Pts',(39.6425131008909,-364.093377280463,311.262426856452));
#1098=CARTESIAN_POINT('Ctrl Pts',(40.9610460464117,-362.919642014851,311.177735283297));
#1099=CARTESIAN_POINT('Ctrl Pts',(42.3994135146631,-363.272033053087,311.106055839644));
#1100=CARTESIAN_POINT('Ctrl Pts',(42.8890340515322,-363.690039637248,311.071));
#1101=CARTESIAN_POINT('Origin',(41.5474360481644,-365.251381407302,322.116925280538));
#1102=CARTESIAN_POINT('',(39.4931740155956,-365.25311524442,312.025074719463));
#1103=CARTESIAN_POINT('',(39.4908689439762,-365.249872822398,311.966925280538));
#1104=CARTESIAN_POINT('',(39.4926860481644,-365.251381407302,322.116925280538));
#1105=CARTESIAN_POINT('Ctrl Pts',(39.4908689439762,-365.249872822398,311.966925280538));
#1106=CARTESIAN_POINT('Ctrl Pts',(39.4900088752247,-365.14582687839,311.96127235243));
#1107=CARTESIAN_POINT('Ctrl Pts',(39.5440890025973,-364.368594982146,311.918995820313));
#1108=CARTESIAN_POINT('Ctrl Pts',(40.5335292526718,-363.054358893384,311.840095684187));
#1109=CARTESIAN_POINT('Ctrl Pts',(42.8200105884111,-363.19338192257,311.73022487216));
#1110=CARTESIAN_POINT('Ctrl Pts',(43.9660899610494,-365.176932394527,311.620354060134));
#1111=CARTESIAN_POINT('Ctrl Pts',(42.9440145566624,-367.227263407666,311.510483248107));
#1112=CARTESIAN_POINT('Ctrl Pts',(40.6710332003183,-367.506719671076,311.40061243608));
#1113=CARTESIAN_POINT('Ctrl Pts',(39.5705101429176,-366.219849231324,311.31942644689));
#1114=CARTESIAN_POINT('Ctrl Pts',(39.4905906062158,-365.400019205557,311.27486406171));
#1115=CARTESIAN_POINT('Ctrl Pts',(39.4919993154031,-365.253719004232,311.266925280538));
#1116=CARTESIAN_POINT('Ctrl Pts',(39.4931740155956,-365.253115244419,312.025074719463));
#1117=CARTESIAN_POINT('Ctrl Pts',(39.4972876099803,-364.7620389545,311.998470880682));
#1118=CARTESIAN_POINT('Ctrl Pts',(39.91795820436,-363.588600439477,311.935243437892));
#1119=CARTESIAN_POINT('Ctrl Pts',(41.8653985930934,-362.852664251474,311.835392391093));
#1120=CARTESIAN_POINT('Ctrl Pts',(43.7232911186301,-364.192769739043,311.725521579066));
#1121=CARTESIAN_POINT('Ctrl Pts',(43.6309983835116,-366.481699284346,311.615650767039));
#1122=CARTESIAN_POINT('Ctrl Pts',(41.6713293483473,-367.66787834857,311.505779955013));
#1123=CARTESIAN_POINT('Ctrl Pts',(39.8457309507827,-366.80432677044,311.408921272487));
#1124=CARTESIAN_POINT('Ctrl Pts',(39.4972681033461,-365.686543819236,311.348686193971));
#1125=CARTESIAN_POINT('Ctrl Pts',(39.494566649722,-365.249954277305,311.325074719463));
#1126=CARTESIAN_POINT('Origin',(41.5474360481644,-365.251381407302,322.116925280538));
#1127=CARTESIAN_POINT('',(39.4899429524494,-365.25030709125,312.725074719463));
#1128=CARTESIAN_POINT('',(39.4955561393022,-365.251650407574,312.666925280538));
#1129=CARTESIAN_POINT('',(39.4926860481644,-365.251381407302,322.116925280538));
#1130=CARTESIAN_POINT('Ctrl Pts',(39.4955561393022,-365.251650407574,312.666925280538));
#1131=CARTESIAN_POINT('Ctrl Pts',(39.4959819060435,-364.895373868971,312.64768064315));
#1132=CARTESIAN_POINT('Ctrl Pts',(39.7525328551301,-363.860509346722,312.591812401753));
#1133=CARTESIAN_POINT('Ctrl Pts',(41.3869347137786,-362.837008082291,312.499320556347));
#1134=CARTESIAN_POINT('Ctrl Pts',(43.472288264682,-363.785127164865,312.38944974432));
#1135=CARTESIAN_POINT('Ctrl Pts',(43.8324536568311,-366.047407708449,312.279578932293));
#1136=CARTESIAN_POINT('Ctrl Pts',(42.1446200263548,-367.596232999836,312.169708120267));
#1137=CARTESIAN_POINT('Ctrl Pts',(40.0359332162712,-367.07187678191,312.065490236348));
#1138=CARTESIAN_POINT('Ctrl Pts',(39.4955809994,-365.819908943325,311.997895956439));
#1139=CARTESIAN_POINT('Ctrl Pts',(39.4908689439762,-365.249872822398,311.966925280538));
#1140=CARTESIAN_POINT('Ctrl Pts',(39.4899429524494,-365.25030709125,312.725074719463));
#1141=CARTESIAN_POINT('Ctrl Pts',(39.4895211562421,-365.184640895687,312.721502775411));
#1142=CARTESIAN_POINT('Ctrl Pts',(39.5219058044685,-364.446111696212,312.68130722735));
#1143=CARTESIAN_POINT('Ctrl Pts',(40.4120509506273,-363.114594312826,312.60448807528));
#1144=CARTESIAN_POINT('Ctrl Pts',(42.7027965655403,-363.12532865818,312.494617263253));
#1145=CARTESIAN_POINT('Ctrl Pts',(43.9580258761971,-365.041582877904,312.384746451226));
#1146=CARTESIAN_POINT('Ctrl Pts',(43.0527125588084,-367.145873686329,312.2748756392));
#1147=CARTESIAN_POINT('Ctrl Pts',(40.7982637336542,-367.552185079826,312.165004827173));
#1148=CARTESIAN_POINT('Ctrl Pts',(39.5985760757609,-366.297292131186,312.081737853927));
#1149=CARTESIAN_POINT('Ctrl Pts',(39.4916247185067,-365.438068595492,312.03509448469));
#1150=CARTESIAN_POINT('Ctrl Pts',(39.4931740155956,-365.253115244419,312.025074719463));
#1151=CARTESIAN_POINT('Origin',(41.5474360481644,-365.251381407302,322.116925280538));
#1152=CARTESIAN_POINT('',(39.4955386412374,-365.251050961214,313.425074719463));
#1153=CARTESIAN_POINT('',(39.4900269784248,-365.252509190499,313.366925280538));
#1154=CARTESIAN_POINT('',(39.4926860481644,-365.251381407302,322.116925280538));
#1155=CARTESIAN_POINT('Ctrl Pts',(39.4900269784248,-365.252509190499,313.366925280538));
#1156=CARTESIAN_POINT('Ctrl Pts',(39.4940570043989,-364.648784452046,313.33408893387));
#1157=CARTESIAN_POINT('Ctrl Pts',(40.0910842604232,-363.364758092209,313.264628983193));
#1158=CARTESIAN_POINT('Ctrl Pts',(42.261621224931,-362.939477691827,313.158545428507));
#1159=CARTESIAN_POINT('Ctrl Pts',(43.8695442309871,-364.571107327802,313.04867461648));
#1160=CARTESIAN_POINT('Ctrl Pts',(43.3962284354978,-366.812447066145,312.938803804454));
#1161=CARTESIAN_POINT('Ctrl Pts',(41.2658931357133,-367.654648528852,312.828932992427));
#1162=CARTESIAN_POINT('Ctrl Pts',(39.7168408647991,-366.572637756315,312.738306817788));
#1163=CARTESIAN_POINT('Ctrl Pts',(39.4951716485043,-365.573387728327,312.684304247159));
#1164=CARTESIAN_POINT('Ctrl Pts',(39.4955561393022,-365.251650407574,312.666925280538));
#1165=CARTESIAN_POINT('Ctrl Pts',(39.4955386412374,-365.251050961214,313.425074719463));
#1166=CARTESIAN_POINT('Ctrl Pts',(39.49507192442,-364.933306617616,313.407911066131));
#1167=CARTESIAN_POINT('Ctrl Pts',(39.7128765474322,-363.938169008143,313.35412380879));
#1168=CARTESIAN_POINT('Ctrl Pts',(41.2519639809204,-362.84978721853,313.26371294744));
#1169=CARTESIAN_POINT('Ctrl Pts',(43.387146298476,-363.679622970084,313.153842135413));
#1170=CARTESIAN_POINT('Ctrl Pts',(43.8734492020612,-365.918180628712,313.043971323386));
#1171=CARTESIAN_POINT('Ctrl Pts',(42.2750133743799,-367.559105313766,312.93410051136));
#1172=CARTESIAN_POINT('Ctrl Pts',(40.0976369443028,-367.145579050481,312.827801643385));
#1173=CARTESIAN_POINT('Ctrl Pts',(39.4938458872695,-365.85792488557,312.758126379419));
#1174=CARTESIAN_POINT('Ctrl Pts',(39.4899429524494,-365.25030709125,312.725074719463));
#1175=CARTESIAN_POINT('Origin',(41.5474360481644,-365.251381407302,322.116925280538));
#1176=CARTESIAN_POINT('',(39.4909800479554,-365.252924578907,314.125074719463));
#1177=CARTESIAN_POINT('',(39.4930632495526,-365.24963578498,314.066925280538));
#1178=CARTESIAN_POINT('',(39.4926860481644,-365.251381407302,322.116925280538));
#1179=CARTESIAN_POINT('Ctrl Pts',(39.4930632495526,-365.24963578498,314.066925280538));
#1180=CARTESIAN_POINT('Ctrl Pts',(39.4915302096854,-365.068681770401,314.057120828599));
#1181=CARTESIAN_POINT('Ctrl Pts',(39.5956283690878,-364.213524994476,314.010692772651));
#1182=CARTESIAN_POINT('Ctrl Pts',(40.7849360932401,-362.954959603404,313.927641112694));
#1183=CARTESIAN_POINT('Ctrl Pts',(43.0417034219622,-363.348193489209,313.817770300667));
#1184=CARTESIAN_POINT('Ctrl Pts',(43.9592018619278,-365.447199986354,313.70789948864));
#1185=CARTESIAN_POINT('Ctrl Pts',(42.7151039263054,-367.37069992569,313.598028676614));
#1186=CARTESIAN_POINT('Ctrl Pts',(40.4244588369189,-367.394715593878,313.488157864587));
#1187=CARTESIAN_POINT('Ctrl Pts',(39.524092034675,-366.06466395802,313.411123399229));
#1188=CARTESIAN_POINT('Ctrl Pts',(39.4895621658922,-365.322141204396,313.370712537879));
#1189=CARTESIAN_POINT('Ctrl Pts',(39.4900269784248,-365.252509190499,313.366925280538));
#1190=CARTESIAN_POINT('Ctrl Pts',(39.4909800479554,-365.252924578907,314.125074719463));
#1191=CARTESIAN_POINT('Ctrl Pts',(39.4957275927891,-364.686774002693,314.094319356851));
#1192=CARTESIAN_POINT('Ctrl Pts',(40.0297498409912,-363.438571681306,314.02694039023));
#1193=CARTESIAN_POINT('Ctrl Pts',(42.1310167223099,-362.90310718696,313.9229378196));
#1194=CARTESIAN_POINT('Ctrl Pts',(43.8277988856568,-364.442120178641,313.813067007573));
#1195=CARTESIAN_POINT('Ctrl Pts',(43.4807573980711,-366.706450814041,313.703196195546));
#1196=CARTESIAN_POINT('Ctrl Pts',(41.4009355524887,-367.66664453551,313.59332538352));
#1197=CARTESIAN_POINT('Ctrl Pts',(39.75680884956,-366.650276152968,313.500618224825));
#1198=CARTESIAN_POINT('Ctrl Pts',(39.4960677993408,-365.61130580525,313.444534670139));
#1199=CARTESIAN_POINT('Ctrl Pts',(39.4955386412374,-365.251050961214,313.425074719463));
#1200=CARTESIAN_POINT('Origin',(41.5474360481644,-365.251381407302,322.116925280538));
#1201=CARTESIAN_POINT('',(39.4919582896816,-365.249641761781,314.825074719463));
#1202=CARTESIAN_POINT('',(39.4946112907594,-365.252691716665,314.766925280538));
#1203=CARTESIAN_POINT('',(39.4926860481644,-365.251381407302,322.116925280538));
#1204=CARTESIAN_POINT('Ctrl Pts',(39.4946112907594,-365.252691716665,314.766925280538));
#1205=CARTESIAN_POINT('Ctrl Pts',(39.4972086591876,-364.820059208209,314.743529119319));
#1206=CARTESIAN_POINT('Ctrl Pts',(39.8408732636485,-363.706424206481,314.683509354091));
#1207=CARTESIAN_POINT('Ctrl Pts',(41.6572824854562,-362.83417287177,314.586865984854));
#1208=CARTESIAN_POINT('Ctrl Pts',(43.6238473987726,-364.009015333248,314.476995172827));
#1209=CARTESIAN_POINT('Ctrl Pts',(43.7293851460165,-366.297353378842,314.367124360801));
#1210=CARTESIAN_POINT('Ctrl Pts',(41.8793043302728,-367.648217456651,314.257253548774));
#1211=CARTESIAN_POINT('Ctrl Pts',(39.9234165544849,-366.92201858764,314.157187188686));
#1212=CARTESIAN_POINT('Ctrl Pts',(39.4972567352858,-365.744618397442,314.093744432608));
#1213=CARTESIAN_POINT('Ctrl Pts',(39.4930632495526,-365.24963578498,314.066925280538));
#1214=CARTESIAN_POINT('Ctrl Pts',(39.4919582896816,-365.249641761781,314.825074719463));
#1215=CARTESIAN_POINT('Ctrl Pts',(39.4906928294059,-365.107294130023,314.817351251579));
#1216=CARTESIAN_POINT('Ctrl Pts',(39.5685550581566,-364.291326965588,314.773004179687));
#1217=CARTESIAN_POINT('Ctrl Pts',(40.6575155910889,-363.001260181251,314.692033503787));
#1218=CARTESIAN_POINT('Ctrl Pts',(42.9327663917429,-363.267495318636,314.58216269176));
#1219=CARTESIAN_POINT('Ctrl Pts',(43.9663830739194,-365.311814165287,314.472291879733));
#1220=CARTESIAN_POINT('Ctrl Pts',(42.8319684655923,-367.301976187106,314.362421067706));
#1221=CARTESIAN_POINT('Ctrl Pts',(40.546263847495,-367.454245661162,314.25255025568));
#1222=CARTESIAN_POINT('Ctrl Pts',(39.5465215004607,-366.142198390063,314.173434806265));
#1223=CARTESIAN_POINT('Ctrl Pts',(39.4900741981537,-365.360948284889,314.130942960859));
#1224=CARTESIAN_POINT('Ctrl Pts',(39.4909800479554,-365.252924578907,314.125074719463));
#1225=CARTESIAN_POINT('Origin',(41.5474360481644,-365.251381407302,322.116925280538));
#1226=CARTESIAN_POINT('',(39.4973264033614,-365.249916090998,315.525074719463));
#1227=CARTESIAN_POINT('',(39.4890761779461,-365.251139277962,315.466925280538));
#1228=CARTESIAN_POINT('',(39.4926860481644,-365.251381407302,322.116925280538));
#1229=CARTESIAN_POINT('',(39.6648085384985,-366.0746135874,315.571));
#1230=CARTESIAN_POINT('Ctrl Pts',(39.6648085384986,-366.074613587401,315.571));
#1231=CARTESIAN_POINT('Ctrl Pts',(39.5516897539148,-365.815925284312,315.555691573154));
#1232=CARTESIAN_POINT('Ctrl Pts',(39.4965772962345,-365.532898650033,315.540383146308));
#1233=CARTESIAN_POINT('Ctrl Pts',(39.4973880129212,-365.249896636131,315.525074719463));
#1234=CARTESIAN_POINT('',(40.323774337315,-366.906772817634,315.571));
#1235=CARTESIAN_POINT('Origin',(41.5474360481644,-365.251381407302,315.571));
#1236=CARTESIAN_POINT('Ctrl Pts',(40.3237735266575,-366.906774008391,315.571));
#1237=CARTESIAN_POINT('Ctrl Pts',(39.8126632173413,-366.526438072827,315.536308426846));
#1238=CARTESIAN_POINT('Ctrl Pts',(39.4895080770053,-365.888404638474,315.501616853692));
#1239=CARTESIAN_POINT('Ctrl Pts',(39.4890761779461,-365.251139277962,315.466925280538));
#1240=CARTESIAN_POINT('Origin',(81.5213560971166,-355.200523271384,194.6));
#1241=CARTESIAN_POINT('',(81.5213560971166,-355.200523271384,311.071));
#1242=CARTESIAN_POINT('',(81.5954182349509,-373.958005371694,311.071));
#1243=CARTESIAN_POINT('',(81.5213560971166,-355.200523271384,311.071));
#1244=CARTESIAN_POINT('',(81.5213560971166,-355.200523271384,200.));
#1245=CARTESIAN_POINT('',(81.5213560971166,-355.200523271384,194.6));
#1246=CARTESIAN_POINT('',(81.5954182349509,-373.958005371694,200.));
#1247=CARTESIAN_POINT('',(81.5389396938631,-359.653864896081,200.));
#1248=CARTESIAN_POINT('',(81.5954182349509,-373.958005371694,197.3));
#1249=CARTESIAN_POINT('Origin',(74.5954727989726,-373.985643991896,200.));
#1250=CARTESIAN_POINT('',(33.012456630996,-374.149830584666,311.071));
#1251=CARTESIAN_POINT('',(74.5954727989726,-373.985643991896,311.071));
#1252=CARTESIAN_POINT('',(74.5954727989726,-373.985643991896,200.));
#1253=CARTESIAN_POINT('',(74.5954727989726,-373.985643991896,200.));
#1254=CARTESIAN_POINT('',(74.5954727989732,-373.985643991896,188.755249214821));
#1255=CARTESIAN_POINT('',(74.5954727989726,-373.985643991896,200.));
#1256=CARTESIAN_POINT('',(89.595355876069,-373.926418377178,194.6));
#1257=CARTESIAN_POINT('Origin',(3712.32526188767,-359.622413170036,-9125.03649631917));
#1258=CARTESIAN_POINT('',(89.595355876069,-373.926418377178,315.571));
#1259=CARTESIAN_POINT('',(89.595355876069,-373.926418377178,194.6));
#1260=CARTESIAN_POINT('',(33.012456630996,-374.149830584666,315.571));
#1261=CARTESIAN_POINT('',(74.5954727989726,-373.985643991896,315.571));
#1262=CARTESIAN_POINT('',(33.012456630996,-374.149830584666,313.070530618692));
#1263=CARTESIAN_POINT('Ctrl Pts',(43.1825653754149,-365.570611861936,315.571));
#1264=CARTESIAN_POINT('Ctrl Pts',(43.0776238858652,-366.108132341944,315.534376395991));
#1265=CARTESIAN_POINT('Ctrl Pts',(42.2964540423954,-367.062745031969,315.461129187973));
#1266=CARTESIAN_POINT('Ctrl Pts',(40.4480540811859,-366.877507175358,315.351258375947));
#1267=CARTESIAN_POINT('Ctrl Pts',(39.585683990507,-365.231762908711,315.24138756392));
#1268=CARTESIAN_POINT('Ctrl Pts',(40.4807187195487,-363.604897256673,315.131516751893));
#1269=CARTESIAN_POINT('Ctrl Pts',(42.3320259175439,-363.453104855292,315.021645939867));
#1270=CARTESIAN_POINT('Ctrl Pts',(43.4799711862915,-364.913329427921,314.91177512784));
#1271=CARTESIAN_POINT('Ctrl Pts',(42.8958907230388,-366.676411787134,314.801904315813));
#1272=CARTESIAN_POINT('Ctrl Pts',(41.1031990009531,-367.162337747677,314.692033503786));
#1273=CARTESIAN_POINT('Ctrl Pts',(39.708675432051,-365.935501861682,314.58216269176));
#1274=CARTESIAN_POINT('Ctrl Pts',(39.9621741707666,-364.095520474384,314.472291879733));
#1275=CARTESIAN_POINT('Ctrl Pts',(41.6365000046204,-363.29149849201,314.362421067707));
#1276=CARTESIAN_POINT('Ctrl Pts',(43.2309991629537,-364.244065734167,314.25255025568));
#1277=CARTESIAN_POINT('Ctrl Pts',(43.3165696152755,-366.099459910568,314.142679443653));
#1278=CARTESIAN_POINT('Ctrl Pts',(41.8165162564587,-367.194746224538,314.032808631626));
#1279=CARTESIAN_POINT('Ctrl Pts',(40.0752941512086,-366.548250275648,313.9229378196));
#1280=CARTESIAN_POINT('Ctrl Pts',(39.6535104603883,-364.739408147193,313.813067007573));
#1281=CARTESIAN_POINT('Ctrl Pts',(40.929197856217,-363.389432885441,313.703196195546));
#1282=CARTESIAN_POINT('Ctrl Pts',(42.7589943617048,-363.70826858504,313.59332538352));
#1283=CARTESIAN_POINT('Ctrl Pts',(43.5029059816015,-365.410151940311,313.483454571493));
#1284=CARTESIAN_POINT('Ctrl Pts',(42.4941861077741,-366.9697338354,313.373583759466));
#1285=CARTESIAN_POINT('Ctrl Pts',(40.636921370498,-366.989205840851,313.26371294744));
#1286=CARTESIAN_POINT('Ctrl Pts',(39.5957247662275,-365.451115760999,313.153842135413));
#1287=CARTESIAN_POINT('Ctrl Pts',(40.3037908814036,-363.734009520877,313.043971323386));
#1288=CARTESIAN_POINT('Ctrl Pts',(42.1265004134123,-363.376880085983,312.934100511359));
#1289=CARTESIAN_POINT('Ctrl Pts',(43.4302111948162,-364.699812303301,312.824229699333));
#1290=CARTESIAN_POINT('Ctrl Pts',(43.0464447437709,-366.517100053187,312.714358887306));
#1291=CARTESIAN_POINT('Ctrl Pts',(41.3191598626705,-367.199960565109,312.60448807528));
#1292=CARTESIAN_POINT('Ctrl Pts',(39.7964724195617,-366.136365586691,312.494617263253));
#1293=CARTESIAN_POINT('Ctrl Pts',(39.8431232254766,-364.279584734234,312.384746451226));
#1294=CARTESIAN_POINT('Ctrl Pts',(41.417300886667,-363.293797292705,312.2748756392));
#1295=CARTESIAN_POINT('Ctrl Pts',(43.1081143753177,-364.06253625928,312.165004827173));
#1296=CARTESIAN_POINT('Ctrl Pts',(43.4001380002455,-365.89680290272,312.055134015146));
#1297=CARTESIAN_POINT('Ctrl Pts',(42.0316353462129,-367.152597006846,311.945263203119));
#1298=CARTESIAN_POINT('Ctrl Pts',(40.2291648158321,-366.704386003811,311.835392391093));
#1299=CARTESIAN_POINT('Ctrl Pts',(39.6082095383283,-364.953889840225,311.725521579066));
#1300=CARTESIAN_POINT('Ctrl Pts',(40.7253561254046,-363.470026250622,311.615650767039));
#1301=CARTESIAN_POINT('Ctrl Pts',(42.5792448735937,-363.582746711323,311.505779955013));
#1302=CARTESIAN_POINT('Ctrl Pts',(43.5084908815341,-365.19101783252,311.395909142986));
#1303=CARTESIAN_POINT('Ctrl Pts',(42.6797878160961,-366.853434899263,311.286038330959));
#1304=CARTESIAN_POINT('Ctrl Pts',(40.8368449083607,-367.080019220879,311.176167518933));
#1305=CARTESIAN_POINT('Ctrl Pts',(39.6292635457237,-365.66796270037,311.066296706906));
#1306=CARTESIAN_POINT('Ctrl Pts',(40.1439775602498,-363.883035541248,310.956425894879));
#1307=CARTESIAN_POINT('Ctrl Pts',(41.3204790183404,-363.512419794939,310.883178686861));
#1308=CARTESIAN_POINT('Ctrl Pts',(41.8585156861202,-363.614681844508,310.846555082853));
#1309=CARTESIAN_POINT('Ctrl Pts',(43.3097475534798,-365.595441961824,315.645814972382));
#1310=CARTESIAN_POINT('Ctrl Pts',(43.1966435981313,-366.174771382729,315.609191368374));
#1311=CARTESIAN_POINT('Ctrl Pts',(42.354713495228,-367.203634909738,315.535944160356));
#1312=CARTESIAN_POINT('Ctrl Pts',(40.3625429287924,-367.003989046573,315.426073348329));
#1313=CARTESIAN_POINT('Ctrl Pts',(39.4330967331212,-365.230236960067,315.316202536302));
#1314=CARTESIAN_POINT('Ctrl Pts',(40.3977482590646,-363.476831887814,315.206331724276));
#1315=CARTESIAN_POINT('Ctrl Pts',(42.3930521903972,-363.313232904593,315.096460912249));
#1316=CARTESIAN_POINT('Ctrl Pts',(43.630285919174,-364.8870353689,314.986590100222));
#1317=CARTESIAN_POINT('Ctrl Pts',(43.0007750277322,-366.787252235346,314.876719288196));
#1318=CARTESIAN_POINT('Ctrl Pts',(41.0686457492317,-367.310974057665,314.766848476169));
#1319=CARTESIAN_POINT('Ctrl Pts',(39.5656545858097,-365.98871351167,314.656977664142));
#1320=CARTESIAN_POINT('Ctrl Pts',(39.8388707384259,-364.00561632519,314.547106852116));
#1321=CARTESIAN_POINT('Ctrl Pts',(41.6434274982324,-363.139056618597,314.437236040089));
#1322=CARTESIAN_POINT('Ctrl Pts',(43.3619485748933,-364.165715600527,314.327365228062));
#1323=CARTESIAN_POINT('Ctrl Pts',(43.4541747921891,-366.165424399992,314.217494416035));
#1324=CARTESIAN_POINT('Ctrl Pts',(41.8374456143967,-367.345903301909,314.107623604009));
#1325=CARTESIAN_POINT('Ctrl Pts',(39.9607893167866,-366.649122178923,313.997752791982));
#1326=CARTESIAN_POINT('Ctrl Pts',(39.5061988212831,-364.69958629748,313.887881979956));
#1327=CARTESIAN_POINT('Ctrl Pts',(40.8811106018914,-363.244608458095,313.778011167929));
#1328=CARTESIAN_POINT('Ctrl Pts',(42.853230715124,-363.588243553097,313.668140355902));
#1329=CARTESIAN_POINT('Ctrl Pts',(43.6550046083769,-365.422501288992,313.558269543875));
#1330=CARTESIAN_POINT('Ctrl Pts',(42.5678253806179,-367.10338919883,313.448398731849));
#1331=CARTESIAN_POINT('Ctrl Pts',(40.5661005259716,-367.124375758527,313.338527919822));
#1332=CARTESIAN_POINT('Ctrl Pts',(39.443918491547,-365.466651321223,313.228657107796));
#1333=CARTESIAN_POINT('Ctrl Pts',(40.2070587768462,-363.615986647558,313.118786295769));
#1334=CARTESIAN_POINT('Ctrl Pts',(42.1715406839185,-363.231079287931,313.008915483742));
#1335=CARTESIAN_POINT('Ctrl Pts',(43.5766555402065,-364.656910644801,312.899044671715));
#1336=CARTESIAN_POINT('Ctrl Pts',(43.1630393076799,-366.615549057506,312.789173859689));
#1337=CARTESIAN_POINT('Ctrl Pts',(41.3014042870181,-367.35152321969,312.679303047662));
#1338=CARTESIAN_POINT('Ctrl Pts',(39.6602805206783,-366.20520064066,312.569432235635));
#1339=CARTESIAN_POINT('Ctrl Pts',(39.7105598781737,-364.203997307933,312.459561423609));
#1340=CARTESIAN_POINT('Ctrl Pts',(41.4071788290375,-363.141534222567,312.349690611582));
#1341=CARTESIAN_POINT('Ctrl Pts',(43.2295056717725,-363.970066561142,312.239819799555));
#1342=CARTESIAN_POINT('Ctrl Pts',(43.5442432191074,-365.94700450463,312.129948987529));
#1343=CARTESIAN_POINT('Ctrl Pts',(42.0692969062602,-367.300475671176,312.020078175502));
#1344=CARTESIAN_POINT('Ctrl Pts',(40.126628212877,-366.817402317715,311.910207363475));
#1345=CARTESIAN_POINT('Ctrl Pts',(39.4573743431104,-364.930750615195,311.800336551448));
#1346=CARTESIAN_POINT('Ctrl Pts',(40.6614138344937,-363.331470464876,311.690465739422));
#1347=CARTESIAN_POINT('Ctrl Pts',(42.6595001118662,-363.452958448405,311.580594927395));
#1348=CARTESIAN_POINT('Ctrl Pts',(43.6610239080392,-365.186322686522,311.470724115369));
#1349=CARTESIAN_POINT('Ctrl Pts',(42.7678633962849,-366.978044402064,311.360853303342));
#1350=CARTESIAN_POINT('Ctrl Pts',(40.7815743390133,-367.222252704278,311.250982491315));
#1351=CARTESIAN_POINT('Ctrl Pts',(39.4800659546225,-365.700364856769,311.141111679288));
#1352=CARTESIAN_POINT('Ctrl Pts',(40.0348149977895,-363.776604077578,311.031240867262));
#1353=CARTESIAN_POINT('Ctrl Pts',(41.3028260480835,-363.377161426231,310.957993659244));
#1354=CARTESIAN_POINT('Ctrl Pts',(41.8827118064194,-363.487377531776,310.921370055235));
#1355=CARTESIAN_POINT('Ctrl Pts',(43.4369297315448,-365.620272061711,315.720629944765));
#1356=CARTESIAN_POINT('Ctrl Pts',(43.3156633103974,-366.241410423514,315.684006340756));
#1357=CARTESIAN_POINT('Ctrl Pts',(42.4129729480605,-367.344524787506,315.610759132738));
#1358=CARTESIAN_POINT('Ctrl Pts',(40.2770317763989,-367.130470917788,315.500888320712));
#1359=CARTESIAN_POINT('Ctrl Pts',(39.2805094757354,-365.228711011422,315.391017508685));
#1360=CARTESIAN_POINT('Ctrl Pts',(40.3147777985805,-363.348766518955,315.281146696658));
#1361=CARTESIAN_POINT('Ctrl Pts',(42.4540784632506,-363.173360953894,315.171275884632));
#1362=CARTESIAN_POINT('Ctrl Pts',(43.7806006520565,-364.86074130988,315.061405072605));
#1363=CARTESIAN_POINT('Ctrl Pts',(43.1056593324256,-366.898092683557,314.951534260578));
#1364=CARTESIAN_POINT('Ctrl Pts',(41.0340924975103,-367.459610367653,314.841663448551));
#1365=CARTESIAN_POINT('Ctrl Pts',(39.4226337395683,-366.041925161658,314.731792636525));
#1366=CARTESIAN_POINT('Ctrl Pts',(39.7155673060853,-363.915712175995,314.621921824498));
#1367=CARTESIAN_POINT('Ctrl Pts',(41.6503549918443,-362.986614745184,314.512051012471));
#1368=CARTESIAN_POINT('Ctrl Pts',(43.492897986833,-364.087365466887,314.402180200445));
#1369=CARTESIAN_POINT('Ctrl Pts',(43.5917799691028,-366.231388889417,314.292309388418));
#1370=CARTESIAN_POINT('Ctrl Pts',(41.8583749723348,-367.49706037928,314.182438576391));
#1371=CARTESIAN_POINT('Ctrl Pts',(39.8462844823645,-366.749994082199,314.072567764365));
#1372=CARTESIAN_POINT('Ctrl Pts',(39.3588871821778,-364.659764447766,313.962696952338));
#1373=CARTESIAN_POINT('Ctrl Pts',(40.8330233475658,-363.09978403075,313.852826140311));
#1374=CARTESIAN_POINT('Ctrl Pts',(42.9474670685431,-363.468218521153,313.742955328285));
#1375=CARTESIAN_POINT('Ctrl Pts',(43.8071032351524,-365.434850637673,313.633084516258));
#1376=CARTESIAN_POINT('Ctrl Pts',(42.6414646534616,-367.23704456226,313.523213704231));
#1377=CARTESIAN_POINT('Ctrl Pts',(40.4952796814452,-367.259545676202,313.413342892205));
#1378=CARTESIAN_POINT('Ctrl Pts',(39.2921122168665,-365.482186881447,313.303472080178));
#1379=CARTESIAN_POINT('Ctrl Pts',(40.1103266722887,-363.497963774239,313.193601268151));
#1380=CARTESIAN_POINT('Ctrl Pts',(42.2165809544247,-363.085278489879,313.083730456124));
#1381=CARTESIAN_POINT('Ctrl Pts',(43.7230998855968,-364.614008986302,312.973859644098));
#1382=CARTESIAN_POINT('Ctrl Pts',(43.2796338715888,-366.713998061826,312.863988832071));
#1383=CARTESIAN_POINT('Ctrl Pts',(41.2836487113657,-367.503085874271,312.754118020044));
#1384=CARTESIAN_POINT('Ctrl Pts',(39.5240886217949,-366.274035694629,312.644247208018));
#1385=CARTESIAN_POINT('Ctrl Pts',(39.5779965308708,-364.128409881631,312.534376395991));
#1386=CARTESIAN_POINT('Ctrl Pts',(41.3970567714081,-362.989271152429,312.424505583965));
#1387=CARTESIAN_POINT('Ctrl Pts',(43.3508969682272,-363.877596863003,312.314634771938));
#1388=CARTESIAN_POINT('Ctrl Pts',(43.6883484379692,-365.997206106539,312.204763959911));
#1389=CARTESIAN_POINT('Ctrl Pts',(42.1069584663075,-367.448354335506,312.094893147884));
#1390=CARTESIAN_POINT('Ctrl Pts',(40.024091609922,-366.930418631619,311.985022335858));
#1391=CARTESIAN_POINT('Ctrl Pts',(39.3065391478926,-364.907611390164,311.875151523831));
#1392=CARTESIAN_POINT('Ctrl Pts',(40.5974715435827,-363.19291467913,311.765280711804));
#1393=CARTESIAN_POINT('Ctrl Pts',(42.7397553501386,-363.323170185488,311.655409899778));
#1394=CARTESIAN_POINT('Ctrl Pts',(43.8135569345443,-365.181627540525,311.545539087751));
#1395=CARTESIAN_POINT('Ctrl Pts',(42.8559389764737,-367.102653904866,311.435668275724));
#1396=CARTESIAN_POINT('Ctrl Pts',(40.7263037696658,-367.364486187677,311.325797463697));
#1397=CARTESIAN_POINT('Ctrl Pts',(39.3308683635213,-365.732767013167,311.215926651671));
#1398=CARTESIAN_POINT('Ctrl Pts',(39.9256524353291,-363.670172613906,311.106055839644));
#1399=CARTESIAN_POINT('Ctrl Pts',(41.2851730778266,-363.241903057522,311.032808631626));
#1400=CARTESIAN_POINT('Ctrl Pts',(41.9069079267186,-363.360073219044,310.996185027618));
#1401=CARTESIAN_POINT('Ctrl Pts',(43.5641119096097,-365.645102161599,315.795444917147));
#1402=CARTESIAN_POINT('Ctrl Pts',(43.4346830226636,-366.308049464299,315.758821313139));
#1403=CARTESIAN_POINT('Ctrl Pts',(42.4712324008931,-367.485414665275,315.685574105121));
#1404=CARTESIAN_POINT('Ctrl Pts',(40.1915206240053,-367.256952789003,315.575703293094));
#1405=CARTESIAN_POINT('Ctrl Pts',(39.1279222183495,-365.227185062777,315.465832481067));
#1406=CARTESIAN_POINT('Ctrl Pts',(40.2318073380965,-363.220701150096,315.355961669041));
#1407=CARTESIAN_POINT('Ctrl Pts',(42.515104736104,-363.033489003195,315.246090857014));
#1408=CARTESIAN_POINT('Ctrl Pts',(43.930915384939,-364.834447250859,315.136220044987));
#1409=CARTESIAN_POINT('Ctrl Pts',(43.2105436371189,-367.008933131768,315.026349232961));
#1410=CARTESIAN_POINT('Ctrl Pts',(40.9995392457889,-367.608246677641,314.916478420934));
#1411=CARTESIAN_POINT('Ctrl Pts',(39.279612893327,-366.095136811646,314.806607608907));
#1412=CARTESIAN_POINT('Ctrl Pts',(39.5922638737447,-363.825808026801,314.696736796881));
#1413=CARTESIAN_POINT('Ctrl Pts',(41.6572824854562,-362.83417287177,314.586865984854));
#1414=CARTESIAN_POINT('Ctrl Pts',(43.6238473987726,-364.009015333248,314.476995172827));
#1415=CARTESIAN_POINT('Ctrl Pts',(43.7293851460165,-366.297353378842,314.367124360801));
#1416=CARTESIAN_POINT('Ctrl Pts',(41.8793043302728,-367.648217456651,314.257253548774));
#1417=CARTESIAN_POINT('Ctrl Pts',(39.7317796479424,-366.850865985474,314.147382736747));
#1418=CARTESIAN_POINT('Ctrl Pts',(39.2115755430726,-364.619942598053,314.037511924721));
#1419=CARTESIAN_POINT('Ctrl Pts',(40.7849360932401,-362.954959603404,313.927641112694));
#1420=CARTESIAN_POINT('Ctrl Pts',(43.0417034219622,-363.348193489209,313.817770300667));
#1421=CARTESIAN_POINT('Ctrl Pts',(43.9592018619278,-365.447199986354,313.70789948864));
#1422=CARTESIAN_POINT('Ctrl Pts',(42.7151039263054,-367.37069992569,313.598028676614));
#1423=CARTESIAN_POINT('Ctrl Pts',(40.4244588369189,-367.394715593878,313.488157864587));
#1424=CARTESIAN_POINT('Ctrl Pts',(39.1403059421861,-365.497722441671,313.37828705256));
#1425=CARTESIAN_POINT('Ctrl Pts',(40.0135945677312,-363.37994090092,313.268416240534));
#1426=CARTESIAN_POINT('Ctrl Pts',(42.261621224931,-362.939477691827,313.158545428507));
#1427=CARTESIAN_POINT('Ctrl Pts',(43.8695442309871,-364.571107327802,313.04867461648));
#1428=CARTESIAN_POINT('Ctrl Pts',(43.3962284354978,-366.812447066145,312.938803804454));
#1429=CARTESIAN_POINT('Ctrl Pts',(41.2658931357133,-367.654648528852,312.828932992427));
#1430=CARTESIAN_POINT('Ctrl Pts',(39.3878967229115,-366.342870748598,312.7190621804));
#1431=CARTESIAN_POINT('Ctrl Pts',(39.4454331835679,-364.05282245533,312.609191368374));
#1432=CARTESIAN_POINT('Ctrl Pts',(41.3869347137786,-362.837008082291,312.499320556347));
#1433=CARTESIAN_POINT('Ctrl Pts',(43.472288264682,-363.785127164865,312.38944974432));
#1434=CARTESIAN_POINT('Ctrl Pts',(43.8324536568311,-366.047407708449,312.279578932293));
#1435=CARTESIAN_POINT('Ctrl Pts',(42.1446200263548,-367.596232999836,312.169708120267));
#1436=CARTESIAN_POINT('Ctrl Pts',(39.921555006967,-367.043434945523,312.05983730824));
#1437=CARTESIAN_POINT('Ctrl Pts',(39.1557039526748,-364.884472165134,311.949966496213));
#1438=CARTESIAN_POINT('Ctrl Pts',(40.5335292526718,-363.054358893384,311.840095684187));
#1439=CARTESIAN_POINT('Ctrl Pts',(42.8200105884111,-363.19338192257,311.73022487216));
#1440=CARTESIAN_POINT('Ctrl Pts',(43.9660899610494,-365.176932394527,311.620354060134));
#1441=CARTESIAN_POINT('Ctrl Pts',(42.9440145566624,-367.227263407666,311.510483248107));
#1442=CARTESIAN_POINT('Ctrl Pts',(40.6710332003183,-367.506719671076,311.40061243608));
#1443=CARTESIAN_POINT('Ctrl Pts',(39.18167077242,-365.765169169566,311.290741624053));
#1444=CARTESIAN_POINT('Ctrl Pts',(39.8164898728688,-363.563741150235,311.180870812027));
#1445=CARTESIAN_POINT('Ctrl Pts',(41.2675201075697,-363.106644688813,311.107623604009));
#1446=CARTESIAN_POINT('Ctrl Pts',(41.9311040470178,-363.232768906311,311.071));
#1447=CARTESIAN_POINT('Ctrl Pts',(43.1825653754148,-365.570611861936,315.571));
#1448=CARTESIAN_POINT('Ctrl Pts',(43.1777694085823,-365.632374787401,315.571));
#1449=CARTESIAN_POINT('Ctrl Pts',(43.1692621687361,-365.693608521419,315.571));
#1450=CARTESIAN_POINT('Ctrl Pts',(43.1573143467737,-365.754098380964,315.571));
#1451=CARTESIAN_POINT('Ctrl Pts',(43.1447385451945,-365.81776759813,315.571));
#1452=CARTESIAN_POINT('Ctrl Pts',(43.1283511231428,-365.8806133913,315.571));
#1453=CARTESIAN_POINT('Ctrl Pts',(43.1084096768429,-365.942396578425,315.571));
#1454=CARTESIAN_POINT('Ctrl Pts',(43.0909609113304,-365.996456867161,315.571));
#1455=CARTESIAN_POINT('Ctrl Pts',(43.0707900442632,-366.049704139338,315.571));
#1456=CARTESIAN_POINT('Ctrl Pts',(43.0480355959828,-366.101977612423,315.571));
#1457=CARTESIAN_POINT('Ctrl Pts',(43.0371209412526,-366.127051694784,315.571));
#1458=CARTESIAN_POINT('Ctrl Pts',(43.0256113955724,-366.151901667091,315.571));
#1459=CARTESIAN_POINT('Ctrl Pts',(43.0135198677327,-366.176509246511,315.571));
#1460=CARTESIAN_POINT('Ctrl Pts',(43.0062141337825,-366.191377212808,315.571));
#1461=CARTESIAN_POINT('Ctrl Pts',(42.9986928344942,-366.206162211783,315.571));
#1462=CARTESIAN_POINT('Ctrl Pts',(42.9909753220675,-366.220829213942,315.571));
#1463=CARTESIAN_POINT('Ctrl Pts',(42.9597990329807,-366.280079225355,315.571));
#1464=CARTESIAN_POINT('Ctrl Pts',(42.9253895600027,-366.337482064049,315.571));
#1465=CARTESIAN_POINT('Ctrl Pts',(42.8880120112949,-366.39279554145,315.571));
#1466=CARTESIAN_POINT('Ctrl Pts',(42.8499622632015,-366.449103778723,315.571));
#1467=CARTESIAN_POINT('Ctrl Pts',(42.8088364153687,-366.503247789707,315.571));
#1468=CARTESIAN_POINT('Ctrl Pts',(42.7648611048676,-366.554964156612,315.571));
#1469=CARTESIAN_POINT('Ctrl Pts',(42.7291823015717,-366.596923566583,315.571));
#1470=CARTESIAN_POINT('Ctrl Pts',(42.6916266739433,-366.637285013187,315.571));
#1471=CARTESIAN_POINT('Ctrl Pts',(42.652292662559,-366.675897305224,315.571));
#1472=CARTESIAN_POINT('Ctrl Pts',(42.6348143782339,-366.693054889587,315.571));
#1473=CARTESIAN_POINT('Ctrl Pts',(42.616984699372,-366.709866939515,315.571));
#1474=CARTESIAN_POINT('Ctrl Pts',(42.5988111287037,-366.726319290215,315.571));
#1475=CARTESIAN_POINT('Ctrl Pts',(42.5875271316662,-366.736534579216,315.571));
#1476=CARTESIAN_POINT('Ctrl Pts',(42.5761071917967,-366.746613896693,315.571));
#1477=CARTESIAN_POINT('Ctrl Pts',(42.5645748260096,-366.756535447732,315.571));
#1478=CARTESIAN_POINT('Ctrl Pts',(42.5113626044711,-366.802315106616,315.571));
#1479=CARTESIAN_POINT('Ctrl Pts',(42.4556818085732,-366.84481184911,315.571));
#1480=CARTESIAN_POINT('Ctrl Pts',(42.3977807351762,-366.883756749427,315.571));
#1481=CARTESIAN_POINT('Ctrl Pts',(42.3519943186713,-366.914553197956,315.571));
#1482=CARTESIAN_POINT('Ctrl Pts',(42.3048184020547,-366.943128555781,315.571));
#1483=CARTESIAN_POINT('Ctrl Pts',(42.2563559280956,-366.969338025768,315.571));
#1484=CARTESIAN_POINT('Ctrl Pts',(42.1967045208484,-367.001598693461,315.571));
#1485=CARTESIAN_POINT('Ctrl Pts',(42.1351045360947,-367.030276739549,315.571));
#1486=CARTESIAN_POINT('Ctrl Pts',(42.0718766319217,-367.05542794151,315.571));
#1487=CARTESIAN_POINT('Ctrl Pts',(42.0452413159631,-367.066023108624,315.571));
#1488=CARTESIAN_POINT('Ctrl Pts',(42.0183167392541,-367.075991882502,315.571));
#1489=CARTESIAN_POINT('Ctrl Pts',(41.9911254874175,-367.085336107838,315.571));
#1490=CARTESIAN_POINT('Ctrl Pts',(41.9756061292831,-367.09066930766,315.571));
#1491=CARTESIAN_POINT('Ctrl Pts',(41.9599946435302,-367.095800534589,315.571));
#1492=CARTESIAN_POINT('Ctrl Pts',(41.9443257827393,-367.100720738719,315.571));
#1493=CARTESIAN_POINT('Ctrl Pts',(41.8774985064316,-367.121705279032,315.571));
#1494=CARTESIAN_POINT('Ctrl Pts',(41.8095429594995,-367.138887461159,315.571));
#1495=CARTESIAN_POINT('Ctrl Pts',(41.7408247145273,-367.152367886586,315.571));
#1496=CARTESIAN_POINT('Ctrl Pts',(41.6705491161795,-367.166153817283,315.571));
#1497=CARTESIAN_POINT('Ctrl Pts',(41.599475024762,-367.176068591446,315.571));
#1498=CARTESIAN_POINT('Ctrl Pts',(41.5279614777994,-367.182173854639,315.571));
#1499=CARTESIAN_POINT('Ctrl Pts',(41.4757435976646,-367.186631805826,315.571));
#1500=CARTESIAN_POINT('Ctrl Pts',(41.4232906801274,-367.189057703278,315.571));
#1501=CARTESIAN_POINT('Ctrl Pts',(41.3707361936097,-367.189459326714,315.571));
#1502=CARTESIAN_POINT('Ctrl Pts',(41.3443499896443,-367.189660971113,315.571));
#1503=CARTESIAN_POINT('Ctrl Pts',(41.3179381236857,-367.189352123156,315.571));
#1504=CARTESIAN_POINT('Ctrl Pts',(41.2915172703424,-367.188532428806,315.571));
#1505=CARTESIAN_POINT('Ctrl Pts',(41.2738671507044,-367.187984842278,315.571));
#1506=CARTESIAN_POINT('Ctrl Pts',(41.256213017981,-367.187209259742,315.571));
#1507=CARTESIAN_POINT('Ctrl Pts',(41.2385598379193,-367.186205349013,315.571));
#1508=CARTESIAN_POINT('Ctrl Pts',(41.2268643523674,-367.185540243725,315.571));
#1509=CARTESIAN_POINT('Ctrl Pts',(41.2151715015286,-367.184774990644,315.571));
#1510=CARTESIAN_POINT('Ctrl Pts',(41.2034916463401,-367.183910376141,315.571));
#1511=CARTESIAN_POINT('Ctrl Pts',(41.1289758491143,-367.178394259895,315.571));
#1512=CARTESIAN_POINT('Ctrl Pts',(41.0548873365134,-367.168832451293,315.571));
#1513=CARTESIAN_POINT('Ctrl Pts',(40.9816081885989,-367.155274832139,315.571));
#1514=CARTESIAN_POINT('Ctrl Pts',(40.9306117819391,-367.145839817139,315.571));
#1515=CARTESIAN_POINT('Ctrl Pts',(40.8800068727878,-367.134468571343,315.571));
#1516=CARTESIAN_POINT('Ctrl Pts',(40.8299201671282,-367.121163148076,315.571));
#1517=CARTESIAN_POINT('Ctrl Pts',(40.8117380823753,-367.116333117226,315.571));
#1518=CARTESIAN_POINT('Ctrl Pts',(40.7936242861733,-367.111248087467,315.571));
#1519=CARTESIAN_POINT('Ctrl Pts',(40.7755848691121,-367.105907753681,315.571));
#1520=CARTESIAN_POINT('Ctrl Pts',(40.7611057710362,-367.101621405825,315.571));
#1521=CARTESIAN_POINT('Ctrl Pts',(40.7466761764902,-367.097170955417,315.571));
#1522=CARTESIAN_POINT('Ctrl Pts',(40.7323104848924,-367.092560150562,315.571));
#1523=CARTESIAN_POINT('Ctrl Pts',(40.6605812375379,-367.069537968883,315.571));
#1524=CARTESIAN_POINT('Ctrl Pts',(40.5903677450013,-367.042499564897,315.571));
#1525=CARTESIAN_POINT('Ctrl Pts',(40.5220505390735,-367.011469735811,315.571));
#1526=CARTESIAN_POINT('Ctrl Pts',(40.4802194031104,-366.992469939467,315.571));
#1527=CARTESIAN_POINT('Ctrl Pts',(40.4390991317773,-366.971972679602,315.571));
#1528=CARTESIAN_POINT('Ctrl Pts',(40.3987783263114,-366.949974034886,315.571));
#1529=CARTESIAN_POINT('Ctrl Pts',(40.3734587545109,-366.93615991937,315.571));
#1530=CARTESIAN_POINT('Ctrl Pts',(40.3484544605962,-366.92175362536,315.571));
#1531=CARTESIAN_POINT('Ctrl Pts',(40.3237735266574,-366.906774008391,315.571));
#1532=CARTESIAN_POINT('Ctrl Pts',(39.8829970430121,-365.252443811681,314.54248036339));
#1533=CARTESIAN_POINT('Ctrl Pts',(39.8818064019623,-365.45076377987,314.55570780618));
#1534=CARTESIAN_POINT('Ctrl Pts',(39.9146613299164,-365.648702542981,314.56893524897));
#1535=CARTESIAN_POINT('Ctrl Pts',(39.9833458166539,-365.833310944798,314.58216269176));
#1536=CARTESIAN_POINT('Ctrl Pts',(40.173516621685,-366.344447157013,314.618786295769));
#1537=CARTESIAN_POINT('Ctrl Pts',(40.638357811319,-366.753392452345,314.655409899778));
#1538=CARTESIAN_POINT('Ctrl Pts',(41.169560359817,-366.87687743992,314.692033503787));
#1539=CARTESIAN_POINT('Ctrl Pts',(41.700762908315,-367.000362427496,314.728657107795));
#1540=CARTESIAN_POINT('Ctrl Pts',(42.2983268156769,-366.838387107315,314.765280711804));
#1541=CARTESIAN_POINT('Ctrl Pts',(42.6944555132333,-366.463552387356,314.801904315813));
#1542=CARTESIAN_POINT('Ctrl Pts',(43.0905842107897,-366.088717667397,314.838527919822));
#1543=CARTESIAN_POINT('Ctrl Pts',(43.2852776985406,-365.501023547659,314.875151523831));
#1544=CARTESIAN_POINT('Ctrl Pts',(43.1913002309581,-364.963805725685,314.91177512784));
#1545=CARTESIAN_POINT('Ctrl Pts',(43.0973227633756,-364.426587903711,314.948398731849));
#1546=CARTESIAN_POINT('Ctrl Pts',(42.7146743404597,-363.939846379501,314.985022335858));
#1547=CARTESIAN_POINT('Ctrl Pts',(42.2147989293359,-363.72177435096,315.021645939867));
#1548=CARTESIAN_POINT('Ctrl Pts',(41.7149235182121,-363.503702322419,315.058269543875));
#1549=CARTESIAN_POINT('Ctrl Pts',(41.0978211188804,-363.554299789546,315.094893147884));
#1550=CARTESIAN_POINT('Ctrl Pts',(40.6400974643743,-363.850742798449,315.131516751893));
#1551=CARTESIAN_POINT('Ctrl Pts',(40.1823738098681,-364.147185807352,315.168140355902));
#1552=CARTESIAN_POINT('Ctrl Pts',(39.8840289001876,-364.689474358032,315.204763959911));
#1553=CARTESIAN_POINT('Ctrl Pts',(39.8785847937938,-365.234909344479,315.24138756392));
#1554=CARTESIAN_POINT('Ctrl Pts',(39.8785306455038,-365.240334361856,315.24175183041));
#1555=CARTESIAN_POINT('Ctrl Pts',(39.878505473108,-365.245759690502,315.2421160969));
#1556=CARTESIAN_POINT('Ctrl Pts',(39.8785091501069,-365.251185087808,315.242480363391));
#1557=CARTESIAN_POINT('Ctrl Pts',(39.9327065554174,-365.673886820966,311.071));
#1558=CARTESIAN_POINT('Ctrl Pts',(39.9240682435213,-365.651946383234,311.071));
#1559=CARTESIAN_POINT('Ctrl Pts',(39.91594130116,-365.629829912645,311.071));
#1560=CARTESIAN_POINT('Ctrl Pts',(39.9083369715252,-365.607550702342,311.071));
#1561=CARTESIAN_POINT('Ctrl Pts',(39.8881818124338,-365.548499997066,311.071));
#1562=CARTESIAN_POINT('Ctrl Pts',(39.871694719517,-365.488308162291,311.071));
#1563=CARTESIAN_POINT('Ctrl Pts',(39.8587342080437,-365.427282264381,311.071));
#1564=CARTESIAN_POINT('Ctrl Pts',(39.8514402925036,-365.392938114767,311.071));
#1565=CARTESIAN_POINT('Ctrl Pts',(39.8452641117891,-365.358329233402,311.071));
#1566=CARTESIAN_POINT('Ctrl Pts',(39.8401865636979,-365.323506913977,311.071));
#1567=CARTESIAN_POINT('Ctrl Pts',(39.8381546859724,-365.309572098605,311.071));
#1568=CARTESIAN_POINT('Ctrl Pts',(39.8362985191683,-365.29560080484,311.071));
#1569=CARTESIAN_POINT('Ctrl Pts',(39.8346179138097,-365.281603671623,311.071));
#1570=CARTESIAN_POINT('Ctrl Pts',(39.8268259772195,-365.216707547189,311.071));
#1571=CARTESIAN_POINT('Ctrl Pts',(39.8228161978562,-365.151370291402,311.071));
#1572=CARTESIAN_POINT('Ctrl Pts',(39.8224407708962,-365.08592543612,311.071));
#1573=CARTESIAN_POINT('Ctrl Pts',(39.8221482544465,-365.034933635415,311.071));
#1574=CARTESIAN_POINT('Ctrl Pts',(39.8240630698574,-364.98387572169,311.071));
#1575=CARTESIAN_POINT('Ctrl Pts',(39.8281355786687,-364.932901274854,311.071));
#1576=CARTESIAN_POINT('Ctrl Pts',(39.8293630554602,-364.917537293251,311.071));
#1577=CARTESIAN_POINT('Ctrl Pts',(39.8307866702572,-364.902180862712,311.071));
#1578=CARTESIAN_POINT('Ctrl Pts',(39.8324053783296,-364.886836015352,311.071));
#1579=CARTESIAN_POINT('Ctrl Pts',(39.8337341987442,-364.87423921252,311.071));
#1580=CARTESIAN_POINT('Ctrl Pts',(39.8351944555164,-364.86165142328,311.071));
#1581=CARTESIAN_POINT('Ctrl Pts',(39.8367837193548,-364.849087401627,311.071));
#1582=CARTESIAN_POINT('Ctrl Pts',(39.8452663285445,-364.782027620261,311.071));
#1583=CARTESIAN_POINT('Ctrl Pts',(39.8574297240398,-364.715551205465,311.071));
#1584=CARTESIAN_POINT('Ctrl Pts',(39.8731259504551,-364.649996157207,311.071));
#1585=CARTESIAN_POINT('Ctrl Pts',(39.8891396850485,-364.583115040926,311.071));
#1586=CARTESIAN_POINT('Ctrl Pts',(39.9088305234471,-364.517191891485,311.071));
#1587=CARTESIAN_POINT('Ctrl Pts',(39.9320938392396,-364.45257406348,311.071));
#1588=CARTESIAN_POINT('Ctrl Pts',(39.9484239549578,-364.407214381386,311.071));
#1589=CARTESIAN_POINT('Ctrl Pts',(39.9665155496582,-364.36249763697,311.071));
#1590=CARTESIAN_POINT('Ctrl Pts',(39.9863477337755,-364.31854507921,311.071));
#1591=CARTESIAN_POINT('Ctrl Pts',(39.9967531250275,-364.295484403829,311.071));
#1592=CARTESIAN_POINT('Ctrl Pts',(40.0076378751593,-364.272634133528,311.071));
#1593=CARTESIAN_POINT('Ctrl Pts',(40.0190003361182,-364.250012203976,311.071));
#1594=CARTESIAN_POINT('Ctrl Pts',(40.0244336280397,-364.239194868934,311.071));
#1595=CARTESIAN_POINT('Ctrl Pts',(40.0299761648467,-364.228429750735,311.071));
#1596=CARTESIAN_POINT('Ctrl Pts',(40.0356278418279,-364.217718844963,311.071));
#1597=CARTESIAN_POINT('Ctrl Pts',(40.0415003860539,-364.206589357545,311.071));
#1598=CARTESIAN_POINT('Ctrl Pts',(40.0474870199145,-364.195525609768,311.071));
#1599=CARTESIAN_POINT('Ctrl Pts',(40.0535837161634,-364.184535659927,311.071));
#1600=CARTESIAN_POINT('Ctrl Pts',(40.0878782109321,-364.122716149497,311.071));
#1601=CARTESIAN_POINT('Ctrl Pts',(40.1256827475614,-364.063171386122,311.071));
#1602=CARTESIAN_POINT('Ctrl Pts',(40.1668775441363,-364.006258818539,311.071));
#1603=CARTESIAN_POINT('Ctrl Pts',(40.1808486861579,-363.986957022423,311.071));
#1604=CARTESIAN_POINT('Ctrl Pts',(40.195210222878,-363.967958011669,311.071));
#1605=CARTESIAN_POINT('Ctrl Pts',(40.2099588290012,-363.949275936715,311.071));
#1606=CARTESIAN_POINT('Ctrl Pts',(40.2520235201521,-363.895992548005,311.071));
#1607=CARTESIAN_POINT('Ctrl Pts',(40.2972333825265,-363.845285347839,311.071));
#1608=CARTESIAN_POINT('Ctrl Pts',(40.345269343038,-363.797216733776,311.071));
#1609=CARTESIAN_POINT('Ctrl Pts',(40.3706603641109,-363.771808452571,311.071));
#1610=CARTESIAN_POINT('Ctrl Pts',(40.3968417947221,-363.747137807491,311.071));
#1611=CARTESIAN_POINT('Ctrl Pts',(40.4237712897688,-363.723217169653,311.071));
#1612=CARTESIAN_POINT('Ctrl Pts',(40.4464044555191,-363.703112828295,311.071));
#1613=CARTESIAN_POINT('Ctrl Pts',(40.4695660979415,-363.683538305092,311.071));
#1614=CARTESIAN_POINT('Ctrl Pts',(40.4932325962794,-363.664502323248,311.071));
#1615=CARTESIAN_POINT('Ctrl Pts',(40.5023666868604,-363.657155381593,311.071));
#1616=CARTESIAN_POINT('Ctrl Pts',(40.5115690704525,-363.649894263607,311.071));
#1617=CARTESIAN_POINT('Ctrl Pts',(40.5208358703251,-363.642720819506,311.071));
#1618=CARTESIAN_POINT('Ctrl Pts',(40.5768209941522,-363.59938264864,311.071));
#1619=CARTESIAN_POINT('Ctrl Pts',(40.6351781297499,-363.559222462079,311.071));
#1620=CARTESIAN_POINT('Ctrl Pts',(40.6955422499631,-363.522292048572,311.071));
#1621=CARTESIAN_POINT('Ctrl Pts',(40.757132583245,-363.484611445126,311.071));
#1622=CARTESIAN_POINT('Ctrl Pts',(40.820812945878,-363.450292578126,311.071));
#1623=CARTESIAN_POINT('Ctrl Pts',(40.8862406845801,-363.419422269262,311.071));
#1624=CARTESIAN_POINT('Ctrl Pts',(40.9521002623288,-363.388348208825,311.071));
#1625=CARTESIAN_POINT('Ctrl Pts',(41.0197312133943,-363.360767810456,311.071));
#1626=CARTESIAN_POINT('Ctrl Pts',(41.0888174739708,-363.336810199147,311.071));
#1627=CARTESIAN_POINT('Ctrl Pts',(41.1057092288262,-363.33095250626,311.071));
#1628=CARTESIAN_POINT('Ctrl Pts',(41.122688105161,-363.325311600642,311.071));
#1629=CARTESIAN_POINT('Ctrl Pts',(41.1397496923377,-363.319889796651,311.071));
#1630=CARTESIAN_POINT('Ctrl Pts',(41.1536423363635,-363.315475014367,311.071));
#1631=CARTESIAN_POINT('Ctrl Pts',(41.1675921151446,-363.311204949686,311.071));
#1632=CARTESIAN_POINT('Ctrl Pts',(41.1815742674657,-363.307087181074,311.071));
#1633=CARTESIAN_POINT('Ctrl Pts',(41.2536507236056,-363.285860537142,311.071));
#1634=CARTESIAN_POINT('Ctrl Pts',(41.3267087377882,-363.268636614895,311.071));
#1635=CARTESIAN_POINT('Ctrl Pts',(41.4003810788857,-363.255496862527,311.071));
#1636=CARTESIAN_POINT('Ctrl Pts',(41.4741786271101,-363.242334778976,311.071));
#1637=CARTESIAN_POINT('Ctrl Pts',(41.5485935406125,-363.233270234896,311.071));
#1638=CARTESIAN_POINT('Ctrl Pts',(41.6232857432037,-363.228428385285,311.071));
#1639=CARTESIAN_POINT('Ctrl Pts',(41.6963424953698,-363.223692552162,311.071));
#1640=CARTESIAN_POINT('Ctrl Pts',(41.769665483812,-363.222996199855,311.071));
#1641=CARTESIAN_POINT('Ctrl Pts',(41.842950028904,-363.226503757599,311.071));
#1642=CARTESIAN_POINT('Ctrl Pts',(41.8723473306478,-363.227910776409,311.071));
#1643=CARTESIAN_POINT('Ctrl Pts',(41.9017385230423,-363.229994824498,311.071));
#1644=CARTESIAN_POINT('Ctrl Pts',(41.9311040470176,-363.232768906311,311.071));
#1645=CARTESIAN_POINT('Ctrl Pts',(39.4890761779461,-365.251139277962,315.466925280538));
#1646=CARTESIAN_POINT('Ctrl Pts',(39.489071642944,-365.244447900342,315.466561014048));
#1647=CARTESIAN_POINT('Ctrl Pts',(39.492224096168,-364.565009403257,315.429573143549));
#1648=CARTESIAN_POINT('Ctrl Pts',(40.2318073380965,-363.220701150096,315.355961669041));
#1649=CARTESIAN_POINT('Ctrl Pts',(42.515104736104,-363.033489003195,315.246090857014));
#1650=CARTESIAN_POINT('Ctrl Pts',(43.930915384939,-364.834447250859,315.136220044987));
#1651=CARTESIAN_POINT('Ctrl Pts',(43.2105436371189,-367.008933131768,315.026349232961));
#1652=CARTESIAN_POINT('Ctrl Pts',(40.9995392457889,-367.608246677641,314.916478420934));
#1653=CARTESIAN_POINT('Ctrl Pts',(39.6458582453453,-366.417342151846,314.830003770126));
#1654=CARTESIAN_POINT('Ctrl Pts',(39.4931428215535,-365.497288328091,314.780152723328));
#1655=CARTESIAN_POINT('Ctrl Pts',(39.4946112907594,-365.252691716665,314.766925280538));
#1656=CARTESIAN_POINT('Origin',(41.5474360481644,-365.251381407302,322.116925280538));
#1657=CARTESIAN_POINT('Ctrl Pts',(39.4973880129212,-365.249896636131,315.525074719463));
#1658=CARTESIAN_POINT('Ctrl Pts',(39.4985168401991,-364.855849741269,315.5037595423));
#1659=CARTESIAN_POINT('Ctrl Pts',(39.7962912200501,-363.784883683017,315.445820761128));
#1660=CARTESIAN_POINT('Ctrl Pts',(41.5219094758111,-362.830602557276,315.351258375947));
#1661=CARTESIAN_POINT('Ctrl Pts',(43.5512099036721,-363.895092060988,315.24138756392));
#1662=CARTESIAN_POINT('Ctrl Pts',(43.7845462824318,-366.173269617598,315.131516751893));
#1663=CARTESIAN_POINT('Ctrl Pts',(42.0130546756999,-367.62596093456,315.021645939867));
#1664=CARTESIAN_POINT('Ctrl Pts',(39.9780763453158,-366.997515135984,314.919498595723));
#1665=CARTESIAN_POINT('Ctrl Pts',(39.4966934649659,-365.782286682072,314.853974855588));
#1666=CARTESIAN_POINT('Ctrl Pts',(39.4919582896816,-365.249641761781,314.825074719463));
#1667=CARTESIAN_POINT('Ctrl Pts',(39.6648085384986,-366.074613587401,315.571));
#1668=CARTESIAN_POINT('Ctrl Pts',(39.3941852004969,-365.455732361428,315.534376395991));
#1669=CARTESIAN_POINT('Ctrl Pts',(39.5169359480616,-363.939369452129,315.461129187973));
#1670=CARTESIAN_POINT('Ctrl Pts',(41.5219094758111,-362.830602557276,315.351258375947));
#1671=CARTESIAN_POINT('Ctrl Pts',(43.5512099036721,-363.895092060988,315.24138756392));
#1672=CARTESIAN_POINT('Ctrl Pts',(43.7845462824318,-366.173269617598,315.131516751893));
#1673=CARTESIAN_POINT('Ctrl Pts',(42.0130546756999,-367.62596093456,315.021645939867));
#1674=CARTESIAN_POINT('Ctrl Pts',(39.8242094982688,-366.949997689668,314.91177512784));
#1675=CARTESIAN_POINT('Ctrl Pts',(39.1798821554403,-364.751778916418,314.801904315813));
#1676=CARTESIAN_POINT('Ctrl Pts',(40.6575155910889,-363.001260181251,314.692033503787));
#1677=CARTESIAN_POINT('Ctrl Pts',(42.9327663917429,-363.267495318636,314.58216269176));
#1678=CARTESIAN_POINT('Ctrl Pts',(43.9663830739194,-365.311814165287,314.472291879733));
#1679=CARTESIAN_POINT('Ctrl Pts',(42.8319684655923,-367.301976187106,314.362421067706));
#1680=CARTESIAN_POINT('Ctrl Pts',(40.546263847495,-367.454245661162,314.25255025568));
#1681=CARTESIAN_POINT('Ctrl Pts',(39.1578813722787,-365.632152755672,314.142679443653));
#1682=CARTESIAN_POINT('Ctrl Pts',(39.9111879513757,-363.468784731745,314.032808631626));
#1683=CARTESIAN_POINT('Ctrl Pts',(42.1310167223099,-362.90310718696,313.9229378196));
#1684=CARTESIAN_POINT('Ctrl Pts',(43.8277988856568,-364.442120178641,313.813067007573));
#1685=CARTESIAN_POINT('Ctrl Pts',(43.4807573980711,-366.706450814041,313.703196195546));
#1686=CARTESIAN_POINT('Ctrl Pts',(41.4009355524887,-367.66664453551,313.59332538352));
#1687=CARTESIAN_POINT('Ctrl Pts',(39.452417892481,-366.46210735542,313.483454571493));
#1688=CARTESIAN_POINT('Ctrl Pts',(39.3816047832241,-364.172431303924,313.373583759466));
#1689=CARTESIAN_POINT('Ctrl Pts',(41.2519639809204,-362.84978721853,313.26371294744));
#1690=CARTESIAN_POINT('Ctrl Pts',(43.387146298476,-363.679622970084,313.153842135413));
#1691=CARTESIAN_POINT('Ctrl Pts',(43.8734492020612,-365.918180628712,313.043971323386));
#1692=CARTESIAN_POINT('Ctrl Pts',(42.2750133743799,-367.559105313766,312.93410051136));
#1693=CARTESIAN_POINT('Ctrl Pts',(40.0244709084185,-367.131683392844,312.824229699333));
#1694=CARTESIAN_POINT('Ctrl Pts',(39.1389183086392,-365.01900085987,312.714358887306));
#1695=CARTESIAN_POINT('Ctrl Pts',(40.4120509506273,-363.114594312826,312.60448807528));
#1696=CARTESIAN_POINT('Ctrl Pts',(42.7027965655403,-363.12532865818,312.494617263253));
#1697=CARTESIAN_POINT('Ctrl Pts',(43.9580258761971,-365.041582877904,312.384746451226));
#1698=CARTESIAN_POINT('Ctrl Pts',(43.0527125588084,-367.145873686329,312.2748756392));
#1699=CARTESIAN_POINT('Ctrl Pts',(40.7982637336542,-367.552185079826,312.165004827173));
#1700=CARTESIAN_POINT('Ctrl Pts',(39.2152752808095,-365.896353218772,312.055134015146));
#1701=CARTESIAN_POINT('Ctrl Pts',(39.7225381650529,-363.662449518309,311.945263203119));
#1702=CARTESIAN_POINT('Ctrl Pts',(41.8653985930934,-362.852664251474,311.835392391093));
#1703=CARTESIAN_POINT('Ctrl Pts',(43.7232911186301,-364.192769739043,311.725521579066));
#1704=CARTESIAN_POINT('Ctrl Pts',(43.6309983835116,-366.481699284346,311.615650767039));
#1705=CARTESIAN_POINT('Ctrl Pts',(41.6713293483473,-367.66787834857,311.505779955013));
#1706=CARTESIAN_POINT('Ctrl Pts',(39.6004775347055,-366.688316055939,311.395909142986));
#1707=CARTESIAN_POINT('Ctrl Pts',(39.2749144618368,-364.42060724291,311.286038330959));
#1708=CARTESIAN_POINT('Ctrl Pts',(40.9854540115571,-362.897914465645,311.176167518933));
#1709=CARTESIAN_POINT('Ctrl Pts',(43.2010040342052,-363.483180411326,311.066296706906));
#1710=CARTESIAN_POINT('Ctrl Pts',(43.9310216698784,-365.654897963335,310.956425894879));
#1711=CARTESIAN_POINT('Ctrl Pts',(42.9975631902034,-366.856180397006,310.883178686861));
#1712=CARTESIAN_POINT('Ctrl Pts',(42.3800379972984,-367.129883884489,310.846555082853));
#1713=CARTESIAN_POINT('Ctrl Pts',(39.7835369230357,-366.022696239789,315.645814972382));
#1714=CARTESIAN_POINT('Ctrl Pts',(39.5299805149359,-365.442844916334,315.609191368374));
#1715=CARTESIAN_POINT('Ctrl Pts',(39.6449899552669,-364.022111821042,315.535944160356));
#1716=CARTESIAN_POINT('Ctrl Pts',(41.5235193156135,-362.983269593485,315.426073348329));
#1717=CARTESIAN_POINT('Ctrl Pts',(43.4248413939055,-363.980626794878,315.316202536302));
#1718=CARTESIAN_POINT('Ctrl Pts',(43.6434623543673,-366.115130502255,315.206331724276));
#1719=CARTESIAN_POINT('Ctrl Pts',(41.9836903180807,-367.476207470437,315.096460912249));
#1720=CARTESIAN_POINT('Ctrl Pts',(39.9328852205824,-366.84287402016,314.986590100222));
#1721=CARTESIAN_POINT('Ctrl Pts',(39.3291925461279,-364.783286475056,314.876719288196));
#1722=CARTESIAN_POINT('Ctrl Pts',(40.7136386519135,-363.143164650834,314.766848476169));
#1723=CARTESIAN_POINT('Ctrl Pts',(42.8454001799465,-363.39260960131,314.656977664142));
#1724=CARTESIAN_POINT('Ctrl Pts',(43.8138315621763,-365.308002957976,314.547106852116));
#1725=CARTESIAN_POINT('Ctrl Pts',(42.7509591007425,-367.172654903795,314.437236040089));
#1726=CARTESIAN_POINT('Ctrl Pts',(40.6094030279323,-367.315321464595,314.327365228062));
#1727=CARTESIAN_POINT('Ctrl Pts',(39.3085792479733,-365.608139313375,314.217494416036));
#1728=CARTESIAN_POINT('Ctrl Pts',(40.0143783553383,-363.581204646191,314.107623604009));
#1729=CARTESIAN_POINT('Ctrl Pts',(42.0942130581052,-363.051201700187,313.997752791982));
#1730=CARTESIAN_POINT('Ctrl Pts',(43.6839872211274,-364.493156444633,313.887881979955));
#1731=CARTESIAN_POINT('Ctrl Pts',(43.358831993557,-366.614686490422,313.778011167929));
#1732=CARTESIAN_POINT('Ctrl Pts',(41.4101746436504,-367.514325349706,313.668140355902));
#1733=CARTESIAN_POINT('Ctrl Pts',(39.5845407473331,-366.3857526144,313.558269543876));
#1734=CARTESIAN_POINT('Ctrl Pts',(39.5181934848903,-364.240475567652,313.448398731849));
#1735=CARTESIAN_POINT('Ctrl Pts',(41.270598002276,-363.001244369178,313.338527919822));
#1736=CARTESIAN_POINT('Ctrl Pts',(43.271124501857,-363.778746317201,313.228657107795));
#1737=CARTESIAN_POINT('Ctrl Pts',(43.7267585886731,-365.876128765578,313.118786295769));
#1738=CARTESIAN_POINT('Ctrl Pts',(42.2291285245496,-367.413568116437,313.008915483742));
#1739=CARTESIAN_POINT('Ctrl Pts',(40.1205170937737,-367.01310166808,312.899044671715));
#1740=CARTESIAN_POINT('Ctrl Pts',(39.2908120947836,-365.033655998421,312.789173859689));
#1741=CARTESIAN_POINT('Ctrl Pts',(40.4836543016704,-363.249351336467,312.679303047662));
#1742=CARTESIAN_POINT('Ctrl Pts',(42.6299334595453,-363.259408717591,312.569432235635));
#1743=CARTESIAN_POINT('Ctrl Pts',(43.806001413262,-365.054813875723,312.459561423609));
#1744=CARTESIAN_POINT('Ctrl Pts',(42.9577819113633,-367.026397047083,312.349690611582));
#1745=CARTESIAN_POINT('Ctrl Pts',(40.8455104769346,-367.407084308817,312.239819799555));
#1746=CARTESIAN_POINT('Ctrl Pts',(39.3623535950098,-365.855677906819,312.129948987529));
#1747=CARTESIAN_POINT('Ctrl Pts',(39.8376258159528,-363.762655913546,312.020078175502));
#1748=CARTESIAN_POINT('Ctrl Pts',(41.8453462040207,-363.003939961306,311.910207363475));
#1749=CARTESIAN_POINT('Ctrl Pts',(43.5860702631094,-364.259531354168,311.800336551449));
#1750=CARTESIAN_POINT('Ctrl Pts',(43.4995979928937,-366.404108973327,311.690465739422));
#1751=CARTESIAN_POINT('Ctrl Pts',(41.663515985741,-367.51548135203,311.580594927395));
#1752=CARTESIAN_POINT('Ctrl Pts',(39.7232629704207,-366.597695405469,311.470724115369));
#1753=CARTESIAN_POINT('Ctrl Pts',(39.4182316158596,-364.473000227687,311.360853303342));
#1754=CARTESIAN_POINT('Ctrl Pts',(41.0208955521713,-363.046336459167,311.250982491315));
#1755=CARTESIAN_POINT('Ctrl Pts',(43.0967213470051,-363.594692458564,311.141111679288));
#1756=CARTESIAN_POINT('Ctrl Pts',(43.7807002341091,-365.62945008871,311.031240867262));
#1757=CARTESIAN_POINT('Ctrl Pts',(42.9061105517693,-366.754973339011,310.957993659244));
#1758=CARTESIAN_POINT('Ctrl Pts',(42.3275297428107,-367.011415646179,310.921370055235));
#1759=CARTESIAN_POINT('Ctrl Pts',(39.9022653075727,-365.970778892178,315.720629944765));
#1760=CARTESIAN_POINT('Ctrl Pts',(39.6657758293749,-365.429957471241,315.684006340756));
#1761=CARTESIAN_POINT('Ctrl Pts',(39.7730439624721,-364.104854189956,315.610759132738));
#1762=CARTESIAN_POINT('Ctrl Pts',(41.525129155416,-363.135936629693,315.500888320712));
#1763=CARTESIAN_POINT('Ctrl Pts',(43.2984728841389,-364.066161528767,315.391017508685));
#1764=CARTESIAN_POINT('Ctrl Pts',(43.5023784263029,-366.056991386912,315.281146696658));
#1765=CARTESIAN_POINT('Ctrl Pts',(41.9543259604614,-367.326454006314,315.171275884631));
#1766=CARTESIAN_POINT('Ctrl Pts',(40.041560942896,-366.735750350651,315.061405072605));
#1767=CARTESIAN_POINT('Ctrl Pts',(39.4785029368156,-364.814794033693,314.951534260578));
#1768=CARTESIAN_POINT('Ctrl Pts',(40.7697617127381,-363.285069120418,314.841663448552));
#1769=CARTESIAN_POINT('Ctrl Pts',(42.7580339681501,-363.517723883983,314.731792636525));
#1770=CARTESIAN_POINT('Ctrl Pts',(43.6612800504333,-365.304191750665,314.621921824498));
#1771=CARTESIAN_POINT('Ctrl Pts',(42.6699497358928,-367.043333620484,314.512051012471));
#1772=CARTESIAN_POINT('Ctrl Pts',(40.6725422083695,-367.176397268028,314.402180200445));
#1773=CARTESIAN_POINT('Ctrl Pts',(39.4592771236679,-365.584125871078,314.292309388418));
#1774=CARTESIAN_POINT('Ctrl Pts',(40.117568759301,-363.693624560637,314.182438576391));
#1775=CARTESIAN_POINT('Ctrl Pts',(42.0574093939005,-363.199296213413,314.072567764365));
#1776=CARTESIAN_POINT('Ctrl Pts',(43.540175556598,-364.544192710625,313.962696952338));
#1777=CARTESIAN_POINT('Ctrl Pts',(43.2369065890429,-366.522922166803,313.852826140311));
#1778=CARTESIAN_POINT('Ctrl Pts',(41.4194137348122,-367.362006163903,313.742955328285));
#1779=CARTESIAN_POINT('Ctrl Pts',(39.7166636021852,-366.309397873381,313.633084516258));
#1780=CARTESIAN_POINT('Ctrl Pts',(39.6547821865564,-364.308519831381,313.523213704231));
#1781=CARTESIAN_POINT('Ctrl Pts',(41.2892320236316,-363.152701519827,313.413342892205));
#1782=CARTESIAN_POINT('Ctrl Pts',(43.155102705238,-363.877869664319,313.303472080178));
#1783=CARTESIAN_POINT('Ctrl Pts',(43.580067975285,-365.834076902444,313.193601268151));
#1784=CARTESIAN_POINT('Ctrl Pts',(42.1832436747193,-367.268030919108,313.083730456124));
#1785=CARTESIAN_POINT('Ctrl Pts',(40.216563279129,-366.894519943315,312.973859644098));
#1786=CARTESIAN_POINT('Ctrl Pts',(39.4427058809279,-365.048311136972,312.863988832071));
#1787=CARTESIAN_POINT('Ctrl Pts',(40.5552576527135,-363.384108360107,312.754118020044));
#1788=CARTESIAN_POINT('Ctrl Pts',(42.5570703535502,-363.393488777001,312.644247208018));
#1789=CARTESIAN_POINT('Ctrl Pts',(43.653976950327,-365.068044873541,312.534376395991));
#1790=CARTESIAN_POINT('Ctrl Pts',(42.8628512639184,-366.906920407837,312.424505583965));
#1791=CARTESIAN_POINT('Ctrl Pts',(40.8927572202149,-367.261983537808,312.314634771938));
#1792=CARTESIAN_POINT('Ctrl Pts',(39.5094319092101,-365.815002594865,312.204763959911));
#1793=CARTESIAN_POINT('Ctrl Pts',(39.9527134668527,-363.862862308785,312.094893147884));
#1794=CARTESIAN_POINT('Ctrl Pts',(41.8252938149481,-363.155215671137,311.985022335858));
#1795=CARTESIAN_POINT('Ctrl Pts',(43.4488494075887,-364.326292969293,311.875151523831));
#1796=CARTESIAN_POINT('Ctrl Pts',(43.3681976022758,-366.326518662307,311.765280711804));
#1797=CARTESIAN_POINT('Ctrl Pts',(41.6557026231347,-367.363084355491,311.655409899778));
#1798=CARTESIAN_POINT('Ctrl Pts',(39.8460484061358,-366.507074754999,311.545539087751));
#1799=CARTESIAN_POINT('Ctrl Pts',(39.5615487698824,-364.525393212463,311.435668275724));
#1800=CARTESIAN_POINT('Ctrl Pts',(41.0563370927855,-363.19475845269,311.325797463698));
#1801=CARTESIAN_POINT('Ctrl Pts',(42.9924386598049,-363.706204505802,311.215926651671));
#1802=CARTESIAN_POINT('Ctrl Pts',(43.6303787983397,-365.604002214085,311.106055839644));
#1803=CARTESIAN_POINT('Ctrl Pts',(42.8146579133352,-366.653766281016,311.032808631626));
#1804=CARTESIAN_POINT('Ctrl Pts',(42.275021488323,-366.892947407868,310.996185027618));
#1805=CARTESIAN_POINT('Ctrl Pts',(40.0209936921098,-365.918861544566,315.795444917147));
#1806=CARTESIAN_POINT('Ctrl Pts',(39.801571143814,-365.417070026148,315.758821313139));
#1807=CARTESIAN_POINT('Ctrl Pts',(39.9010979696774,-364.187596558869,315.685574105121));
#1808=CARTESIAN_POINT('Ctrl Pts',(41.5267389952185,-363.288603665901,315.575703293094));
#1809=CARTESIAN_POINT('Ctrl Pts',(43.1721043743724,-364.151696262657,315.465832481067));
#1810=CARTESIAN_POINT('Ctrl Pts',(43.3612944982384,-365.998852271569,315.355961669041));
#1811=CARTESIAN_POINT('Ctrl Pts',(41.9249616028422,-367.176700542191,315.246090857014));
#1812=CARTESIAN_POINT('Ctrl Pts',(40.1502366652097,-366.628626681142,315.136220044987));
#1813=CARTESIAN_POINT('Ctrl Pts',(39.6278133275033,-364.846301592331,315.026349232961));
#1814=CARTESIAN_POINT('Ctrl Pts',(40.8258847735627,-363.426973590001,314.916478420934));
#1815=CARTESIAN_POINT('Ctrl Pts',(42.6706677563536,-363.642838166656,314.806607608907));
#1816=CARTESIAN_POINT('Ctrl Pts',(43.5087285386902,-365.300380543354,314.696736796881));
#1817=CARTESIAN_POINT('Ctrl Pts',(42.588940371043,-366.914012337173,314.586865984854));
#1818=CARTESIAN_POINT('Ctrl Pts',(40.7356813888067,-367.037473071461,314.476995172827));
#1819=CARTESIAN_POINT('Ctrl Pts',(39.6099749993625,-365.560112428781,314.367124360801));
#1820=CARTESIAN_POINT('Ctrl Pts',(40.2207591632636,-363.806044475083,314.257253548774));
#1821=CARTESIAN_POINT('Ctrl Pts',(42.0206057296957,-363.34739072664,314.147382736747));
#1822=CARTESIAN_POINT('Ctrl Pts',(43.3963638920687,-364.595228976617,314.03751192472));
#1823=CARTESIAN_POINT('Ctrl Pts',(43.1149811845287,-366.431157843184,313.927641112694));
#1824=CARTESIAN_POINT('Ctrl Pts',(41.428652825974,-367.209686978099,313.817770300667));
#1825=CARTESIAN_POINT('Ctrl Pts',(39.8487864570372,-366.233043132361,313.70789948864));
#1826=CARTESIAN_POINT('Ctrl Pts',(39.7913708882225,-364.37656409511,313.598028676614));
#1827=CARTESIAN_POINT('Ctrl Pts',(41.3078660449872,-363.304158670475,313.488157864587));
#1828=CARTESIAN_POINT('Ctrl Pts',(43.039080908619,-363.976993011436,313.37828705256));
#1829=CARTESIAN_POINT('Ctrl Pts',(43.433377361897,-365.79202503931,313.268416240534));
#1830=CARTESIAN_POINT('Ctrl Pts',(42.137358824889,-367.122493721778,313.158545428507));
#1831=CARTESIAN_POINT('Ctrl Pts',(40.3126094644843,-366.775938218551,313.04867461648));
#1832=CARTESIAN_POINT('Ctrl Pts',(39.5945996670723,-365.062966275523,312.938803804454));
#1833=CARTESIAN_POINT('Ctrl Pts',(40.6268610037566,-363.518865383748,312.828932992427));
#1834=CARTESIAN_POINT('Ctrl Pts',(42.4842072475552,-363.527568836412,312.7190621804));
#1835=CARTESIAN_POINT('Ctrl Pts',(43.5019524873918,-365.08127587136,312.609191368374));
#1836=CARTESIAN_POINT('Ctrl Pts',(42.7679206164734,-366.787443768591,312.499320556347));
#1837=CARTESIAN_POINT('Ctrl Pts',(40.9400039634952,-367.116882766798,312.38944974432));
#1838=CARTESIAN_POINT('Ctrl Pts',(39.6565102234104,-365.774327282912,312.279578932294));
#1839=CARTESIAN_POINT('Ctrl Pts',(40.0678011177525,-363.963068704023,312.169708120267));
#1840=CARTESIAN_POINT('Ctrl Pts',(41.8052414258754,-363.306491380969,312.05983730824));
#1841=CARTESIAN_POINT('Ctrl Pts',(43.311628552068,-364.393054584418,311.949966496214));
#1842=CARTESIAN_POINT('Ctrl Pts',(43.236797211658,-366.248928351288,311.840095684187));
#1843=CARTESIAN_POINT('Ctrl Pts',(41.6478892605283,-367.210687358952,311.73022487216));
#1844=CARTESIAN_POINT('Ctrl Pts',(39.968833841851,-366.41645410453,311.620354060133));
#1845=CARTESIAN_POINT('Ctrl Pts',(39.7048659239052,-364.577786197239,311.510483248107));
#1846=CARTESIAN_POINT('Ctrl Pts',(41.0917786333997,-363.343180446212,311.40061243608));
#1847=CARTESIAN_POINT('Ctrl Pts',(42.8881559726048,-363.81771655304,311.290741624054));
#1848=CARTESIAN_POINT('Ctrl Pts',(43.4800573625703,-365.57855433946,311.180870812026));
#1849=CARTESIAN_POINT('Ctrl Pts',(42.723205274901,-366.55255922302,311.107623604009));
#1850=CARTESIAN_POINT('Ctrl Pts',(42.2225132338353,-366.774479169557,311.071));
#1851=CARTESIAN_POINT('Ctrl Pts',(39.6648085384986,-366.074613587401,315.571));
#1852=CARTESIAN_POINT('Ctrl Pts',(39.6418848611608,-366.005110462329,315.571));
#1853=CARTESIAN_POINT('Ctrl Pts',(39.6230639686287,-365.934508781093,315.571));
#1854=CARTESIAN_POINT('Ctrl Pts',(39.6082341394281,-365.863140547917,315.571));
#1855=CARTESIAN_POINT('Ctrl Pts',(39.5929889460595,-365.789773383641,315.571));
#1856=CARTESIAN_POINT('Ctrl Pts',(39.5819615708765,-365.715595092051,315.571));
#1857=CARTESIAN_POINT('Ctrl Pts',(39.575084990499,-365.640962874489,315.571));
#1858=CARTESIAN_POINT('Ctrl Pts',(39.5693537261201,-365.578760886504,315.571));
#1859=CARTESIAN_POINT('Ctrl Pts',(39.5665067993967,-365.516243224228,315.571));
#1860=CARTESIAN_POINT('Ctrl Pts',(39.566532370528,-365.453622885035,315.571));
#1861=CARTESIAN_POINT('Ctrl Pts',(39.5665443607517,-365.424260403441,315.571));
#1862=CARTESIAN_POINT('Ctrl Pts',(39.5671882485087,-365.394875472644,315.571));
#1863=CARTESIAN_POINT('Ctrl Pts',(39.5684645500323,-365.365490912285,315.571));
#1864=CARTESIAN_POINT('Ctrl Pts',(39.5691614708185,-365.349445557384,315.571));
#1865=CARTESIAN_POINT('Ctrl Pts',(39.5700469756951,-365.333400324213,315.571));
#1866=CARTESIAN_POINT('Ctrl Pts',(39.5711212824095,-365.317359018988,315.571));
#1867=CARTESIAN_POINT('Ctrl Pts',(39.5719954046184,-365.304306823587,315.571));
#1868=CARTESIAN_POINT('Ctrl Pts',(39.5729947326398,-365.291255846563,315.571));
#1869=CARTESIAN_POINT('Ctrl Pts',(39.5741176008746,-365.27822627029,315.571));
#1870=CARTESIAN_POINT('Ctrl Pts',(39.5804038668611,-365.205281485129,315.571));
#1871=CARTESIAN_POINT('Ctrl Pts',(39.5905654726051,-365.132877442446,315.571));
#1872=CARTESIAN_POINT('Ctrl Pts',(39.6045358603123,-365.061347920508,315.571));
#1873=CARTESIAN_POINT('Ctrl Pts',(39.6184015133756,-364.990354648471,315.571));
#1874=CARTESIAN_POINT('Ctrl Pts',(39.6360194257165,-364.920221881802,315.571));
#1875=CARTESIAN_POINT('Ctrl Pts',(39.6573714841592,-364.851295764046,315.571));
#1876=CARTESIAN_POINT('Ctrl Pts',(39.6746312562378,-364.795579867336,315.571));
#1877=CARTESIAN_POINT('Ctrl Pts',(39.6943319283551,-364.740652588337,315.571));
#1878=CARTESIAN_POINT('Ctrl Pts',(39.7164842369529,-364.686712636139,315.571));
#1879=CARTESIAN_POINT('Ctrl Pts',(39.7266468097904,-364.661967192989,315.571));
#1880=CARTESIAN_POINT('Ctrl Pts',(39.737325594296,-364.637429773924,315.571));
#1881=CARTESIAN_POINT('Ctrl Pts',(39.74852280885,-364.613120874787,315.571));
#1882=CARTESIAN_POINT('Ctrl Pts',(39.7535210004637,-364.602269914022,315.571));
#1883=CARTESIAN_POINT('Ctrl Pts',(39.7586225005987,-364.59146449865,315.571));
#1884=CARTESIAN_POINT('Ctrl Pts',(39.763827552061,-364.580706512118,315.571));
#1885=CARTESIAN_POINT('Ctrl Pts',(39.7691141751038,-364.569779930526,315.571));
#1886=CARTESIAN_POINT('Ctrl Pts',(39.7745041381031,-364.55890954763,315.571));
#1887=CARTESIAN_POINT('Ctrl Pts',(39.7799950060872,-364.54810147718,315.571));
#1888=CARTESIAN_POINT('Ctrl Pts',(39.8111716809665,-364.486734185258,315.571));
#1889=CARTESIAN_POINT('Ctrl Pts',(39.8456206917431,-364.427326676279,315.571));
#1890=CARTESIAN_POINT('Ctrl Pts',(39.8833217424256,-364.370183122909,315.571));
#1891=CARTESIAN_POINT('Ctrl Pts',(39.9135710315794,-364.324334218492,315.571));
#1892=CARTESIAN_POINT('Ctrl Pts',(39.9459147142294,-364.279943067582,315.571));
#1893=CARTESIAN_POINT('Ctrl Pts',(39.9803599583163,-364.237183567104,315.571));
#1894=CARTESIAN_POINT('Ctrl Pts',(40.0259179485702,-364.180628969867,315.571));
#1895=CARTESIAN_POINT('Ctrl Pts',(40.0751523691774,-364.126926660963,315.571));
#1896=CARTESIAN_POINT('Ctrl Pts',(40.1277006142411,-364.076276575179,315.571));
#1897=CARTESIAN_POINT('Ctrl Pts',(40.1503986238649,-364.054398468057,315.571));
#1898=CARTESIAN_POINT('Ctrl Pts',(40.1737152092518,-364.033090536189,315.571));
#1899=CARTESIAN_POINT('Ctrl Pts',(40.1976220589913,-364.012372225499,315.571));
#1900=CARTESIAN_POINT('Ctrl Pts',(40.2072350272006,-364.004041372033,315.571));
#1901=CARTESIAN_POINT('Ctrl Pts',(40.2169371619054,-363.995811374864,315.571));
#1902=CARTESIAN_POINT('Ctrl Pts',(40.2267209667995,-363.987687427965,315.571));
#1903=CARTESIAN_POINT('Ctrl Pts',(40.2795140477946,-363.943850884688,315.571));
#1904=CARTESIAN_POINT('Ctrl Pts',(40.3347310935518,-363.903056535515,315.571));
#1905=CARTESIAN_POINT('Ctrl Pts',(40.3920392086573,-363.865429033214,315.571));
#1906=CARTESIAN_POINT('Ctrl Pts',(40.449241117177,-363.827871264292,315.571));
#1907=CARTESIAN_POINT('Ctrl Pts',(40.508527456568,-363.793468303539,315.571));
#1908=CARTESIAN_POINT('Ctrl Pts',(40.5695853086023,-363.762392367154,315.571));
#1909=CARTESIAN_POINT('Ctrl Pts',(40.6112935957278,-363.74116456378,315.571));
#1910=CARTESIAN_POINT('Ctrl Pts',(40.6538288702942,-363.721490212348,315.571));
#1911=CARTESIAN_POINT('Ctrl Pts',(40.6970923170724,-363.703438314094,315.571));
#1912=CARTESIAN_POINT('Ctrl Pts',(40.7298076198679,-363.689787683795,315.571));
#1913=CARTESIAN_POINT('Ctrl Pts',(40.7629393308808,-363.677065036258,315.571));
#1914=CARTESIAN_POINT('Ctrl Pts',(40.7964440534706,-363.665304843277,315.571));
#1915=CARTESIAN_POINT('Ctrl Pts',(40.8097617698223,-363.660630310786,315.571));
#1916=CARTESIAN_POINT('Ctrl Pts',(40.8231306804932,-363.656110656579,315.571));
#1917=CARTESIAN_POINT('Ctrl Pts',(40.8365414563922,-363.651749594995,315.571));
#1918=CARTESIAN_POINT('Ctrl Pts',(40.8991079852446,-363.631403532435,315.571));
#1919=CARTESIAN_POINT('Ctrl Pts',(40.9626303827782,-363.614489713101,315.571));
#1920=CARTESIAN_POINT('Ctrl Pts',(41.0268218058726,-363.601182715994,315.571));
#1921=CARTESIAN_POINT('Ctrl Pts',(41.0682145987528,-363.59260191581,315.571));
#1922=CARTESIAN_POINT('Ctrl Pts',(41.1098856382404,-363.585521857947,315.571));
#1923=CARTESIAN_POINT('Ctrl Pts',(41.1517563185521,-363.580000721093,315.571));
#1924=CARTESIAN_POINT('Ctrl Pts',(41.1664338621934,-363.578065316018,315.571));
#1925=CARTESIAN_POINT('Ctrl Pts',(41.181135916513,-363.57632155615,315.571));
#1926=CARTESIAN_POINT('Ctrl Pts',(41.1958590134455,-363.57477221815,315.571));
#1927=CARTESIAN_POINT('Ctrl Pts',(41.2114678939629,-363.573129667547,315.571));
#1928=CARTESIAN_POINT('Ctrl Pts',(41.2270932940265,-363.571706463088,315.571));
#1929=CARTESIAN_POINT('Ctrl Pts',(41.242722913044,-363.570505870059,315.571));
#1930=CARTESIAN_POINT('Ctrl Pts',(41.3054099231724,-363.565690551957,315.571));
#1931=CARTESIAN_POINT('Ctrl Pts',(41.3682071127901,-363.564447990602,315.571));
#1932=CARTESIAN_POINT('Ctrl Pts',(41.430850477849,-363.566961563705,315.571));
#1933=CARTESIAN_POINT('Ctrl Pts',(41.4639374392273,-363.568289182299,315.571));
#1934=CARTESIAN_POINT('Ctrl Pts',(41.496981302715,-363.570665479072,315.571));
#1935=CARTESIAN_POINT('Ctrl Pts',(41.5299412583994,-363.574123095511,315.571));
#1936=CARTESIAN_POINT('Ctrl Pts',(41.5533540075159,-363.576579176065,315.571));
#1937=CARTESIAN_POINT('Ctrl Pts',(41.576724389282,-363.579580979389,315.571));
#1938=CARTESIAN_POINT('Ctrl Pts',(41.600036942003,-363.583120502179,315.571));
#1939=CARTESIAN_POINT('Ctrl Pts',(42.8890340515324,-363.690039637248,311.071));
#1940=CARTESIAN_POINT('Ctrl Pts',(42.9091301230173,-363.710768492513,311.071));
#1941=CARTESIAN_POINT('Ctrl Pts',(42.9287392003895,-363.731940176932,311.071));
#1942=CARTESIAN_POINT('Ctrl Pts',(42.9478411024338,-363.753551006809,311.071));
#1943=CARTESIAN_POINT('Ctrl Pts',(42.9972769583268,-363.809479985456,311.071));
#1944=CARTESIAN_POINT('Ctrl Pts',(43.0433192349144,-363.868348738184,311.071));
#1945=CARTESIAN_POINT('Ctrl Pts',(43.0858905632752,-363.929786964196,311.071));
#1946=CARTESIAN_POINT('Ctrl Pts',(43.1061482348287,-363.95902249551,311.071));
#1947=CARTESIAN_POINT('Ctrl Pts',(43.1256192675218,-363.988840179475,311.071));
#1948=CARTESIAN_POINT('Ctrl Pts',(43.144291471917,-364.019201383059,311.071));
#1949=CARTESIAN_POINT('Ctrl Pts',(43.1545830884622,-364.035935661376,311.071));
#1950=CARTESIAN_POINT('Ctrl Pts',(43.1646319830691,-364.052835066208,311.071));
#1951=CARTESIAN_POINT('Ctrl Pts',(43.1744357828584,-364.069893172822,311.071));
#1952=CARTESIAN_POINT('Ctrl Pts',(43.1820247337454,-364.083097556439,311.071));
#1953=CARTESIAN_POINT('Ctrl Pts',(43.1894643724664,-364.096392900477,311.071));
#1954=CARTESIAN_POINT('Ctrl Pts',(43.1967501550114,-364.109769021614,311.071));
#1955=CARTESIAN_POINT('Ctrl Pts',(43.2323735088174,-364.175170684764,311.071));
#1956=CARTESIAN_POINT('Ctrl Pts',(43.2643519885465,-364.242553025978,311.071));
#1957=CARTESIAN_POINT('Ctrl Pts',(43.2925949294971,-364.311550804346,311.071));
#1958=CARTESIAN_POINT('Ctrl Pts',(43.3127947593963,-364.360899184492,311.071));
#1959=CARTESIAN_POINT('Ctrl Pts',(43.3310826934109,-364.411074372137,311.071));
#1960=CARTESIAN_POINT('Ctrl Pts',(43.347409256194,-364.461944156605,311.071));
#1961=CARTESIAN_POINT('Ctrl Pts',(43.3520931682897,-364.476538140774,311.071));
#1962=CARTESIAN_POINT('Ctrl Pts',(43.3566155617915,-364.491189288159,311.071));
#1963=CARTESIAN_POINT('Ctrl Pts',(43.3609750563131,-364.50589445203,311.071));
#1964=CARTESIAN_POINT('Ctrl Pts',(43.3644524761278,-364.51762425877,311.071));
#1965=CARTESIAN_POINT('Ctrl Pts',(43.3678251918879,-364.529385048829,311.071));
#1966=CARTESIAN_POINT('Ctrl Pts',(43.3710906024309,-364.541167259055,311.071));
#1967=CARTESIAN_POINT('Ctrl Pts',(43.3905462187563,-364.611366751159,311.071));
#1968=CARTESIAN_POINT('Ctrl Pts',(43.4062217768954,-364.682409642647,311.071));
#1969=CARTESIAN_POINT('Ctrl Pts',(43.4180377705483,-364.753955631878,311.071));
#1970=CARTESIAN_POINT('Ctrl Pts',(43.4295963731767,-364.823943115238,311.071));
#1971=CARTESIAN_POINT('Ctrl Pts',(43.4374616418525,-364.894412996166,311.071));
#1972=CARTESIAN_POINT('Ctrl Pts',(43.4415104404155,-364.965044113987,311.071));
#1973=CARTESIAN_POINT('Ctrl Pts',(43.4443844627337,-365.015181310447,311.071));
#1974=CARTESIAN_POINT('Ctrl Pts',(43.4453344378804,-365.065399719341,311.071));
#1975=CARTESIAN_POINT('Ctrl Pts',(43.4443011976321,-365.115579696299,311.071));
#1976=CARTESIAN_POINT('Ctrl Pts',(43.4434352305329,-365.15763594523,311.071));
#1977=CARTESIAN_POINT('Ctrl Pts',(43.4411759885587,-365.199665173207,311.071));
#1978=CARTESIAN_POINT('Ctrl Pts',(43.4374816945227,-365.241593346094,311.071));
#1979=CARTESIAN_POINT('Ctrl Pts',(43.4364801948928,-365.252959807241,311.071));
#1980=CARTESIAN_POINT('Ctrl Pts',(43.4353732259596,-365.264317592439,311.071));
#1981=CARTESIAN_POINT('Ctrl Pts',(43.4341614698994,-365.275653043324,311.071));
#1982=CARTESIAN_POINT('Ctrl Pts',(43.426884526236,-365.343725686161,311.071));
#1983=CARTESIAN_POINT('Ctrl Pts',(43.4158225628345,-365.41111349532,311.071));
#1984=CARTESIAN_POINT('Ctrl Pts',(43.400869311079,-365.477520818755,311.071));
#1985=CARTESIAN_POINT('Ctrl Pts',(43.3946197775043,-365.505274969103,311.071));
#1986=CARTESIAN_POINT('Ctrl Pts',(43.3876899553544,-365.532857682846,311.071));
#1987=CARTESIAN_POINT('Ctrl Pts',(43.38006953921,-365.560246397337,311.071));
#1988=CARTESIAN_POINT('Ctrl Pts',(43.3606718309835,-365.629964150584,311.071));
#1989=CARTESIAN_POINT('Ctrl Pts',(43.3368026295444,-365.698427646961,311.071));
#1990=CARTESIAN_POINT('Ctrl Pts',(43.3087243543603,-365.765331710819,311.071));
#1991=CARTESIAN_POINT('Ctrl Pts',(43.296400214405,-365.794697298312,311.071));
#1992=CARTESIAN_POINT('Ctrl Pts',(43.2832645738636,-365.823761954227,311.071));
#1993=CARTESIAN_POINT('Ctrl Pts',(43.2693370841122,-365.852497192966,311.071));
#1994=CARTESIAN_POINT('Ctrl Pts',(43.2608360863409,-365.870036477133,311.071));
#1995=CARTESIAN_POINT('Ctrl Pts',(43.2520400515067,-365.887452999728,311.071));
#1996=CARTESIAN_POINT('Ctrl Pts',(43.2429532240233,-365.904739931382,311.071));
#1997=CARTESIAN_POINT('Ctrl Pts',(43.2348475122635,-365.920160372174,311.071));
#1998=CARTESIAN_POINT('Ctrl Pts',(43.226506931288,-365.935483544966,311.071));
#1999=CARTESIAN_POINT('Ctrl Pts',(43.2179529187716,-365.950672489203,311.071));
#2000=CARTESIAN_POINT('Ctrl Pts',(43.1845387351143,-366.010004430944,311.071));
#2001=CARTESIAN_POINT('Ctrl Pts',(43.1478348893446,-366.067366264323,311.071));
#2002=CARTESIAN_POINT('Ctrl Pts',(43.1080874139531,-366.122522861257,311.071));
#2003=CARTESIAN_POINT('Ctrl Pts',(43.0684288735683,-366.177556045262,311.071));
#2004=CARTESIAN_POINT('Ctrl Pts',(43.0257394311409,-366.230394536231,311.071));
#2005=CARTESIAN_POINT('Ctrl Pts',(42.980229198688,-366.280766378464,311.071));
#2006=CARTESIAN_POINT('Ctrl Pts',(42.935585133337,-366.330179525691,311.071));
#2007=CARTESIAN_POINT('Ctrl Pts',(42.8882257849207,-366.377219510689,311.071));
#2008=CARTESIAN_POINT('Ctrl Pts',(42.8383292914704,-366.421584147268,311.071));
#2009=CARTESIAN_POINT('Ctrl Pts',(42.8271043083901,-366.431564654124,311.071));
#2010=CARTESIAN_POINT('Ctrl Pts',(42.8157508679763,-366.441409561484,311.071));
#2011=CARTESIAN_POINT('Ctrl Pts',(42.8042709196407,-366.451115065314,311.071));
#2012=CARTESIAN_POINT('Ctrl Pts',(42.7955863857441,-366.45845723921,311.071));
#2013=CARTESIAN_POINT('Ctrl Pts',(42.7868294186918,-366.465719539843,311.071));
#2014=CARTESIAN_POINT('Ctrl Pts',(42.7780122816197,-366.472891330543,311.071));
#2015=CARTESIAN_POINT('Ctrl Pts',(42.7272350522818,-366.514193133858,311.071));
#2016=CARTESIAN_POINT('Ctrl Pts',(42.6743717859256,-366.552575931906,311.071));
#2017=CARTESIAN_POINT('Ctrl Pts',(42.6196193030921,-366.58780083313,311.071));
#2018=CARTESIAN_POINT('Ctrl Pts',(42.565818542538,-366.622413445713,311.071));
#2019=CARTESIAN_POINT('Ctrl Pts',(42.5101928825456,-366.653977398157,311.071));
#2020=CARTESIAN_POINT('Ctrl Pts',(42.4529129358129,-366.682219004821,311.071));
#2021=CARTESIAN_POINT('Ctrl Pts',(42.3974887166207,-366.709545653802,311.071));
#2022=CARTESIAN_POINT('Ctrl Pts',(42.3405150121153,-366.733761928728,311.071));
#2023=CARTESIAN_POINT('Ctrl Pts',(42.2821416082779,-366.75457137795,311.071));
#2024=CARTESIAN_POINT('Ctrl Pts',(42.26242325169,-366.761600746005,311.071));
#2025=CARTESIAN_POINT('Ctrl Pts',(42.2425451809091,-366.768240940589,311.071));
#2026=CARTESIAN_POINT('Ctrl Pts',(42.2225132338353,-366.774479169557,311.071));
#2027=CARTESIAN_POINT('Ctrl Pts',(39.8808459785052,-365.249970895348,315.04951963661));
#2028=CARTESIAN_POINT('Ctrl Pts',(39.8798199379556,-365.134554832806,315.041796168727));
#2029=CARTESIAN_POINT('Ctrl Pts',(39.890814811377,-365.019332653414,315.034072700844));
#2030=CARTESIAN_POINT('Ctrl Pts',(39.9145624581309,-364.906801106744,315.026349232961));
#2031=CARTESIAN_POINT('Ctrl Pts',(40.0271704761898,-364.373192258221,314.989725628952));
#2032=CARTESIAN_POINT('Ctrl Pts',(40.4265276248763,-363.900082924111,314.953102024943));
#2033=CARTESIAN_POINT('Ctrl Pts',(40.9336700296846,-363.699505686498,314.916478420934));
#2034=CARTESIAN_POINT('Ctrl Pts',(41.440812434493,-363.498928448886,314.879854816925));
#2035=CARTESIAN_POINT('Ctrl Pts',(42.0557400954233,-363.570883307771,314.843231212916));
#2036=CARTESIAN_POINT('Ctrl Pts',(42.5028807229446,-363.883117799997,314.806607608907));
#2037=CARTESIAN_POINT('Ctrl Pts',(42.9500213504658,-364.195352292222,314.769984004898));
#2038=CARTESIAN_POINT('Ctrl Pts',(43.229374944578,-364.747866417788,314.73336040089));
#2039=CARTESIAN_POINT('Ctrl Pts',(43.2157537136929,-365.293062112874,314.696736796881));
#2040=CARTESIAN_POINT('Ctrl Pts',(43.2021324828078,-365.838257807961,314.660113192872));
#2041=CARTESIAN_POINT('Ctrl Pts',(42.8955364269254,-366.376135072567,314.623489588863));
#2042=CARTESIAN_POINT('Ctrl Pts',(42.4333619019448,-366.665650493918,314.586865984854));
#2043=CARTESIAN_POINT('Ctrl Pts',(41.9711873769642,-366.955165915269,314.550242380845));
#2044=CARTESIAN_POINT('Ctrl Pts',(41.3534343828855,-366.996319493365,314.513618776836));
#2045=CARTESIAN_POINT('Ctrl Pts',(40.8569401542721,-366.770669508633,314.476995172827));
#2046=CARTESIAN_POINT('Ctrl Pts',(40.3604459256587,-366.545019523901,314.440371568818));
#2047=CARTESIAN_POINT('Ctrl Pts',(39.9852104625106,-366.052565976341,314.403747964809));
#2048=CARTESIAN_POINT('Ctrl Pts',(39.8993900915867,-365.513994543612,314.367124360801));
#2049=CARTESIAN_POINT('Ctrl Pts',(39.8856389967129,-365.427698635215,314.361256119404));
#2050=CARTESIAN_POINT('Ctrl Pts',(39.8793183491169,-365.340218695566,314.355387878007));
#2051=CARTESIAN_POINT('Ctrl Pts',(39.8800528159716,-365.252632617373,314.34951963661));
#2052=CARTESIAN_POINT('Origin',(74.5214106611383,-355.228161891586,311.071));
#2053=CARTESIAN_POINT('',(32.9060417852165,-355.392476225953,311.071));
#2054=CARTESIAN_POINT('Origin',(-48.7831567088122,-365.234897137658,311.071));
#2055=CARTESIAN_POINT('',(74.5214106611383,-355.228161891586,311.071));
#2056=CARTESIAN_POINT('Origin',(41.5474360481644,-365.251381407302,311.571));
#2057=CARTESIAN_POINT('Origin',(-48.7831567088122,-365.234897137658,313.070530618692));
#2058=CARTESIAN_POINT('',(32.9060417852165,-355.392476225953,315.571));
#2059=CARTESIAN_POINT('Origin',(-48.7831567088122,-365.234897137658,315.571));
#2060=CARTESIAN_POINT('',(32.9060417852165,-355.392476225953,313.070530618692));
#2061=CARTESIAN_POINT('Origin',(74.5214106611383,-355.228161891586,194.6));
#2062=CARTESIAN_POINT('',(89.5212937382346,-355.168936276867,315.571));
#2063=CARTESIAN_POINT('',(74.5214106611383,-355.228161891586,315.571));
#2064=CARTESIAN_POINT('',(89.5212937382346,-355.168936276867,194.6));
#2065=CARTESIAN_POINT('',(89.5212937382346,-355.168936276867,200.));
#2066=CARTESIAN_POINT('',(74.5214106608529,-355.228161891586,188.75524921471));
#2067=CARTESIAN_POINT('Origin',(3712.25119974984,-340.864931069725,-9125.03649631917));
#2068=CARTESIAN_POINT('',(74.5214106611383,-355.228161891586,200.));
#2069=CARTESIAN_POINT('',(74.5214106611383,-355.228161891586,200.));
#2070=CARTESIAN_POINT('',(74.5214106611383,-355.228161891586,200.));
#2071=CARTESIAN_POINT('Origin',(74.5954727989726,-373.985643991896,315.571));
#2072=CARTESIAN_POINT('',(89.5583248071518,-364.547677327023,315.571));
#2073=CARTESIAN_POINT('Origin',(3712.269637336,-345.534559877115,-9125.03649631917));
#2074=CARTESIAN_POINT('',(89.5397313243946,-359.838565084257,194.6));
#2075=CARTESIAN_POINT('',(64.995397967731,-373.985643991896,185.));
#2076=CARTESIAN_POINT('Origin',(3712.38197374139,-373.985643991896,-9125.03649631917));
#2077=CARTESIAN_POINT('',(64.9213358298966,-355.228161891586,185.));
#2078=CARTESIAN_POINT('',(64.9399230779565,-359.935695092395,185.));
#2079=CARTESIAN_POINT('Origin',(3712.30791160355,-355.228161891586,-9125.03649631917));
#2080=CARTESIAN_POINT('Origin',(-45.0000000000001,-364.606902941741,200.));
#2081=CARTESIAN_POINT('',(54.5955162055972,-373.985162866647,200.));
#2082=CARTESIAN_POINT('',(14.7977363994863,-373.985643991896,200.));
#2083=CARTESIAN_POINT('',(54.5214106611383,-355.228161891586,200.));
#2084=CARTESIAN_POINT('',(4.7607053305691,-355.228161891586,200.));
#2085=CARTESIAN_POINT('',(54.5214106611383,-373.985161891586,200.));
#2086=CARTESIAN_POINT('',(54.5214106611384,-360.114080945793,200.));
#2087=CARTESIAN_POINT('',(33.4595735303123,-373.985161891586,200.));
#2088=CARTESIAN_POINT('Origin',(89.5212937382346,-355.168936276867,200.));
#2089=CARTESIAN_POINT('Origin',(74.5954727989726,-373.985643991896,200.));
#2090=CARTESIAN_POINT('',(54.5955162055972,-373.985162866647,185.));
#2091=CARTESIAN_POINT('',(54.5955162935662,-373.985161891586,-10.));
#2092=CARTESIAN_POINT('',(54.5954727989726,-373.985643991896,185.));
#2093=CARTESIAN_POINT('Origin',(54.5214106611383,-355.228161891586,200.));
#2094=CARTESIAN_POINT('',(54.5214106611383,-355.228161891586,185.));
#2095=CARTESIAN_POINT('',(54.5214106611383,-355.228161891586,185.));
#2096=CARTESIAN_POINT('',(54.5214106611384,-355.228161891586,-10.));
#2097=CARTESIAN_POINT('Origin',(64.5584417300554,-364.606902941741,185.));
#2098=CARTESIAN_POINT('',(54.5214106611383,-373.985161891586,185.));
#2099=CARTESIAN_POINT('',(54.5214106611383,-373.985161891586,185.));
#2100=CARTESIAN_POINT('',(54.5214106611383,-355.228161891586,185.));
#2101=CARTESIAN_POINT('Origin',(54.5214106611383,-373.985161891586,200.));
#2102=CARTESIAN_POINT('',(54.5214106611384,-373.985161891586,-10.));
#2103=CARTESIAN_POINT('Origin',(54.5214106611384,-355.228161891586,200.));
#2104=CARTESIAN_POINT('',(54.5214106611384,-363.334,192.224884033203));
#2105=CARTESIAN_POINT('Origin',(54.5214106611384,-365.,192.224884033203));
#2106=CARTESIAN_POINT('Origin',(70.5,-365.,192.224884033203));
#2107=CARTESIAN_POINT('',(70.5,-363.334,192.224884033203));
#2108=CARTESIAN_POINT('Origin',(70.5,-365.,192.224884033203));
#2109=CARTESIAN_POINT('Origin',(56.5,-365.,192.224884033203));
#2110=CARTESIAN_POINT('',(56.5,-363.334,192.224884033203));
#2111=UNCERTAINTY_MEASURE_WITH_UNIT(LENGTH_MEASURE(0.01),#2115,
'DISTANCE_ACCURACY_VALUE',
'Maximum model space distance between geometric entities at asserted c
onnectivities');
#2112=UNCERTAINTY_MEASURE_WITH_UNIT(LENGTH_MEASURE(0.01),#2115,
'DISTANCE_ACCURACY_VALUE',
'Maximum model space distance between geometric entities at asserted c
onnectivities');
#2113=(
GEOMETRIC_REPRESENTATION_CONTEXT(3)
GLOBAL_UNCERTAINTY_ASSIGNED_CONTEXT((#2111))
GLOBAL_UNIT_ASSIGNED_CONTEXT((#2115,#2117,#2118))
REPRESENTATION_CONTEXT('','3D')
);
#2114=(
GEOMETRIC_REPRESENTATION_CONTEXT(3)
GLOBAL_UNCERTAINTY_ASSIGNED_CONTEXT((#2112))
GLOBAL_UNIT_ASSIGNED_CONTEXT((#2115,#2117,#2118))
REPRESENTATION_CONTEXT('','3D')
);
#2115=(
LENGTH_UNIT()
NAMED_UNIT(*)
SI_UNIT(.MILLI.,.METRE.)
);
#2116=(
LENGTH_UNIT()
NAMED_UNIT(*)
SI_UNIT($,.METRE.)
);
#2117=(
NAMED_UNIT(*)
PLANE_ANGLE_UNIT()
SI_UNIT($,.RADIAN.)
);
#2118=(
NAMED_UNIT(*)
SI_UNIT($,.STERADIAN.)
SOLID_ANGLE_UNIT()
);
#2119=SHAPE_DEFINITION_REPRESENTATION(#2120,#2121);
#2120=PRODUCT_DEFINITION_SHAPE('',$,#2123);
#2121=SHAPE_REPRESENTATION('',(#630),#2113);
#2122=PRODUCT_DEFINITION_CONTEXT('part definition',#2127,'design');
#2123=PRODUCT_DEFINITION('Support (2)','Support (2)',#2124,#2122);
#2124=PRODUCT_DEFINITION_FORMATION('',$,#2129);
#2125=PRODUCT_RELATED_PRODUCT_CATEGORY('Support (2)','Support (2)',(#2129));
#2126=APPLICATION_PROTOCOL_DEFINITION('international standard',
'automotive_design',2009,#2127);
#2127=APPLICATION_CONTEXT(
'Core Data for Automotive Mechanical Design Process');
#2128=PRODUCT_CONTEXT('part definition',#2127,'mechanical');
#2129=PRODUCT('Support (2)','Support (2)',$,(#2128));
#2130=PRESENTATION_STYLE_ASSIGNMENT((#2131));
#2131=SURFACE_STYLE_USAGE(.BOTH.,#2132);
#2132=SURFACE_SIDE_STYLE('',(#2133));
#2133=SURFACE_STYLE_FILL_AREA(#2134);
#2134=FILL_AREA_STYLE('Steel - Satin',(#2135));
#2135=FILL_AREA_STYLE_COLOUR('Steel - Satin',#2136);
#2136=COLOUR_RGB('Steel - Satin',0.627450980392157,0.627450980392157,0.627450980392157);
ENDSEC;
END-ISO-10303-21;
