ISO-10303-21;
HEADER;
/* Generated by software containing ST-Developer
 * from STEP Tools, Inc. (www.steptools.com) 
 */

FILE_DESCRIPTION(
/* description */ (''),
/* implementation_level */ '2;1');

FILE_NAME(
/* name */ 'Support (1).step',
/* time_stamp */ '2026-05-06T12:00:29+05:30',
/* author */ (''),
/* organization */ (''),
/* preprocessor_version */ 'ST-DEVELOPER v20.1',
/* originating_system */ 'Autodesk Translation Framework v14.24.0.0',
/* authorisation */ '');

FILE_SCHEMA (('AUTOMOTIVE_DESIGN { 1 0 10303 214 3 1 1 }'));
ENDSEC;

DATA;
#10=MECHANICAL_DESIGN_GEOMETRIC_PRESENTATION_REPRESENTATION('',(#13),#2114);
#11=SHAPE_REPRESENTATION_RELATIONSHIP('SRR','None',#2121,#12);
#12=ADVANCED_BREP_SHAPE_REPRESENTATION('',(#14),#2113);
#13=STYLED_ITEM('',(#2130),#14);
#14=MANIFOLD_SOLID_BREP('Support (1)',#617);
#15=ELLIPSE('',#660,9999.07794141512,9999.);
#16=ELLIPSE('',#661,9999.07794141512,9999.);
#17=FACE_BOUND('',#87,.T.);
#18=FACE_BOUND('',#91,.T.);
#19=FACE_BOUND('',#100,.T.);
#20=B_SPLINE_SURFACE_WITH_KNOTS('',3,3,((#1285,#1286,#1287,#1288,#1289,
#1290,#1291,#1292,#1293,#1294,#1295,#1296,#1297,#1298,#1299,#1300,#1301,
#1302,#1303,#1304,#1305,#1306,#1307,#1308,#1309,#1310,#1311,#1312,#1313,
#1314,#1315,#1316,#1317,#1318,#1319,#1320,#1321,#1322,#1323,#1324,#1325,
#1326,#1327,#1328,#1329,#1330),(#1331,#1332,#1333,#1334,#1335,#1336,#1337,
#1338,#1339,#1340,#1341,#1342,#1343,#1344,#1345,#1346,#1347,#1348,#1349,
#1350,#1351,#1352,#1353,#1354,#1355,#1356,#1357,#1358,#1359,#1360,#1361,
#1362,#1363,#1364,#1365,#1366,#1367,#1368,#1369,#1370,#1371,#1372,#1373,
#1374,#1375,#1376),(#1377,#1378,#1379,#1380,#1381,#1382,#1383,#1384,#1385,
#1386,#1387,#1388,#1389,#1390,#1391,#1392,#1393,#1394,#1395,#1396,#1397,
#1398,#1399,#1400,#1401,#1402,#1403,#1404,#1405,#1406,#1407,#1408,#1409,
#1410,#1411,#1412,#1413,#1414,#1415,#1416,#1417,#1418,#1419,#1420,#1421,
#1422),(#1423,#1424,#1425,#1426,#1427,#1428,#1429,#1430,#1431,#1432,#1433,
#1434,#1435,#1436,#1437,#1438,#1439,#1440,#1441,#1442,#1443,#1444,#1445,
#1446,#1447,#1448,#1449,#1450,#1451,#1452,#1453,#1454,#1455,#1456,#1457,
#1458,#1459,#1460,#1461,#1462,#1463,#1464,#1465,#1466,#1467,#1468)),
 .UNSPECIFIED.,.F.,.F.,.F.,(4,4),(4,1,1,1,1,1,1,1,1,1,1,1,1,1,1,1,1,1,1,
1,1,1,1,1,1,1,1,1,1,1,1,1,1,1,1,1,1,1,1,1,1,1,1,4),(0.,0.0448889834294927),
(59.2780360640597,60.2642341666511,61.2504322692424,62.2366303718338,63.2228284744252,
64.2090265770165,65.1952246796079,66.1814227821993,67.1676208847907,68.153818987382,
69.1400170899734,70.1262151925648,71.1124132951562,72.0986113977475,73.0848095003389,
74.0710076029303,75.0572057055217,76.043403808113,77.0296019107044,78.0158000132958,
79.0019981158872,79.9881962184785,80.9743943210699,81.9605924236613,82.9467905262527,
83.932988628844,84.9191867314354,85.9053848340268,86.8915829366181,87.8777810392095,
88.8639791418009,89.8501772443923,90.8363753469837,91.822573449575,92.8087715521664,
93.7949696547578,94.7811677573492,95.7673658599405,96.7535639625319,97.7397620651233,
98.7259601677146,99.712158270306,100.698356372897,101.684554475489),
 .UNSPECIFIED.);
#21=B_SPLINE_SURFACE_WITH_KNOTS('',3,3,((#1670,#1671,#1672,#1673,#1674,
#1675,#1676,#1677,#1678,#1679,#1680,#1681,#1682,#1683,#1684,#1685,#1686,
#1687,#1688,#1689,#1690,#1691,#1692,#1693,#1694,#1695,#1696,#1697,#1698,
#1699,#1700,#1701,#1702,#1703,#1704,#1705,#1706,#1707,#1708,#1709,#1710,
#1711,#1712,#1713,#1714,#1715),(#1716,#1717,#1718,#1719,#1720,#1721,#1722,
#1723,#1724,#1725,#1726,#1727,#1728,#1729,#1730,#1731,#1732,#1733,#1734,
#1735,#1736,#1737,#1738,#1739,#1740,#1741,#1742,#1743,#1744,#1745,#1746,
#1747,#1748,#1749,#1750,#1751,#1752,#1753,#1754,#1755,#1756,#1757,#1758,
#1759,#1760,#1761),(#1762,#1763,#1764,#1765,#1766,#1767,#1768,#1769,#1770,
#1771,#1772,#1773,#1774,#1775,#1776,#1777,#1778,#1779,#1780,#1781,#1782,
#1783,#1784,#1785,#1786,#1787,#1788,#1789,#1790,#1791,#1792,#1793,#1794,
#1795,#1796,#1797,#1798,#1799,#1800,#1801,#1802,#1803,#1804,#1805,#1806,
#1807),(#1808,#1809,#1810,#1811,#1812,#1813,#1814,#1815,#1816,#1817,#1818,
#1819,#1820,#1821,#1822,#1823,#1824,#1825,#1826,#1827,#1828,#1829,#1830,
#1831,#1832,#1833,#1834,#1835,#1836,#1837,#1838,#1839,#1840,#1841,#1842,
#1843,#1844,#1845,#1846,#1847,#1848,#1849,#1850,#1851,#1852,#1853)),
 .UNSPECIFIED.,.F.,.F.,.F.,(4,4),(4,1,1,1,1,1,1,1,1,1,1,1,1,1,1,1,1,1,1,
1,1,1,1,1,1,1,1,1,1,1,1,1,1,1,1,1,1,1,1,1,1,1,1,4),(0.,0.0448889834294927),
(56.7414750555401,57.7276731581315,58.7138712607229,59.7000693633143,60.6862674659056,
61.672465568497,62.6586636710884,63.6448617736797,64.6310598762711,65.6172579788625,
66.6034560814539,67.5896541840452,68.5758522866366,69.562050389228,70.5482484918193,
71.5344465944107,72.5206446970021,73.5068427995934,74.4930409021848,75.4792390047762,
76.4654371073676,77.4516352099589,78.4378333125503,79.4240314151417,80.410229517733,
81.3964276203244,82.3826257229158,83.3688238255071,84.3550219280985,85.3412200306899,
86.3274181332813,87.3136162358726,88.299814338464,89.2860124410554,90.2722105436468,
91.2584086462381,92.2446067488295,93.2308048514209,94.2170029540122,95.2032010566036,
96.189399159195,97.1755972617864,98.1617953643777,99.1479934669691),
 .UNSPECIFIED.);
#22=PLANE('',#648);
#23=PLANE('',#649);
#24=PLANE('',#652);
#25=PLANE('',#657);
#26=PLANE('',#662);
#27=PLANE('',#663);
#28=PLANE('',#664);
#29=PLANE('',#665);
#30=PLANE('',#666);
#31=PLANE('',#667);
#32=PLANE('',#668);
#33=PLANE('',#670);
#34=PLANE('',#673);
#35=FACE_OUTER_BOUND('',#68,.T.);
#36=FACE_OUTER_BOUND('',#69,.T.);
#37=FACE_OUTER_BOUND('',#70,.T.);
#38=FACE_OUTER_BOUND('',#71,.T.);
#39=FACE_OUTER_BOUND('',#72,.T.);
#40=FACE_OUTER_BOUND('',#73,.T.);
#41=FACE_OUTER_BOUND('',#74,.T.);
#42=FACE_OUTER_BOUND('',#75,.T.);
#43=FACE_OUTER_BOUND('',#76,.T.);
#44=FACE_OUTER_BOUND('',#77,.T.);
#45=FACE_OUTER_BOUND('',#78,.T.);
#46=FACE_OUTER_BOUND('',#79,.T.);
#47=FACE_OUTER_BOUND('',#80,.T.);
#48=FACE_OUTER_BOUND('',#81,.T.);
#49=FACE_OUTER_BOUND('',#82,.T.);
#50=FACE_OUTER_BOUND('',#83,.T.);
#51=FACE_OUTER_BOUND('',#84,.T.);
#52=FACE_OUTER_BOUND('',#85,.T.);
#53=FACE_OUTER_BOUND('',#86,.T.);
#54=FACE_OUTER_BOUND('',#88,.T.);
#55=FACE_OUTER_BOUND('',#89,.T.);
#56=FACE_OUTER_BOUND('',#90,.T.);
#57=FACE_OUTER_BOUND('',#92,.T.);
#58=FACE_OUTER_BOUND('',#93,.T.);
#59=FACE_OUTER_BOUND('',#94,.T.);
#60=FACE_OUTER_BOUND('',#95,.T.);
#61=FACE_OUTER_BOUND('',#96,.T.);
#62=FACE_OUTER_BOUND('',#97,.T.);
#63=FACE_OUTER_BOUND('',#98,.T.);
#64=FACE_OUTER_BOUND('',#99,.T.);
#65=FACE_OUTER_BOUND('',#101,.T.);
#66=FACE_OUTER_BOUND('',#102,.T.);
#67=FACE_OUTER_BOUND('',#103,.T.);
#68=EDGE_LOOP('',(#386,#387,#388,#389));
#69=EDGE_LOOP('',(#390,#391,#392,#393));
#70=EDGE_LOOP('',(#394,#395,#396,#397));
#71=EDGE_LOOP('',(#398,#399,#400,#401));
#72=EDGE_LOOP('',(#402,#403,#404,#405));
#73=EDGE_LOOP('',(#406,#407,#408,#409));
#74=EDGE_LOOP('',(#410,#411,#412,#413));
#75=EDGE_LOOP('',(#414,#415,#416,#417));
#76=EDGE_LOOP('',(#418,#419,#420,#421));
#77=EDGE_LOOP('',(#422,#423,#424,#425));
#78=EDGE_LOOP('',(#426,#427,#428,#429));
#79=EDGE_LOOP('',(#430,#431,#432,#433));
#80=EDGE_LOOP('',(#434,#435,#436,#437));
#81=EDGE_LOOP('',(#438,#439,#440,#441));
#82=EDGE_LOOP('',(#442,#443,#444,#445,#446,#447,#448,#449));
#83=EDGE_LOOP('',(#450,#451,#452,#453));
#84=EDGE_LOOP('',(#454,#455,#456,#457,#458,#459,#460,#461,#462,#463,#464,
#465,#466,#467,#468,#469,#470));
#85=EDGE_LOOP('',(#471,#472,#473,#474,#475,#476,#477,#478,#479,#480,#481,
#482,#483,#484,#485,#486,#487));
#86=EDGE_LOOP('',(#488,#489,#490,#491));
#87=EDGE_LOOP('',(#492,#493,#494,#495));
#88=EDGE_LOOP('',(#496,#497,#498,#499));
#89=EDGE_LOOP('',(#500,#501,#502,#503));
#90=EDGE_LOOP('',(#504,#505,#506,#507));
#91=EDGE_LOOP('',(#508,#509,#510,#511));
#92=EDGE_LOOP('',(#512,#513,#514,#515,#516,#517));
#93=EDGE_LOOP('',(#518,#519,#520,#521,#522,#523,#524));
#94=EDGE_LOOP('',(#525,#526,#527,#528,#529,#530,#531,#532));
#95=EDGE_LOOP('',(#533,#534,#535,#536));
#96=EDGE_LOOP('',(#537,#538,#539,#540,#541));
#97=EDGE_LOOP('',(#542,#543,#544,#545,#546));
#98=EDGE_LOOP('',(#547,#548,#549,#550));
#99=EDGE_LOOP('',(#551,#552,#553,#554));
#100=EDGE_LOOP('',(#555));
#101=EDGE_LOOP('',(#556));
#102=EDGE_LOOP('',(#557,#558,#559,#560));
#103=EDGE_LOOP('',(#561,#562,#563,#564,#565));
#104=CIRCLE('',#632,1.666);
#105=CIRCLE('',#638,1.666);
#106=CIRCLE('',#640,2.05475000000001);
#107=CIRCLE('',#647,2.05475000000002);
#108=CIRCLE('',#650,9999.);
#109=CIRCLE('',#653,82.28);
#110=CIRCLE('',#656,82.28);
#111=CIRCLE('',#659,9999.);
#112=CIRCLE('',#669,1.666);
#113=CIRCLE('',#671,1.666);
#114=B_SPLINE_CURVE_WITH_KNOTS('',3,(#812,#813,#814,#815,#816,#817,#818,
#819,#820,#821,#822,#823,#824,#825,#826,#827),.UNSPECIFIED.,.F.,.F.,(4,
3,3,3,3,4),(82.991231248507,83.3416210523469,84.3278191549383,85.3140172575296,
86.300215360121,87.286413462712),.UNSPECIFIED.);
#115=B_SPLINE_CURVE_WITH_KNOTS('',3,(#830,#831,#832,#833,#834,#835,#836,
#837,#838,#839,#840,#841,#842,#843,#844,#845,#846,#847,#848,#849,#850,#851),
 .UNSPECIFIED.,.F.,.F.,(4,3,3,3,3,3,3,4),(-85.2718005974378,-84.3278191549379,
-83.3416210523465,-82.3554229497552,-81.3692248471638,-80.3830267445724,
-79.3968286419811,-79.244606949847),.UNSPECIFIED.);
#116=B_SPLINE_CURVE_WITH_KNOTS('',3,(#856,#857,#858,#859,#860,#861,#862,
#863,#864,#865,#866,#867,#868,#869,#870,#871,#872,#873,#874,#875,#876,#877),
 .UNSPECIFIED.,.F.,.F.,(4,3,3,3,3,3,3,4),(76.7080459413274,77.4244324367987,
78.41063053939,79.3968286419814,80.3830267445728,81.3692248471641,82.3554229497555,
82.991231248507),.UNSPECIFIED.);
#117=B_SPLINE_CURVE_WITH_KNOTS('',3,(#878,#879,#880,#881,#882,#883,#884,
#885,#886,#887,#888,#889,#890,#891,#892,#893,#894,#895,#896,#897,#898,#899),
 .UNSPECIFIED.,.F.,.F.,(4,3,3,3,3,3,3,4),(-79.244606949847,-78.4106305393897,
-77.4244324367983,-76.4382343342069,-75.4520362316156,-74.4658381290242,
-73.4796400264328,-72.9614216426674),.UNSPECIFIED.);
#118=B_SPLINE_CURVE_WITH_KNOTS('',3,(#904,#905,#906,#907,#908,#909,#910,
#911,#912,#913,#914,#915,#916,#917,#918,#919,#920,#921,#922,#923,#924,#925,
#926,#927,#928),.UNSPECIFIED.,.F.,.F.,(4,3,3,3,3,3,3,3,4),(70.4248606341481,
70.521045718659,71.5072438212504,72.4934419238418,73.4796400264331,74.4658381290245,
75.4520362316159,76.4382343342073,76.7080459413274),.UNSPECIFIED.);
#119=B_SPLINE_CURVE_WITH_KNOTS('',3,(#929,#930,#931,#932,#933,#934,#935,
#936,#937,#938,#939,#940,#941,#942,#943,#944,#945,#946,#947,#948,#949,#950),
 .UNSPECIFIED.,.F.,.F.,(4,3,3,3,3,3,3,4),(-72.9614216426674,-72.4934419238414,
-71.5072438212501,-70.5210457186587,-69.5348476160673,-68.548649513476,
-67.5624514108846,-66.6782363354877),.UNSPECIFIED.);
#120=B_SPLINE_CURVE_WITH_KNOTS('',3,(#955,#956,#957,#958,#959,#960,#961,
#962,#963,#964,#965,#966,#967,#968,#969,#970,#971,#972,#973,#974,#975,#976),
 .UNSPECIFIED.,.F.,.F.,(4,3,3,3,3,3,3,4),(64.1416753269685,64.6038571031108,
65.5900552057022,66.5762533082935,67.5624514108849,68.5486495134763,69.5348476160677,
70.4248606341481),.UNSPECIFIED.);
#121=B_SPLINE_CURVE_WITH_KNOTS('',3,(#977,#978,#979,#980,#981,#982,#983,
#984,#985,#986,#987,#988,#989,#990,#991,#992,#993,#994,#995,#996,#997,#998,
#999,#1000,#1001),.UNSPECIFIED.,.F.,.F.,(4,3,3,3,3,3,3,3,4),(-66.6782363354877,
-66.5762533082932,-65.5900552057019,-64.6038571031105,-63.6176590005191,
-62.6314608979277,-61.6452627953364,-60.659064692745,-60.3950510283081),
 .UNSPECIFIED.);
#122=B_SPLINE_CURVE_WITH_KNOTS('',3,(#1006,#1007,#1008,#1009,#1010,#1011,
#1012,#1013,#1014,#1015,#1016,#1017,#1018,#1019,#1020,#1021,#1022,#1023,
#1024,#1025,#1026,#1027),.UNSPECIFIED.,.F.,.F.,(4,3,3,3,3,3,3,4),(57.8584900197889,
58.6866684875625,59.6728665901539,60.6590646927453,61.6452627953367,62.631460897928,
63.6176590005194,64.1416753269685),.UNSPECIFIED.);
#123=B_SPLINE_CURVE_WITH_KNOTS('',3,(#1028,#1029,#1030,#1031,#1032,#1033,
#1034,#1035,#1036,#1037,#1038,#1039,#1040,#1041,#1042,#1043,#1044,#1045,
#1046,#1047,#1048,#1049),.UNSPECIFIED.,.F.,.F.,(4,3,3,3,3,3,3,4),(-60.3950510283081,
-59.6728665901537,-58.6866684875623,-57.7004703849709,-56.7142722823795,
-55.7280741797881,-54.7418760771968,-54.1118657211285),.UNSPECIFIED.);
#124=B_SPLINE_CURVE_WITH_KNOTS('',3,(#1055,#1056,#1057,#1058,#1059,#1060,
#1061,#1062,#1063,#1064),.UNSPECIFIED.,.F.,.F.,(4,3,3,4),(-47.8286804139489,
-46.8522912564658,-45.8660931538744,-44.8798950512831),.UNSPECIFIED.);
#125=B_SPLINE_CURVE_WITH_KNOTS('',3,(#1067,#1068,#1069,#1070,#1071,#1072,
#1073,#1074,#1075,#1076,#1077,#1078,#1079,#1080,#1081,#1082),
 .UNSPECIFIED.,.F.,.F.,(4,3,3,3,3,4),(46.8945079165573,47.8384893590574,
48.8246874616488,49.8108855642402,50.7970836668315,51.5753047126093),
 .UNSPECIFIED.);
#126=B_SPLINE_CURVE_WITH_KNOTS('',3,(#1088,#1089,#1090,#1091,#1092),
 .UNSPECIFIED.,.F.,.F.,(4,1,4),(97.3893722612837,98.1617953643777,99.1479934669691),
 .UNSPECIFIED.);
#127=B_SPLINE_CURVE_WITH_KNOTS('',3,(#1095,#1096,#1097,#1098,#1099,#1100),
 .UNSPECIFIED.,.F.,.F.,(4,1,1,4),(97.3893722612837,97.7397620651233,98.7259601677146,
99.6699416102145),.UNSPECIFIED.);
#128=B_SPLINE_CURVE_WITH_KNOTS('',3,(#1105,#1106,#1107,#1108,#1109,#1110,
#1111,#1112,#1113,#1114,#1115),.UNSPECIFIED.,.F.,.F.,(4,1,1,1,1,1,1,1,4),
(91.106186954104,91.2584086462381,92.2446067488295,93.2308048514209,94.2170029540122,
95.2032010566036,96.189399159195,97.1755972617864,97.3893722612837),
 .UNSPECIFIED.);
#129=B_SPLINE_CURVE_WITH_KNOTS('',3,(#1116,#1117,#1118,#1119,#1120,#1121,
#1122,#1123,#1124,#1125),.UNSPECIFIED.,.F.,.F.,(4,1,1,1,1,1,1,4),(91.1061869541041,
91.822573449575,92.8087715521664,93.7949696547578,94.7811677573492,95.7673658599405,
96.7535639625319,97.3893722612837),.UNSPECIFIED.);
#130=B_SPLINE_CURVE_WITH_KNOTS('',3,(#1130,#1131,#1132,#1133,#1134,#1135,
#1136,#1137,#1138,#1139),.UNSPECIFIED.,.F.,.F.,(4,1,1,1,1,1,1,4),(84.8230016469245,
85.3412200306899,86.3274181332813,87.3136162358726,88.299814338464,89.2860124410554,
90.2722105436468,91.106186954104),.UNSPECIFIED.);
#131=B_SPLINE_CURVE_WITH_KNOTS('',3,(#1140,#1141,#1142,#1143,#1144,#1145,
#1146,#1147,#1148,#1149,#1150),.UNSPECIFIED.,.F.,.F.,(4,1,1,1,1,1,1,1,4),
(84.8230016469245,84.9191867314354,85.9053848340268,86.8915829366181,87.8777810392095,
88.8639791418009,89.8501772443923,90.8363753469837,91.1061869541041),
 .UNSPECIFIED.);
#132=B_SPLINE_CURVE_WITH_KNOTS('',3,(#1155,#1156,#1157,#1158,#1159,#1160,
#1161,#1162,#1163,#1164),.UNSPECIFIED.,.F.,.F.,(4,1,1,1,1,1,1,4),(78.5398163397449,
79.4240314151417,80.410229517733,81.3964276203244,82.3826257229158,83.3688238255071,
84.3550219280985,84.8230016469245),.UNSPECIFIED.);
#133=B_SPLINE_CURVE_WITH_KNOTS('',3,(#1165,#1166,#1167,#1168,#1169,#1170,
#1171,#1172,#1173,#1174),.UNSPECIFIED.,.F.,.F.,(4,1,1,1,1,1,1,4),(78.5398163397448,
79.0019981158872,79.9881962184785,80.9743943210699,81.9605924236613,82.9467905262527,
83.932988628844,84.8230016469245),.UNSPECIFIED.);
#134=B_SPLINE_CURVE_WITH_KNOTS('',3,(#1179,#1180,#1181,#1182,#1183,#1184,
#1185,#1186,#1187,#1188,#1189),.UNSPECIFIED.,.F.,.F.,(4,1,1,1,1,1,1,1,4),
(72.2566310325652,72.5206446970021,73.5068427995934,74.4930409021848,75.4792390047762,
76.4654371073676,77.4516352099589,78.4378333125503,78.5398163397449),
 .UNSPECIFIED.);
#135=B_SPLINE_CURVE_WITH_KNOTS('',3,(#1190,#1191,#1192,#1193,#1194,#1195,
#1196,#1197,#1198,#1199),.UNSPECIFIED.,.F.,.F.,(4,1,1,1,1,1,1,4),(72.2566310325652,
73.0848095003389,74.0710076029303,75.0572057055217,76.043403808113,77.0296019107044,
78.0158000132958,78.5398163397448),.UNSPECIFIED.);
#136=B_SPLINE_CURVE_WITH_KNOTS('',3,(#1204,#1205,#1206,#1207,#1208,#1209,
#1210,#1211,#1212,#1213),.UNSPECIFIED.,.F.,.F.,(4,1,1,1,1,1,1,4),(65.9734457253856,
66.6034560814539,67.5896541840452,68.5758522866366,69.562050389228,70.5482484918193,
71.5344465944107,72.2566310325652),.UNSPECIFIED.);
#137=B_SPLINE_CURVE_WITH_KNOTS('',3,(#1214,#1215,#1216,#1217,#1218,#1219,
#1220,#1221,#1222,#1223,#1224),.UNSPECIFIED.,.F.,.F.,(4,1,1,1,1,1,1,1,4),
(65.9734457253856,66.1814227821993,67.1676208847907,68.153818987382,69.1400170899734,
70.1262151925648,71.1124132951562,72.0986113977475,72.2566310325652),
 .UNSPECIFIED.);
#138=B_SPLINE_CURVE_WITH_KNOTS('',3,(#1230,#1231,#1232,#1233),
 .UNSPECIFIED.,.F.,.F.,(4,4),(59.2780360640597,59.690260418206),
 .UNSPECIFIED.);
#139=B_SPLINE_CURVE_WITH_KNOTS('',3,(#1236,#1237,#1238,#1239),
 .UNSPECIFIED.,.F.,.F.,(4,4),(58.7560879208143,59.690260418206),
 .UNSPECIFIED.);
#140=B_SPLINE_CURVE_WITH_KNOTS('',3,(#1264,#1265,#1266,#1267,#1268,#1269,
#1270,#1271,#1272,#1273,#1274),.UNSPECIFIED.,.F.,.F.,(4,1,1,1,1,1,1,1,4),
(59.690260418206,59.7000693633143,60.6862674659056,61.672465568497,62.6586636710884,
63.6448617736797,64.6310598762711,65.6172579788625,65.9734457253856),
 .UNSPECIFIED.);
#141=B_SPLINE_CURVE_WITH_KNOTS('',3,(#1275,#1276,#1277,#1278,#1279,#1280,
#1281,#1282,#1283,#1284),.UNSPECIFIED.,.F.,.F.,(4,1,1,1,1,1,1,4),(59.690260418206,
60.2642341666511,61.2504322692424,62.2366303718338,63.2228284744252,64.2090265770165,
65.1952246796079,65.9734457253856),.UNSPECIFIED.);
#142=B_SPLINE_CURVE_WITH_KNOTS('',3,(#1469,#1470,#1471,#1472,#1473,#1474,
#1475,#1476,#1477,#1478,#1479,#1480,#1481,#1482,#1483,#1484,#1485,#1486,
#1487,#1488,#1489,#1490,#1491,#1492,#1493,#1494,#1495,#1496,#1497,#1498,
#1499,#1500,#1501,#1502,#1503,#1504,#1505,#1506,#1507,#1508,#1509,#1510,
#1511,#1512,#1513,#1514,#1515,#1516,#1517,#1518,#1519,#1520,#1521,#1522,
#1523,#1524,#1525,#1526,#1527,#1528,#1529,#1530,#1531,#1532,#1533,#1534,
#1535,#1536,#1537,#1538,#1539,#1540,#1541,#1542,#1543,#1544,#1545,#1546,
#1547,#1548,#1549,#1550,#1551,#1552,#1553,#1554,#1555,#1556),
 .UNSPECIFIED.,.F.,.F.,(4,3,3,3,3,3,3,3,3,3,3,3,3,3,3,3,3,3,3,3,3,3,3,3,
3,3,3,3,3,4),(0.,0.0219549634127084,0.0445255311492841,0.0633371570494699,
0.0721584965652853,0.0769747181566756,0.0808942390252288,0.102834274764179,
0.124610039101097,0.142212163913515,0.150287109071536,0.153891382856927,
0.157552718146959,0.178340053010668,0.19501853835077,0.217077887183621,
0.22660651762762,0.23043776628505,0.251111796212591,0.271747507727278,0.285843848453557,
0.296503437331019,0.300740245290313,0.320507412632773,0.333253891727972,
0.337722231468117,0.3424591255548,0.361458516408268,0.371493329013572,0.378621596831227),
 .UNSPECIFIED.);
#143=B_SPLINE_CURVE_WITH_KNOTS('',3,(#1557,#1558,#1559,#1560,#1561,#1562,
#1563,#1564,#1565,#1566,#1567,#1568,#1569,#1570,#1571,#1572,#1573,#1574,
#1575,#1576,#1577,#1578,#1579,#1580,#1581,#1582,#1583,#1584,#1585,#1586,
#1587,#1588,#1589,#1590,#1591,#1592,#1593,#1594,#1595,#1596,#1597,#1598,
#1599,#1600,#1601,#1602,#1603,#1604,#1605,#1606,#1607,#1608,#1609,#1610,
#1611,#1612,#1613,#1614,#1615,#1616,#1617,#1618,#1619,#1620,#1621,#1622,
#1623,#1624,#1625,#1626,#1627,#1628,#1629,#1630,#1631,#1632,#1633,#1634,
#1635,#1636,#1637,#1638,#1639,#1640,#1641,#1642,#1643,#1644),
 .UNSPECIFIED.,.F.,.F.,(4,3,3,3,3,3,3,3,3,3,3,3,3,3,3,3,3,3,3,3,3,3,3,3,
3,3,3,3,3,4),(-0.376940817211172,-0.368274191909993,-0.34584494822205,-0.335171914105261,
-0.329289185090946,-0.324735465924753,-0.302470499544449,-0.286546237395571,
-0.281977176519465,-0.278332546760432,-0.256620420911705,-0.235381018780291,
-0.220304864673575,-0.207668387303098,-0.204243246389093,-0.183672031754703,
-0.175076402353428,-0.15319185205925,-0.143586163123962,-0.137723357196881,
-0.132493257514559,-0.112063640834637,-0.0916801341568874,-0.07168490339654,
-0.0671889477406988,-0.0637841425396119,-0.0441869507597304,-0.0249306075997637,
-0.00629829101105519,0.),.UNSPECIFIED.);
#144=B_SPLINE_CURVE_WITH_KNOTS('',3,(#1645,#1646,#1647,#1648,#1649,#1650,
#1651,#1652,#1653,#1654,#1655,#1656,#1657,#1658,#1659,#1660,#1661,#1662,
#1663,#1664,#1665,#1666,#1667,#1668,#1669),.UNSPECIFIED.,.F.,.F.,(4,3,3,
3,3,3,3,3,4),(51.5753047126093,51.7832817694229,52.7694798720143,53.7556779746057,
54.741876077197,55.7280741797884,56.7142722823798,57.7004703849712,57.8584900197889),
 .UNSPECIFIED.);
#145=B_SPLINE_CURVE_WITH_KNOTS('',3,(#1854,#1855,#1856,#1857,#1858,#1859,
#1860,#1861,#1862,#1863,#1864,#1865,#1866,#1867,#1868,#1869,#1870,#1871,
#1872,#1873,#1874,#1875,#1876,#1877,#1878,#1879,#1880,#1881,#1882,#1883,
#1884,#1885,#1886,#1887,#1888,#1889,#1890,#1891,#1892,#1893,#1894,#1895,
#1896,#1897,#1898,#1899,#1900,#1901,#1902,#1903,#1904,#1905,#1906,#1907,
#1908,#1909,#1910,#1911,#1912,#1913,#1914,#1915,#1916,#1917,#1918,#1919,
#1920,#1921,#1922,#1923,#1924,#1925,#1926,#1927,#1928,#1929,#1930,#1931,
#1932,#1933,#1934,#1935,#1936,#1937,#1938),.UNSPECIFIED.,.F.,.F.,(4,3,3,
3,3,3,3,3,3,3,3,3,3,3,3,3,3,3,3,3,3,3,3,3,3,3,3,3,4),(0.,0.0185837068707611,
0.0381452938060972,0.0552616823745163,0.0634714473250478,0.0684334159789825,
0.088472012022865,0.108871319991266,0.125422590581812,0.132777073413166,
0.137344223545259,0.158414477712891,0.17507640235345,0.195585354832736,
0.204225690614115,0.209155473466079,0.230186184613313,0.251693346595501,
0.267397719720227,0.27528355589357,0.28058434800384,0.284096343185657,0.306359495304076,
0.32183816945561,0.327564344392867,0.332093481225431,0.354632217683731,
0.368274191910213,0.376940817211429),.UNSPECIFIED.);
#146=B_SPLINE_CURVE_WITH_KNOTS('',3,(#1939,#1940,#1941,#1942,#1943,#1944,
#1945,#1946,#1947,#1948,#1949,#1950,#1951,#1952,#1953,#1954,#1955,#1956,
#1957,#1958,#1959,#1960,#1961,#1962,#1963),.UNSPECIFIED.,.F.,.F.,(4,3,3,
3,3,3,3,3,4),(-54.1118657211285,-53.7556779746054,-52.769479872014,-51.7832817694227,
-50.7970836668313,-49.8108855642399,-48.8246874616486,-47.8384893590572,
-47.8286804139489),.UNSPECIFIED.);
#147=B_SPLINE_CURVE_WITH_KNOTS('',3,(#1964,#1965,#1966,#1967,#1968,#1969,
#1970,#1971,#1972,#1973,#1974,#1975,#1976,#1977,#1978,#1979,#1980,#1981,
#1982,#1983,#1984,#1985,#1986,#1987,#1988,#1989,#1990,#1991,#1992,#1993,
#1994,#1995,#1996,#1997,#1998,#1999,#2000,#2001,#2002,#2003,#2004,#2005,
#2006,#2007,#2008,#2009,#2010,#2011,#2012,#2013,#2014,#2015,#2016,#2017,
#2018,#2019,#2020,#2021,#2022,#2023,#2024,#2025,#2026,#2027,#2028,#2029,
#2030,#2031,#2032,#2033,#2034,#2035,#2036,#2037,#2038,#2039,#2040,#2041,
#2042,#2043,#2044,#2045,#2046,#2047,#2048,#2049,#2050,#2051),
 .UNSPECIFIED.,.F.,.F.,(4,3,3,3,3,3,3,3,3,3,3,3,3,3,3,3,3,3,3,3,3,3,3,3,
3,3,3,3,3,4),(-0.378621596831213,-0.37149332901356,-0.35259979573392,-0.341966856657149,
-0.337712007339555,-0.317984493685373,-0.30261374926855,-0.297980746318348,
-0.294177608173751,-0.273878405855645,-0.253168701547496,-0.238631160748318,
-0.231003455074803,-0.227356342261751,-0.223566738747582,-0.202248617165038,
-0.195018538350783,-0.1743975428302,-0.163497696403312,-0.154337120361717,
-0.150801370638332,-0.129440696293398,-0.107646130104067,-0.0857079366425147,
-0.0803440814916197,-0.0759764280656978,-0.0534614463601625,-0.0309084774191445,
-0.00884984782343894,0.),.UNSPECIFIED.);
#148=LINE('',#810,#192);
#149=LINE('',#855,#193);
#150=LINE('',#903,#194);
#151=LINE('',#954,#195);
#152=LINE('',#1005,#196);
#153=LINE('',#1053,#197);
#154=LINE('',#1086,#198);
#155=LINE('',#1104,#199);
#156=LINE('',#1129,#200);
#157=LINE('',#1154,#201);
#158=LINE('',#1178,#202);
#159=LINE('',#1203,#203);
#160=LINE('',#1228,#204);
#161=LINE('',#1243,#205);
#162=LINE('',#1245,#206);
#163=LINE('',#1247,#207);
#164=LINE('',#1248,#208);
#165=LINE('',#1251,#209);
#166=LINE('',#1253,#210);
#167=LINE('',#1255,#211);
#168=LINE('',#1259,#212);
#169=LINE('',#1261,#213);
#170=LINE('',#1262,#214);
#171=LINE('',#2056,#215);
#172=LINE('',#2057,#216);
#173=LINE('',#2061,#217);
#174=LINE('',#2064,#218);
#175=LINE('',#2069,#219);
#176=LINE('',#2073,#220);
#177=LINE('',#2078,#221);
#178=LINE('',#2080,#222);
#179=LINE('',#2081,#223);
#180=LINE('',#2083,#224);
#181=LINE('',#2084,#225);
#182=LINE('',#2086,#226);
#183=LINE('',#2087,#227);
#184=LINE('',#2091,#228);
#185=LINE('',#2092,#229);
#186=LINE('',#2095,#230);
#187=LINE('',#2097,#231);
#188=LINE('',#2098,#232);
#189=LINE('',#2100,#233);
#190=LINE('',#2101,#234);
#191=LINE('',#2109,#235);
#192=VECTOR('',#678,1.666);
#193=VECTOR('',#683,1.666);
#194=VECTOR('',#686,1.666);
#195=VECTOR('',#689,1.666);
#196=VECTOR('',#692,1.666);
#197=VECTOR('',#695,1.666);
#198=VECTOR('',#700,2.05475000000002);
#199=VECTOR('',#705,2.05475000000002);
#200=VECTOR('',#708,2.05475000000002);
#201=VECTOR('',#711,2.05475000000002);
#202=VECTOR('',#714,2.05475000000002);
#203=VECTOR('',#717,2.05475000000002);
#204=VECTOR('',#720,2.05475000000002);
#205=VECTOR('',#725,10.);
#206=VECTOR('',#726,10.);
#207=VECTOR('',#727,10.);
#208=VECTOR('',#728,10.);
#209=VECTOR('',#731,10.);
#210=VECTOR('',#732,10.);
#211=VECTOR('',#733,10.);
#212=VECTOR('',#736,10.);
#213=VECTOR('',#737,10.);
#214=VECTOR('',#738,10.);
#215=VECTOR('',#745,10.);
#216=VECTOR('',#746,10.);
#217=VECTOR('',#751,10.);
#218=VECTOR('',#756,10.);
#219=VECTOR('',#761,10.);
#220=VECTOR('',#764,10.);
#221=VECTOR('',#769,10.);
#222=VECTOR('',#770,10.);
#223=VECTOR('',#771,10.);
#224=VECTOR('',#772,10.);
#225=VECTOR('',#773,10.);
#226=VECTOR('',#776,10.);
#227=VECTOR('',#777,10.);
#228=VECTOR('',#782,10.);
#229=VECTOR('',#783,10.);
#230=VECTOR('',#786,10.);
#231=VECTOR('',#787,10.);
#232=VECTOR('',#788,10.);
#233=VECTOR('',#791,10.);
#234=VECTOR('',#792,10.);
#235=VECTOR('',#803,1.666);
#236=VERTEX_POINT('',#808);
#237=VERTEX_POINT('',#809);
#238=VERTEX_POINT('',#811);
#239=VERTEX_POINT('',#828);
#240=VERTEX_POINT('',#853);
#241=VERTEX_POINT('',#854);
#242=VERTEX_POINT('',#901);
#243=VERTEX_POINT('',#902);
#244=VERTEX_POINT('',#952);
#245=VERTEX_POINT('',#953);
#246=VERTEX_POINT('',#1003);
#247=VERTEX_POINT('',#1004);
#248=VERTEX_POINT('',#1051);
#249=VERTEX_POINT('',#1052);
#250=VERTEX_POINT('',#1054);
#251=VERTEX_POINT('',#1065);
#252=VERTEX_POINT('',#1084);
#253=VERTEX_POINT('',#1085);
#254=VERTEX_POINT('',#1087);
#255=VERTEX_POINT('',#1093);
#256=VERTEX_POINT('',#1102);
#257=VERTEX_POINT('',#1103);
#258=VERTEX_POINT('',#1127);
#259=VERTEX_POINT('',#1128);
#260=VERTEX_POINT('',#1152);
#261=VERTEX_POINT('',#1153);
#262=VERTEX_POINT('',#1176);
#263=VERTEX_POINT('',#1177);
#264=VERTEX_POINT('',#1201);
#265=VERTEX_POINT('',#1202);
#266=VERTEX_POINT('',#1226);
#267=VERTEX_POINT('',#1227);
#268=VERTEX_POINT('',#1229);
#269=VERTEX_POINT('',#1234);
#270=VERTEX_POINT('',#1241);
#271=VERTEX_POINT('',#1242);
#272=VERTEX_POINT('',#1244);
#273=VERTEX_POINT('',#1246);
#274=VERTEX_POINT('',#1250);
#275=VERTEX_POINT('',#1252);
#276=VERTEX_POINT('',#1254);
#277=VERTEX_POINT('',#1256);
#278=VERTEX_POINT('',#1258);
#279=VERTEX_POINT('',#1260);
#280=VERTEX_POINT('',#2053);
#281=VERTEX_POINT('',#2055);
#282=VERTEX_POINT('',#2060);
#283=VERTEX_POINT('',#2066);
#284=VERTEX_POINT('',#2067);
#285=VERTEX_POINT('',#2070);
#286=VERTEX_POINT('',#2072);
#287=VERTEX_POINT('',#2076);
#288=VERTEX_POINT('',#2077);
#289=VERTEX_POINT('',#2079);
#290=VERTEX_POINT('',#2082);
#291=VERTEX_POINT('',#2090);
#292=VERTEX_POINT('',#2094);
#293=VERTEX_POINT('',#2096);
#294=VERTEX_POINT('',#2103);
#295=VERTEX_POINT('',#2106);
#296=EDGE_CURVE('',#236,#237,#148,.T.);
#297=EDGE_CURVE('',#237,#238,#114,.T.);
#298=EDGE_CURVE('',#239,#238,#104,.F.);
#299=EDGE_CURVE('',#239,#236,#115,.T.);
#300=EDGE_CURVE('',#240,#241,#149,.T.);
#301=EDGE_CURVE('',#241,#237,#116,.T.);
#302=EDGE_CURVE('',#236,#240,#117,.T.);
#303=EDGE_CURVE('',#242,#243,#150,.T.);
#304=EDGE_CURVE('',#243,#241,#118,.T.);
#305=EDGE_CURVE('',#240,#242,#119,.T.);
#306=EDGE_CURVE('',#244,#245,#151,.T.);
#307=EDGE_CURVE('',#245,#243,#120,.T.);
#308=EDGE_CURVE('',#242,#244,#121,.T.);
#309=EDGE_CURVE('',#246,#247,#152,.T.);
#310=EDGE_CURVE('',#247,#245,#122,.T.);
#311=EDGE_CURVE('',#244,#246,#123,.T.);
#312=EDGE_CURVE('',#248,#249,#153,.T.);
#313=EDGE_CURVE('',#248,#250,#124,.T.);
#314=EDGE_CURVE('',#251,#250,#105,.T.);
#315=EDGE_CURVE('',#251,#249,#125,.T.);
#316=EDGE_CURVE('',#252,#253,#154,.T.);
#317=EDGE_CURVE('',#253,#254,#126,.T.);
#318=EDGE_CURVE('',#255,#254,#106,.F.);
#319=EDGE_CURVE('',#252,#255,#127,.T.);
#320=EDGE_CURVE('',#256,#257,#155,.T.);
#321=EDGE_CURVE('',#257,#253,#128,.T.);
#322=EDGE_CURVE('',#256,#252,#129,.T.);
#323=EDGE_CURVE('',#258,#259,#156,.T.);
#324=EDGE_CURVE('',#259,#257,#130,.T.);
#325=EDGE_CURVE('',#258,#256,#131,.T.);
#326=EDGE_CURVE('',#260,#261,#157,.T.);
#327=EDGE_CURVE('',#261,#259,#132,.T.);
#328=EDGE_CURVE('',#260,#258,#133,.T.);
#329=EDGE_CURVE('',#262,#263,#158,.T.);
#330=EDGE_CURVE('',#263,#261,#134,.T.);
#331=EDGE_CURVE('',#262,#260,#135,.T.);
#332=EDGE_CURVE('',#264,#265,#159,.T.);
#333=EDGE_CURVE('',#265,#263,#136,.T.);
#334=EDGE_CURVE('',#264,#262,#137,.T.);
#335=EDGE_CURVE('',#266,#267,#160,.T.);
#336=EDGE_CURVE('',#268,#266,#138,.T.);
#337=EDGE_CURVE('',#269,#268,#107,.T.);
#338=EDGE_CURVE('',#269,#267,#139,.T.);
#339=EDGE_CURVE('',#270,#271,#161,.T.);
#340=EDGE_CURVE('',#272,#270,#162,.T.);
#341=EDGE_CURVE('',#273,#272,#163,.T.);
#342=EDGE_CURVE('',#271,#273,#164,.T.);
#343=EDGE_CURVE('',#274,#271,#165,.F.);
#344=EDGE_CURVE('',#273,#275,#166,.T.);
#345=EDGE_CURVE('',#276,#275,#167,.T.);
#346=EDGE_CURVE('',#276,#277,#108,.F.);
#347=EDGE_CURVE('',#277,#278,#168,.T.);
#348=EDGE_CURVE('',#278,#279,#169,.T.);
#349=EDGE_CURVE('',#279,#274,#170,.T.);
#350=EDGE_CURVE('',#267,#265,#140,.T.);
#351=EDGE_CURVE('',#266,#264,#141,.T.);
#352=EDGE_CURVE('',#268,#251,#142,.T.);
#353=EDGE_CURVE('',#238,#255,#143,.F.);
#354=EDGE_CURVE('',#249,#247,#144,.T.);
#355=EDGE_CURVE('',#250,#269,#145,.T.);
#356=EDGE_CURVE('',#246,#248,#146,.T.);
#357=EDGE_CURVE('',#254,#239,#147,.F.);
#358=EDGE_CURVE('',#280,#279,#109,.T.);
#359=EDGE_CURVE('',#278,#281,#171,.T.);
#360=EDGE_CURVE('',#281,#280,#172,.T.);
#361=EDGE_CURVE('',#282,#280,#173,.T.);
#362=EDGE_CURVE('',#282,#274,#110,.T.);
#363=EDGE_CURVE('',#270,#282,#174,.F.);
#364=EDGE_CURVE('',#283,#284,#111,.F.);
#365=EDGE_CURVE('',#277,#283,#175,.T.);
#366=EDGE_CURVE('',#285,#276,#15,.F.);
#367=EDGE_CURVE('',#285,#286,#176,.T.);
#368=EDGE_CURVE('',#286,#284,#16,.T.);
#369=EDGE_CURVE('',#287,#288,#177,.T.);
#370=EDGE_CURVE('',#288,#289,#178,.T.);
#371=EDGE_CURVE('',#289,#275,#179,.T.);
#372=EDGE_CURVE('',#290,#272,#180,.T.);
#373=EDGE_CURVE('',#290,#287,#181,.T.);
#374=EDGE_CURVE('',#283,#281,#182,.T.);
#375=EDGE_CURVE('',#284,#290,#183,.T.);
#376=EDGE_CURVE('',#291,#289,#184,.T.);
#377=EDGE_CURVE('',#285,#291,#185,.T.);
#378=EDGE_CURVE('',#292,#286,#186,.T.);
#379=EDGE_CURVE('',#291,#293,#187,.T.);
#380=EDGE_CURVE('',#292,#293,#188,.T.);
#381=EDGE_CURVE('',#292,#287,#189,.T.);
#382=EDGE_CURVE('',#293,#288,#190,.T.);
#383=EDGE_CURVE('',#294,#294,#112,.T.);
#384=EDGE_CURVE('',#295,#295,#113,.T.);
#385=EDGE_CURVE('',#294,#295,#191,.T.);
#386=ORIENTED_EDGE('',*,*,#296,.T.);
#387=ORIENTED_EDGE('',*,*,#297,.T.);
#388=ORIENTED_EDGE('',*,*,#298,.F.);
#389=ORIENTED_EDGE('',*,*,#299,.T.);
#390=ORIENTED_EDGE('',*,*,#300,.T.);
#391=ORIENTED_EDGE('',*,*,#301,.T.);
#392=ORIENTED_EDGE('',*,*,#296,.F.);
#393=ORIENTED_EDGE('',*,*,#302,.T.);
#394=ORIENTED_EDGE('',*,*,#303,.T.);
#395=ORIENTED_EDGE('',*,*,#304,.T.);
#396=ORIENTED_EDGE('',*,*,#300,.F.);
#397=ORIENTED_EDGE('',*,*,#305,.T.);
#398=ORIENTED_EDGE('',*,*,#306,.T.);
#399=ORIENTED_EDGE('',*,*,#307,.T.);
#400=ORIENTED_EDGE('',*,*,#303,.F.);
#401=ORIENTED_EDGE('',*,*,#308,.T.);
#402=ORIENTED_EDGE('',*,*,#309,.T.);
#403=ORIENTED_EDGE('',*,*,#310,.T.);
#404=ORIENTED_EDGE('',*,*,#306,.F.);
#405=ORIENTED_EDGE('',*,*,#311,.T.);
#406=ORIENTED_EDGE('',*,*,#312,.F.);
#407=ORIENTED_EDGE('',*,*,#313,.T.);
#408=ORIENTED_EDGE('',*,*,#314,.F.);
#409=ORIENTED_EDGE('',*,*,#315,.T.);
#410=ORIENTED_EDGE('',*,*,#316,.T.);
#411=ORIENTED_EDGE('',*,*,#317,.T.);
#412=ORIENTED_EDGE('',*,*,#318,.F.);
#413=ORIENTED_EDGE('',*,*,#319,.F.);
#414=ORIENTED_EDGE('',*,*,#320,.T.);
#415=ORIENTED_EDGE('',*,*,#321,.T.);
#416=ORIENTED_EDGE('',*,*,#316,.F.);
#417=ORIENTED_EDGE('',*,*,#322,.F.);
#418=ORIENTED_EDGE('',*,*,#323,.T.);
#419=ORIENTED_EDGE('',*,*,#324,.T.);
#420=ORIENTED_EDGE('',*,*,#320,.F.);
#421=ORIENTED_EDGE('',*,*,#325,.F.);
#422=ORIENTED_EDGE('',*,*,#326,.T.);
#423=ORIENTED_EDGE('',*,*,#327,.T.);
#424=ORIENTED_EDGE('',*,*,#323,.F.);
#425=ORIENTED_EDGE('',*,*,#328,.F.);
#426=ORIENTED_EDGE('',*,*,#329,.T.);
#427=ORIENTED_EDGE('',*,*,#330,.T.);
#428=ORIENTED_EDGE('',*,*,#326,.F.);
#429=ORIENTED_EDGE('',*,*,#331,.F.);
#430=ORIENTED_EDGE('',*,*,#332,.T.);
#431=ORIENTED_EDGE('',*,*,#333,.T.);
#432=ORIENTED_EDGE('',*,*,#329,.F.);
#433=ORIENTED_EDGE('',*,*,#334,.F.);
#434=ORIENTED_EDGE('',*,*,#335,.F.);
#435=ORIENTED_EDGE('',*,*,#336,.F.);
#436=ORIENTED_EDGE('',*,*,#337,.F.);
#437=ORIENTED_EDGE('',*,*,#338,.T.);
#438=ORIENTED_EDGE('',*,*,#339,.F.);
#439=ORIENTED_EDGE('',*,*,#340,.F.);
#440=ORIENTED_EDGE('',*,*,#341,.F.);
#441=ORIENTED_EDGE('',*,*,#342,.F.);
#442=ORIENTED_EDGE('',*,*,#343,.T.);
#443=ORIENTED_EDGE('',*,*,#342,.T.);
#444=ORIENTED_EDGE('',*,*,#344,.T.);
#445=ORIENTED_EDGE('',*,*,#345,.F.);
#446=ORIENTED_EDGE('',*,*,#346,.T.);
#447=ORIENTED_EDGE('',*,*,#347,.T.);
#448=ORIENTED_EDGE('',*,*,#348,.T.);
#449=ORIENTED_EDGE('',*,*,#349,.T.);
#450=ORIENTED_EDGE('',*,*,#335,.T.);
#451=ORIENTED_EDGE('',*,*,#350,.T.);
#452=ORIENTED_EDGE('',*,*,#332,.F.);
#453=ORIENTED_EDGE('',*,*,#351,.F.);
#454=ORIENTED_EDGE('',*,*,#352,.F.);
#455=ORIENTED_EDGE('',*,*,#336,.T.);
#456=ORIENTED_EDGE('',*,*,#351,.T.);
#457=ORIENTED_EDGE('',*,*,#334,.T.);
#458=ORIENTED_EDGE('',*,*,#331,.T.);
#459=ORIENTED_EDGE('',*,*,#328,.T.);
#460=ORIENTED_EDGE('',*,*,#325,.T.);
#461=ORIENTED_EDGE('',*,*,#322,.T.);
#462=ORIENTED_EDGE('',*,*,#319,.T.);
#463=ORIENTED_EDGE('',*,*,#353,.F.);
#464=ORIENTED_EDGE('',*,*,#297,.F.);
#465=ORIENTED_EDGE('',*,*,#301,.F.);
#466=ORIENTED_EDGE('',*,*,#304,.F.);
#467=ORIENTED_EDGE('',*,*,#307,.F.);
#468=ORIENTED_EDGE('',*,*,#310,.F.);
#469=ORIENTED_EDGE('',*,*,#354,.F.);
#470=ORIENTED_EDGE('',*,*,#315,.F.);
#471=ORIENTED_EDGE('',*,*,#355,.F.);
#472=ORIENTED_EDGE('',*,*,#313,.F.);
#473=ORIENTED_EDGE('',*,*,#356,.F.);
#474=ORIENTED_EDGE('',*,*,#311,.F.);
#475=ORIENTED_EDGE('',*,*,#308,.F.);
#476=ORIENTED_EDGE('',*,*,#305,.F.);
#477=ORIENTED_EDGE('',*,*,#302,.F.);
#478=ORIENTED_EDGE('',*,*,#299,.F.);
#479=ORIENTED_EDGE('',*,*,#357,.F.);
#480=ORIENTED_EDGE('',*,*,#317,.F.);
#481=ORIENTED_EDGE('',*,*,#321,.F.);
#482=ORIENTED_EDGE('',*,*,#324,.F.);
#483=ORIENTED_EDGE('',*,*,#327,.F.);
#484=ORIENTED_EDGE('',*,*,#330,.F.);
#485=ORIENTED_EDGE('',*,*,#333,.F.);
#486=ORIENTED_EDGE('',*,*,#350,.F.);
#487=ORIENTED_EDGE('',*,*,#338,.F.);
#488=ORIENTED_EDGE('',*,*,#358,.T.);
#489=ORIENTED_EDGE('',*,*,#348,.F.);
#490=ORIENTED_EDGE('',*,*,#359,.T.);
#491=ORIENTED_EDGE('',*,*,#360,.T.);
#492=ORIENTED_EDGE('',*,*,#355,.T.);
#493=ORIENTED_EDGE('',*,*,#337,.T.);
#494=ORIENTED_EDGE('',*,*,#352,.T.);
#495=ORIENTED_EDGE('',*,*,#314,.T.);
#496=ORIENTED_EDGE('',*,*,#312,.T.);
#497=ORIENTED_EDGE('',*,*,#354,.T.);
#498=ORIENTED_EDGE('',*,*,#309,.F.);
#499=ORIENTED_EDGE('',*,*,#356,.T.);
#500=ORIENTED_EDGE('',*,*,#349,.F.);
#501=ORIENTED_EDGE('',*,*,#358,.F.);
#502=ORIENTED_EDGE('',*,*,#361,.F.);
#503=ORIENTED_EDGE('',*,*,#362,.T.);
#504=ORIENTED_EDGE('',*,*,#362,.F.);
#505=ORIENTED_EDGE('',*,*,#363,.F.);
#506=ORIENTED_EDGE('',*,*,#339,.T.);
#507=ORIENTED_EDGE('',*,*,#343,.F.);
#508=ORIENTED_EDGE('',*,*,#357,.T.);
#509=ORIENTED_EDGE('',*,*,#298,.T.);
#510=ORIENTED_EDGE('',*,*,#353,.T.);
#511=ORIENTED_EDGE('',*,*,#318,.T.);
#512=ORIENTED_EDGE('',*,*,#364,.F.);
#513=ORIENTED_EDGE('',*,*,#365,.F.);
#514=ORIENTED_EDGE('',*,*,#346,.F.);
#515=ORIENTED_EDGE('',*,*,#366,.F.);
#516=ORIENTED_EDGE('',*,*,#367,.T.);
#517=ORIENTED_EDGE('',*,*,#368,.T.);
#518=ORIENTED_EDGE('',*,*,#369,.T.);
#519=ORIENTED_EDGE('',*,*,#370,.T.);
#520=ORIENTED_EDGE('',*,*,#371,.T.);
#521=ORIENTED_EDGE('',*,*,#344,.F.);
#522=ORIENTED_EDGE('',*,*,#341,.T.);
#523=ORIENTED_EDGE('',*,*,#372,.F.);
#524=ORIENTED_EDGE('',*,*,#373,.T.);
#525=ORIENTED_EDGE('',*,*,#363,.T.);
#526=ORIENTED_EDGE('',*,*,#361,.T.);
#527=ORIENTED_EDGE('',*,*,#360,.F.);
#528=ORIENTED_EDGE('',*,*,#374,.F.);
#529=ORIENTED_EDGE('',*,*,#364,.T.);
#530=ORIENTED_EDGE('',*,*,#375,.T.);
#531=ORIENTED_EDGE('',*,*,#372,.T.);
#532=ORIENTED_EDGE('',*,*,#340,.T.);
#533=ORIENTED_EDGE('',*,*,#347,.F.);
#534=ORIENTED_EDGE('',*,*,#365,.T.);
#535=ORIENTED_EDGE('',*,*,#374,.T.);
#536=ORIENTED_EDGE('',*,*,#359,.F.);
#537=ORIENTED_EDGE('',*,*,#371,.F.);
#538=ORIENTED_EDGE('',*,*,#376,.F.);
#539=ORIENTED_EDGE('',*,*,#377,.F.);
#540=ORIENTED_EDGE('',*,*,#366,.T.);
#541=ORIENTED_EDGE('',*,*,#345,.T.);
#542=ORIENTED_EDGE('',*,*,#378,.T.);
#543=ORIENTED_EDGE('',*,*,#367,.F.);
#544=ORIENTED_EDGE('',*,*,#377,.T.);
#545=ORIENTED_EDGE('',*,*,#379,.T.);
#546=ORIENTED_EDGE('',*,*,#380,.F.);
#547=ORIENTED_EDGE('',*,*,#381,.F.);
#548=ORIENTED_EDGE('',*,*,#380,.T.);
#549=ORIENTED_EDGE('',*,*,#382,.T.);
#550=ORIENTED_EDGE('',*,*,#369,.F.);
#551=ORIENTED_EDGE('',*,*,#376,.T.);
#552=ORIENTED_EDGE('',*,*,#370,.F.);
#553=ORIENTED_EDGE('',*,*,#382,.F.);
#554=ORIENTED_EDGE('',*,*,#379,.F.);
#555=ORIENTED_EDGE('',*,*,#383,.T.);
#556=ORIENTED_EDGE('',*,*,#384,.F.);
#557=ORIENTED_EDGE('',*,*,#383,.F.);
#558=ORIENTED_EDGE('',*,*,#385,.T.);
#559=ORIENTED_EDGE('',*,*,#384,.T.);
#560=ORIENTED_EDGE('',*,*,#385,.F.);
#561=ORIENTED_EDGE('',*,*,#373,.F.);
#562=ORIENTED_EDGE('',*,*,#375,.F.);
#563=ORIENTED_EDGE('',*,*,#368,.F.);
#564=ORIENTED_EDGE('',*,*,#378,.F.);
#565=ORIENTED_EDGE('',*,*,#381,.T.);
#566=CYLINDRICAL_SURFACE('',#631,1.666);
#567=CYLINDRICAL_SURFACE('',#633,1.666);
#568=CYLINDRICAL_SURFACE('',#634,1.666);
#569=CYLINDRICAL_SURFACE('',#635,1.666);
#570=CYLINDRICAL_SURFACE('',#636,1.666);
#571=CYLINDRICAL_SURFACE('',#637,1.666);
#572=CYLINDRICAL_SURFACE('',#639,2.05475000000002);
#573=CYLINDRICAL_SURFACE('',#641,2.05475000000002);
#574=CYLINDRICAL_SURFACE('',#642,2.05475000000002);
#575=CYLINDRICAL_SURFACE('',#643,2.05475000000002);
#576=CYLINDRICAL_SURFACE('',#644,2.05475000000002);
#577=CYLINDRICAL_SURFACE('',#645,2.05475000000002);
#578=CYLINDRICAL_SURFACE('',#646,2.05475000000002);
#579=CYLINDRICAL_SURFACE('',#651,2.05475000000002);
#580=CYLINDRICAL_SURFACE('',#654,1.666);
#581=CYLINDRICAL_SURFACE('',#655,82.28);
#582=CYLINDRICAL_SURFACE('',#658,9999.);
#583=CYLINDRICAL_SURFACE('',#672,1.666);
#584=ADVANCED_FACE('',(#35),#566,.F.);
#585=ADVANCED_FACE('',(#36),#567,.F.);
#586=ADVANCED_FACE('',(#37),#568,.F.);
#587=ADVANCED_FACE('',(#38),#569,.F.);
#588=ADVANCED_FACE('',(#39),#570,.F.);
#589=ADVANCED_FACE('',(#40),#571,.F.);
#590=ADVANCED_FACE('',(#41),#572,.F.);
#591=ADVANCED_FACE('',(#42),#573,.F.);
#592=ADVANCED_FACE('',(#43),#574,.F.);
#593=ADVANCED_FACE('',(#44),#575,.F.);
#594=ADVANCED_FACE('',(#45),#576,.F.);
#595=ADVANCED_FACE('',(#46),#577,.F.);
#596=ADVANCED_FACE('',(#47),#578,.F.);
#597=ADVANCED_FACE('',(#48),#22,.F.);
#598=ADVANCED_FACE('',(#49),#23,.T.);
#599=ADVANCED_FACE('',(#50),#579,.F.);
#600=ADVANCED_FACE('',(#51),#20,.F.);
#601=ADVANCED_FACE('',(#52),#21,.F.);
#602=ADVANCED_FACE('',(#53,#17),#24,.T.);
#603=ADVANCED_FACE('',(#54),#580,.F.);
#604=ADVANCED_FACE('',(#55),#581,.F.);
#605=ADVANCED_FACE('',(#56,#18),#25,.T.);
#606=ADVANCED_FACE('',(#57),#582,.F.);
#607=ADVANCED_FACE('',(#58),#26,.T.);
#608=ADVANCED_FACE('',(#59),#27,.T.);
#609=ADVANCED_FACE('',(#60),#28,.T.);
#610=ADVANCED_FACE('',(#61),#29,.T.);
#611=ADVANCED_FACE('',(#62),#30,.F.);
#612=ADVANCED_FACE('',(#63),#31,.F.);
#613=ADVANCED_FACE('',(#64,#19),#32,.T.);
#614=ADVANCED_FACE('',(#65),#33,.F.);
#615=ADVANCED_FACE('',(#66),#583,.F.);
#616=ADVANCED_FACE('',(#67),#34,.T.);
#617=CLOSED_SHELL('',(#584,#585,#586,#587,#588,#589,#590,#591,#592,#593,
#594,#595,#596,#597,#598,#599,#600,#601,#602,#603,#604,#605,#606,#607,#608,
#609,#610,#611,#612,#613,#614,#615,#616));
#618=DERIVED_UNIT_ELEMENT(#620,1.);
#619=DERIVED_UNIT_ELEMENT(#2116,-3.);
#620=(
MASS_UNIT()
NAMED_UNIT(*)
SI_UNIT(.KILO.,.GRAM.)
);
#621=DERIVED_UNIT((#618,#619));
#622=MEASURE_REPRESENTATION_ITEM('density measure',
POSITIVE_RATIO_MEASURE(7850.),#621);
#623=PROPERTY_DEFINITION_REPRESENTATION(#628,#625);
#624=PROPERTY_DEFINITION_REPRESENTATION(#629,#626);
#625=REPRESENTATION('material name',(#627),#2113);
#626=REPRESENTATION('density',(#622),#2113);
#627=DESCRIPTIVE_REPRESENTATION_ITEM('Steel','Steel');
#628=PROPERTY_DEFINITION('material property','material name',#2123);
#629=PROPERTY_DEFINITION('material property','density of part',#2123);
#630=AXIS2_PLACEMENT_3D('',#806,#674,#675);
#631=AXIS2_PLACEMENT_3D('',#807,#676,#677);
#632=AXIS2_PLACEMENT_3D('',#829,#679,#680);
#633=AXIS2_PLACEMENT_3D('',#852,#681,#682);
#634=AXIS2_PLACEMENT_3D('',#900,#684,#685);
#635=AXIS2_PLACEMENT_3D('',#951,#687,#688);
#636=AXIS2_PLACEMENT_3D('',#1002,#690,#691);
#637=AXIS2_PLACEMENT_3D('',#1050,#693,#694);
#638=AXIS2_PLACEMENT_3D('',#1066,#696,#697);
#639=AXIS2_PLACEMENT_3D('',#1083,#698,#699);
#640=AXIS2_PLACEMENT_3D('',#1094,#701,#702);
#641=AXIS2_PLACEMENT_3D('',#1101,#703,#704);
#642=AXIS2_PLACEMENT_3D('',#1126,#706,#707);
#643=AXIS2_PLACEMENT_3D('',#1151,#709,#710);
#644=AXIS2_PLACEMENT_3D('',#1175,#712,#713);
#645=AXIS2_PLACEMENT_3D('',#1200,#715,#716);
#646=AXIS2_PLACEMENT_3D('',#1225,#718,#719);
#647=AXIS2_PLACEMENT_3D('',#1235,#721,#722);
#648=AXIS2_PLACEMENT_3D('',#1240,#723,#724);
#649=AXIS2_PLACEMENT_3D('',#1249,#729,#730);
#650=AXIS2_PLACEMENT_3D('',#1257,#734,#735);
#651=AXIS2_PLACEMENT_3D('',#1263,#739,#740);
#652=AXIS2_PLACEMENT_3D('',#2052,#741,#742);
#653=AXIS2_PLACEMENT_3D('',#2054,#743,#744);
#654=AXIS2_PLACEMENT_3D('',#2058,#747,#748);
#655=AXIS2_PLACEMENT_3D('',#2059,#749,#750);
#656=AXIS2_PLACEMENT_3D('',#2062,#752,#753);
#657=AXIS2_PLACEMENT_3D('',#2063,#754,#755);
#658=AXIS2_PLACEMENT_3D('',#2065,#757,#758);
#659=AXIS2_PLACEMENT_3D('',#2068,#759,#760);
#660=AXIS2_PLACEMENT_3D('',#2071,#762,#763);
#661=AXIS2_PLACEMENT_3D('',#2074,#765,#766);
#662=AXIS2_PLACEMENT_3D('',#2075,#767,#768);
#663=AXIS2_PLACEMENT_3D('',#2085,#774,#775);
#664=AXIS2_PLACEMENT_3D('',#2088,#778,#779);
#665=AXIS2_PLACEMENT_3D('',#2089,#780,#781);
#666=AXIS2_PLACEMENT_3D('',#2093,#784,#785);
#667=AXIS2_PLACEMENT_3D('',#2099,#789,#790);
#668=AXIS2_PLACEMENT_3D('',#2102,#793,#794);
#669=AXIS2_PLACEMENT_3D('',#2104,#795,#796);
#670=AXIS2_PLACEMENT_3D('',#2105,#797,#798);
#671=AXIS2_PLACEMENT_3D('',#2107,#799,#800);
#672=AXIS2_PLACEMENT_3D('',#2108,#801,#802);
#673=AXIS2_PLACEMENT_3D('',#2110,#804,#805);
#674=DIRECTION('axis',(0.,0.,1.));
#675=DIRECTION('refdir',(1.,0.,0.));
#676=DIRECTION('center_axis',(0.,0.,-1.));
#677=DIRECTION('ref_axis',(1.,0.,0.));
#678=DIRECTION('',(0.,0.,-1.));
#679=DIRECTION('center_axis',(0.,0.,-1.));
#680=DIRECTION('ref_axis',(1.,0.,0.));
#681=DIRECTION('center_axis',(0.,0.,-1.));
#682=DIRECTION('ref_axis',(1.,0.,0.));
#683=DIRECTION('',(0.,0.,-1.));
#684=DIRECTION('center_axis',(0.,0.,-1.));
#685=DIRECTION('ref_axis',(1.,0.,0.));
#686=DIRECTION('',(0.,0.,-1.));
#687=DIRECTION('center_axis',(0.,0.,-1.));
#688=DIRECTION('ref_axis',(1.,0.,0.));
#689=DIRECTION('',(0.,0.,-1.));
#690=DIRECTION('center_axis',(0.,0.,-1.));
#691=DIRECTION('ref_axis',(1.,0.,0.));
#692=DIRECTION('',(0.,0.,-1.));
#693=DIRECTION('center_axis',(0.,0.,-1.));
#694=DIRECTION('ref_axis',(0.695562031160013,-0.718466047081251,0.));
#695=DIRECTION('',(0.,0.,-1.));
#696=DIRECTION('center_axis',(0.,0.,-1.));
#697=DIRECTION('ref_axis',(1.,0.,0.));
#698=DIRECTION('center_axis',(0.,0.,-1.));
#699=DIRECTION('ref_axis',(-0.417847106353777,0.908517361260518,0.));
#700=DIRECTION('',(1.22464679914735E-16,-8.48477627655642E-30,-1.));
#701=DIRECTION('center_axis',(0.,0.,-1.));
#702=DIRECTION('ref_axis',(1.,-6.91609914354636E-14,0.));
#703=DIRECTION('center_axis',(0.,0.,-1.));
#704=DIRECTION('ref_axis',(1.,-6.91609914354636E-14,0.));
#705=DIRECTION('',(1.22464679914735E-16,-8.48477627655642E-30,-1.));
#706=DIRECTION('center_axis',(0.,0.,-1.));
#707=DIRECTION('ref_axis',(1.,-6.91609914354636E-14,0.));
#708=DIRECTION('',(1.22464679914735E-16,-8.48477627655642E-30,-1.));
#709=DIRECTION('center_axis',(0.,0.,-1.));
#710=DIRECTION('ref_axis',(1.,-6.91609914354636E-14,0.));
#711=DIRECTION('',(1.22464679914735E-16,-8.48477627655642E-30,-1.));
#712=DIRECTION('center_axis',(0.,0.,-1.));
#713=DIRECTION('ref_axis',(1.,-6.91609914354636E-14,0.));
#714=DIRECTION('',(1.22464679914735E-16,-8.48477627655642E-30,-1.));
#715=DIRECTION('center_axis',(0.,0.,-1.));
#716=DIRECTION('ref_axis',(1.,-6.91609914354636E-14,0.));
#717=DIRECTION('',(1.22464679914735E-16,-8.48477627655642E-30,-1.));
#718=DIRECTION('center_axis',(0.,0.,-1.));
#719=DIRECTION('ref_axis',(-0.893038222284435,-0.44998081463442,0.));
#720=DIRECTION('',(1.22464679914735E-16,-8.48477627655642E-30,-1.));
#721=DIRECTION('center_axis',(0.,0.,-1.));
#722=DIRECTION('ref_axis',(1.,-6.91609914354636E-14,0.));
#723=DIRECTION('center_axis',(-0.999992205139756,0.00394837431454473,0.));
#724=DIRECTION('ref_axis',(0.,0.,1.));
#725=DIRECTION('',(0.00394837431454473,0.999992205139756,0.));
#726=DIRECTION('',(0.,0.,1.));
#727=DIRECTION('',(-0.00394837431454045,-0.999992205139756,0.));
#728=DIRECTION('',(0.,0.,-1.));
#729=DIRECTION('center_axis',(0.00394837431454201,0.999992205139756,0.));
#730=DIRECTION('ref_axis',(0.,0.,-1.));
#731=DIRECTION('',(0.999992205139756,-0.00394837431454201,0.));
#732=DIRECTION('',(0.999992205139756,-0.00394837431454201,0.));
#733=DIRECTION('',(0.,0.,1.));
#734=DIRECTION('center_axis',(0.00394837431454201,0.999992205139756,0.));
#735=DIRECTION('ref_axis',(0.364769448370641,-0.00144025754728203,0.931096759307847));
#736=DIRECTION('',(0.,0.,1.));
#737=DIRECTION('',(0.999992205139756,-0.00394837431454044,0.));
#738=DIRECTION('',(-2.20881053461883E-29,-8.83524213847533E-29,-1.));
#739=DIRECTION('center_axis',(0.,0.,-1.));
#740=DIRECTION('ref_axis',(1.,-6.91609914354636E-14,0.));
#741=DIRECTION('center_axis',(0.,0.,1.));
#742=DIRECTION('ref_axis',(1.,0.,0.));
#743=DIRECTION('center_axis',(0.,0.,-1.));
#744=DIRECTION('ref_axis',(-1.04384040700886E-29,1.,-8.83524213847533E-29));
#745=DIRECTION('',(-0.00394837431454201,-0.999992205139756,0.));
#746=DIRECTION('',(0.999992205139756,-0.00394837431454201,0.));
#747=DIRECTION('center_axis',(0.,0.,-1.));
#748=DIRECTION('ref_axis',(1.,0.,0.));
#749=DIRECTION('center_axis',(-2.20881053461883E-29,-8.83524213847533E-29,
-1.));
#750=DIRECTION('ref_axis',(-1.04384040700886E-29,1.,-8.83524213847533E-29));
#751=DIRECTION('',(2.20881053461883E-29,8.83524213847533E-29,1.));
#752=DIRECTION('center_axis',(0.,0.,-1.));
#753=DIRECTION('ref_axis',(-1.04384040700886E-29,1.,-8.83524213847533E-29));
#754=DIRECTION('center_axis',(0.,0.,-1.));
#755=DIRECTION('ref_axis',(0.00394837431454045,0.999992205139756,0.));
#756=DIRECTION('',(-0.999992205139756,0.00394837431454201,0.));
#757=DIRECTION('center_axis',(-0.00394837431454,-0.999992205139756,-1.76430416285627E-16));
#758=DIRECTION('ref_axis',(0.364769448370641,-0.00144025754728203,0.931096759307847));
#759=DIRECTION('center_axis',(-0.00394837431454201,-0.999992205139756,0.));
#760=DIRECTION('ref_axis',(0.364769448370641,-0.00144025754728203,0.931096759307847));
#761=DIRECTION('',(-0.00394837431454046,-0.999992205139756,0.));
#762=DIRECTION('center_axis',(0.,1.,0.));
#763=DIRECTION('ref_axis',(1.,0.,-4.792796881268E-12));
#764=DIRECTION('',(-0.00394837431454045,-0.999992205139756,0.));
#765=DIRECTION('center_axis',(0.,-1.,0.));
#766=DIRECTION('ref_axis',(1.,0.,-4.792796881268E-12));
#767=DIRECTION('center_axis',(0.,0.,1.));
#768=DIRECTION('ref_axis',(1.,0.,0.));
#769=DIRECTION('',(1.,0.,0.));
#770=DIRECTION('',(0.,1.,0.));
#771=DIRECTION('',(-1.,0.,0.));
#772=DIRECTION('',(-0.999992205139756,0.00394837431454201,0.));
#773=DIRECTION('',(1.,0.,0.));
#774=DIRECTION('center_axis',(-0.00394837431454201,-0.999992205139756,0.));
#775=DIRECTION('ref_axis',(0.,0.,1.));
#776=DIRECTION('',(0.,0.,1.));
#777=DIRECTION('',(0.,0.,1.));
#778=DIRECTION('center_axis',(-0.999992205139756,0.00394837431454201,0.));
#779=DIRECTION('ref_axis',(0.,0.,1.));
#780=DIRECTION('center_axis',(0.,1.,0.));
#781=DIRECTION('ref_axis',(1.,0.,0.));
#782=DIRECTION('',(0.,0.,1.));
#783=DIRECTION('',(1.,0.,0.));
#784=DIRECTION('center_axis',(0.,0.,1.));
#785=DIRECTION('ref_axis',(-1.,0.,0.));
#786=DIRECTION('',(-1.,0.,0.));
#787=DIRECTION('',(0.,-1.,0.));
#788=DIRECTION('',(1.,0.,0.));
#789=DIRECTION('center_axis',(0.,1.,0.));
#790=DIRECTION('ref_axis',(1.,0.,0.));
#791=DIRECTION('',(0.,0.,1.));
#792=DIRECTION('',(0.,0.,1.));
#793=DIRECTION('center_axis',(1.,0.,0.));
#794=DIRECTION('ref_axis',(0.,0.,1.));
#795=DIRECTION('center_axis',(-1.,0.,0.));
#796=DIRECTION('ref_axis',(0.,1.,0.));
#797=DIRECTION('center_axis',(-1.,0.,0.));
#798=DIRECTION('ref_axis',(0.,1.,0.));
#799=DIRECTION('center_axis',(-1.,0.,0.));
#800=DIRECTION('ref_axis',(0.,1.,0.));
#801=DIRECTION('center_axis',(-1.,0.,0.));
#802=DIRECTION('ref_axis',(0.,1.,0.));
#803=DIRECTION('',(-1.,0.,0.));
#804=DIRECTION('center_axis',(0.,-1.,0.));
#805=DIRECTION('ref_axis',(-1.,0.,0.));
#806=CARTESIAN_POINT('',(0.,0.,0.));
#807=CARTESIAN_POINT('Origin',(-139.056339273478,-364.270843994938,315.571));
#808=CARTESIAN_POINT('',(-140.723829409646,-364.269621123797,311.74248036339));
#809=CARTESIAN_POINT('',(-140.72083526553,-364.269678708448,311.54951963661));
#810=CARTESIAN_POINT('',(-140.722339273478,-364.270843994938,315.571));
#811=CARTESIAN_POINT('',(-138.381262087803,-365.793941757191,311.071));
#812=CARTESIAN_POINT('Ctrl Pts',(-140.72083526553,-364.269678708448,311.54951963661));
#813=CARTESIAN_POINT('Ctrl Pts',(-140.722042778228,-364.07459518222,311.536507507109));
#814=CARTESIAN_POINT('Ctrl Pts',(-140.690279827668,-363.879897717148,311.523495377608));
#815=CARTESIAN_POINT('Ctrl Pts',(-140.623783851002,-363.697908752013,311.510483248107));
#816=CARTESIAN_POINT('Ctrl Pts',(-140.436625990529,-363.185687305662,311.473859644098));
#817=CARTESIAN_POINT('Ctrl Pts',(-139.974319073432,-362.774140409172,311.437236040089));
#818=CARTESIAN_POINT('Ctrl Pts',(-139.44376757366,-362.647456504085,311.40061243608));
#819=CARTESIAN_POINT('Ctrl Pts',(-138.913216073887,-362.520772598999,311.363988832071));
#820=CARTESIAN_POINT('Ctrl Pts',(-138.31441999144,-362.678951685315,311.327365228062));
#821=CARTESIAN_POINT('Ctrl Pts',(-137.916374899805,-363.051506154031,311.290741624053));
#822=CARTESIAN_POINT('Ctrl Pts',(-137.518329808169,-363.424060622747,311.254118020044));
#823=CARTESIAN_POINT('Ctrl Pts',(-137.321035707344,-364.010990473863,311.217494416036));
#824=CARTESIAN_POINT('Ctrl Pts',(-137.411595766986,-364.547980770839,311.180870812027));
#825=CARTESIAN_POINT('Ctrl Pts',(-137.502155826629,-365.084971067815,311.144247208018));
#826=CARTESIAN_POINT('Ctrl Pts',(-137.880570046738,-365.572021810652,311.107623604009));
#827=CARTESIAN_POINT('Ctrl Pts',(-138.381262087803,-365.793941757191,311.071));
#828=CARTESIAN_POINT('',(-140.668048795621,-364.692683320078,311.071));
#829=CARTESIAN_POINT('Origin',(-139.056339273478,-364.270843994938,311.071));
#830=CARTESIAN_POINT('Ctrl Pts',(-140.671092535158,-364.693400240279,311.071));
#831=CARTESIAN_POINT('Ctrl Pts',(-140.537348889208,-365.197952769262,311.106055839644));
#832=CARTESIAN_POINT('Ctrl Pts',(-140.147711189323,-365.637300915167,311.141111679288));
#833=CARTESIAN_POINT('Ctrl Pts',(-139.66104916908,-365.826419068508,311.176167518933));
#834=CARTESIAN_POINT('Ctrl Pts',(-139.152622690168,-366.02399494828,311.212791122942));
#835=CARTESIAN_POINT('Ctrl Pts',(-138.538299610136,-365.948458832905,311.24941472695));
#836=CARTESIAN_POINT('Ctrl Pts',(-138.093019772379,-365.633617991847,311.286038330959));
#837=CARTESIAN_POINT('Ctrl Pts',(-137.647739934621,-365.318777150788,311.322661934968));
#838=CARTESIAN_POINT('Ctrl Pts',(-137.371503339139,-364.764631584045,311.359285538977));
#839=CARTESIAN_POINT('Ctrl Pts',(-137.388260570788,-364.219510141666,311.395909142986));
#840=CARTESIAN_POINT('Ctrl Pts',(-137.405017802437,-363.674388699286,311.432532746995));
#841=CARTESIAN_POINT('Ctrl Pts',(-137.714768861219,-363.138291381269,311.469156351004));
#842=CARTESIAN_POINT('Ctrl Pts',(-138.17862906192,-362.851455711299,311.505779955013));
#843=CARTESIAN_POINT('Ctrl Pts',(-138.64248926262,-362.564620041329,311.542403559022));
#844=CARTESIAN_POINT('Ctrl Pts',(-139.260458605241,-362.527046019406,311.579027163031));
#845=CARTESIAN_POINT('Ctrl Pts',(-139.755636158336,-362.755571952563,311.615650767039));
#846=CARTESIAN_POINT('Ctrl Pts',(-140.250813711432,-362.984097885721,311.652274371048));
#847=CARTESIAN_POINT('Ctrl Pts',(-140.623199475002,-363.47872377396,311.688897975057));
#848=CARTESIAN_POINT('Ctrl Pts',(-140.705898798977,-364.01778901057,311.725521579066));
#849=CARTESIAN_POINT('Ctrl Pts',(-140.718663608603,-364.100994831259,311.731174507174));
#850=CARTESIAN_POINT('Ctrl Pts',(-140.724526768227,-364.185259399568,311.736827435282));
#851=CARTESIAN_POINT('Ctrl Pts',(-140.723829409646,-364.269621123797,311.74248036339));
#852=CARTESIAN_POINT('Origin',(-139.056339273478,-364.270843994938,315.571));
#853=CARTESIAN_POINT('',(-140.720028951721,-364.271062104273,312.44248036339));
#854=CARTESIAN_POINT('',(-140.721960517919,-364.272249784711,312.24951963661));
#855=CARTESIAN_POINT('',(-140.722339273478,-364.270843994938,315.571));
#856=CARTESIAN_POINT('Ctrl Pts',(-140.721960517919,-364.272249784711,312.24951963661));
#857=CARTESIAN_POINT('Ctrl Pts',(-140.718625170573,-363.874079015705,312.222915797829));
#858=CARTESIAN_POINT('Ctrl Pts',(-140.575108870451,-363.473747816296,312.196311959048));
#859=CARTESIAN_POINT('Ctrl Pts',(-140.314962084819,-363.174967015416,312.169708120267));
#860=CARTESIAN_POINT('Ctrl Pts',(-139.956836592496,-362.763656834696,312.133084516258));
#861=CARTESIAN_POINT('Ctrl Pts',(-139.377683948054,-362.54479544029,312.096460912249));
#862=CARTESIAN_POINT('Ctrl Pts',(-138.837040590614,-362.61646045717,312.05983730824));
#863=CARTESIAN_POINT('Ctrl Pts',(-138.296397233173,-362.688125474051,312.023213704231));
#864=CARTESIAN_POINT('Ctrl Pts',(-137.794263162734,-363.050316902218,311.986590100222));
#865=CARTESIAN_POINT('Ctrl Pts',(-137.555668151257,-363.540727872111,311.949966496213));
#866=CARTESIAN_POINT('Ctrl Pts',(-137.31707313978,-364.031138842004,311.913342892204));
#867=CARTESIAN_POINT('Ctrl Pts',(-137.342017187266,-364.649769353622,311.876719288196));
#868=CARTESIAN_POINT('Ctrl Pts',(-137.61931001408,-365.119379394714,311.840095684187));
#869=CARTESIAN_POINT('Ctrl Pts',(-137.896602840894,-365.588989435805,311.803472080178));
#870=CARTESIAN_POINT('Ctrl Pts',(-138.426244447038,-365.909579006369,311.766848476169));
#871=CARTESIAN_POINT('Ctrl Pts',(-138.970910794441,-365.93749939396,311.73022487216));
#872=CARTESIAN_POINT('Ctrl Pts',(-139.515577141844,-365.965419781551,311.693601268151));
#873=CARTESIAN_POINT('Ctrl Pts',(-140.075268230506,-365.700670986169,311.656977664142));
#874=CARTESIAN_POINT('Ctrl Pts',(-140.399109372914,-365.261848590372,311.620354060133));
#875=CARTESIAN_POINT('Ctrl Pts',(-140.607891853106,-364.978936952039,311.596742585626));
#876=CARTESIAN_POINT('Ctrl Pts',(-140.718644144138,-364.623672242409,311.573131111118));
#877=CARTESIAN_POINT('Ctrl Pts',(-140.72083526553,-364.269678708448,311.54951963661));
#878=CARTESIAN_POINT('Ctrl Pts',(-140.723829409646,-364.269621123797,311.74248036339));
#879=CARTESIAN_POINT('Ctrl Pts',(-140.720008793821,-364.731813384089,311.773451039291));
#880=CARTESIAN_POINT('Ctrl Pts',(-140.519266926464,-365.196921887387,311.804421715192));
#881=CARTESIAN_POINT('Ctrl Pts',(-140.177702645806,-365.506813684678,311.835392391093));
#882=CARTESIAN_POINT('Ctrl Pts',(-139.773794284281,-365.873268537195,311.872015995102));
#883=CARTESIAN_POINT('Ctrl Pts',(-139.172964676853,-366.02267365725,311.908639599111));
#884=CARTESIAN_POINT('Ctrl Pts',(-138.644463808244,-365.888075091722,311.945263203119));
#885=CARTESIAN_POINT('Ctrl Pts',(-138.115962939636,-365.753476526194,311.981886807128));
#886=CARTESIAN_POINT('Ctrl Pts',(-137.659790809848,-365.334874275085,312.018510411137));
#887=CARTESIAN_POINT('Ctrl Pts',(-137.480375834177,-364.819858957667,312.055134015146));
#888=CARTESIAN_POINT('Ctrl Pts',(-137.300960858506,-364.304843640248,312.091757619155));
#889=CARTESIAN_POINT('Ctrl Pts',(-137.398303036953,-363.693415256521,312.128381223164));
#890=CARTESIAN_POINT('Ctrl Pts',(-137.728779215502,-363.259576613204,312.165004827173));
#891=CARTESIAN_POINT('Ctrl Pts',(-138.059255394051,-362.825737969887,312.201628431182));
#892=CARTESIAN_POINT('Ctrl Pts',(-138.622865572704,-362.569489066981,312.238252035191));
#893=CARTESIAN_POINT('Ctrl Pts',(-139.167036247485,-362.605664176789,312.2748756392));
#894=CARTESIAN_POINT('Ctrl Pts',(-139.711206922266,-362.641839286598,312.311499243208));
#895=CARTESIAN_POINT('Ctrl Pts',(-140.235938093175,-362.970438409122,312.348122847217));
#896=CARTESIAN_POINT('Ctrl Pts',(-140.506078891827,-363.444204563603,312.384746451226));
#897=CARTESIAN_POINT('Ctrl Pts',(-140.648030014728,-363.693154881204,312.403991088614));
#898=CARTESIAN_POINT('Ctrl Pts',(-140.719683734523,-363.982188668077,312.423235726002));
#899=CARTESIAN_POINT('Ctrl Pts',(-140.720028951721,-364.271062104273,312.44248036339));
#900=CARTESIAN_POINT('Origin',(-139.056339273478,-364.270843994938,315.571));
#901=CARTESIAN_POINT('',(-140.724512064215,-364.271758415541,313.14248036339));
#902=CARTESIAN_POINT('',(-140.724580291343,-364.269972925977,312.94951963661));
#903=CARTESIAN_POINT('',(-140.722339273478,-364.270843994938,315.571));
#904=CARTESIAN_POINT('Ctrl Pts',(-140.724580291343,-364.269972925977,312.94951963661));
#905=CARTESIAN_POINT('Ctrl Pts',(-140.724922288962,-364.21672995707,312.945947692558));
#906=CARTESIAN_POINT('Ctrl Pts',(-140.722588904589,-364.16351732112,312.942375748506));
#907=CARTESIAN_POINT('Ctrl Pts',(-140.717480631204,-364.11057241422,312.938803804454));
#908=CARTESIAN_POINT('Ctrl Pts',(-140.665104843986,-363.567721441092,312.902180200445));
#909=CARTESIAN_POINT('Ctrl Pts',(-140.321014245268,-363.05301592854,312.865556596436));
#910=CARTESIAN_POINT('Ctrl Pts',(-139.839408101687,-362.797113762107,312.828932992427));
#911=CARTESIAN_POINT('Ctrl Pts',(-139.357801958107,-362.541211595674,312.792309388418));
#912=CARTESIAN_POINT('Ctrl Pts',(-138.738680269664,-362.54411277536,312.755685784409));
#913=CARTESIAN_POINT('Ctrl Pts',(-138.259493500358,-362.8045171621,312.7190621804));
#914=CARTESIAN_POINT('Ctrl Pts',(-137.780306731053,-363.06492154884,312.682438576391));
#915=CARTESIAN_POINT('Ctrl Pts',(-137.441054880885,-363.582829142632,312.645814972382));
#916=CARTESIAN_POINT('Ctrl Pts',(-137.393768840096,-364.126147135768,312.609191368374));
#917=CARTESIAN_POINT('Ctrl Pts',(-137.346482799307,-364.669465128904,312.572567764365));
#918=CARTESIAN_POINT('Ctrl Pts',(-137.591162567899,-365.238193521382,312.535944160356));
#919=CARTESIAN_POINT('Ctrl Pts',(-138.018158316365,-365.577464775308,312.499320556347));
#920=CARTESIAN_POINT('Ctrl Pts',(-138.445154064832,-365.916736029234,312.462696952338));
#921=CARTESIAN_POINT('Ctrl Pts',(-139.054465793174,-366.026550144608,312.426073348329));
#922=CARTESIAN_POINT('Ctrl Pts',(-139.573039446684,-365.857695680666,312.38944974432));
#923=CARTESIAN_POINT('Ctrl Pts',(-140.091613100195,-365.688841216723,312.352826140311));
#924=CARTESIAN_POINT('Ctrl Pts',(-140.519448678875,-365.241318173465,312.316202536302));
#925=CARTESIAN_POINT('Ctrl Pts',(-140.664817298112,-364.715677168318,312.279578932294));
#926=CARTESIAN_POINT('Ctrl Pts',(-140.704588354939,-364.571868288546,312.269559167066));
#927=CARTESIAN_POINT('Ctrl Pts',(-140.723216704954,-364.422212264145,312.259539401838));
#928=CARTESIAN_POINT('Ctrl Pts',(-140.721960517919,-364.272249784711,312.24951963661));
#929=CARTESIAN_POINT('Ctrl Pts',(-140.720028951721,-364.271062104273,312.44248036339));
#930=CARTESIAN_POINT('Ctrl Pts',(-140.720340701848,-364.531930714269,312.459859330011));
#931=CARTESIAN_POINT('Ctrl Pts',(-140.662499769848,-364.792668556943,312.477238296632));
#932=CARTESIAN_POINT('Ctrl Pts',(-140.545761532558,-365.023638113168,312.494617263253));
#933=CARTESIAN_POINT('Ctrl Pts',(-140.299752948245,-365.510372321813,312.531240867262));
#934=CARTESIAN_POINT('Ctrl Pts',(-139.792185353227,-365.864907552666,312.567864471271));
#935=CARTESIAN_POINT('Ctrl Pts',(-139.250517842096,-365.928363936237,312.60448807528));
#936=CARTESIAN_POINT('Ctrl Pts',(-138.708850330965,-365.991820319807,312.641111679288));
#937=CARTESIAN_POINT('Ctrl Pts',(-138.133082903721,-365.764197856095,312.677735283297));
#938=CARTESIAN_POINT('Ctrl Pts',(-137.781237470487,-365.347502281202,312.714358887306));
#939=CARTESIAN_POINT('Ctrl Pts',(-137.429392037254,-364.930806706309,312.750982491315));
#940=CARTESIAN_POINT('Ctrl Pts',(-137.301468598031,-364.325038020234,312.787606095324));
#941=CARTESIAN_POINT('Ctrl Pts',(-137.454794197709,-363.801662753021,312.824229699333));
#942=CARTESIAN_POINT('Ctrl Pts',(-137.608119797388,-363.278287485807,312.860853303342));
#943=CARTESIAN_POINT('Ctrl Pts',(-138.042694435969,-362.837305637454,312.897476907351));
#944=CARTESIAN_POINT('Ctrl Pts',(-138.563769737708,-362.676336885402,312.93410051136));
#945=CARTESIAN_POINT('Ctrl Pts',(-139.084845039447,-362.515368133349,312.970724115369));
#946=CARTESIAN_POINT('Ctrl Pts',(-139.692421004344,-362.634412477597,313.007347719377));
#947=CARTESIAN_POINT('Ctrl Pts',(-140.114221194888,-362.980121906222,313.043971323386));
#948=CARTESIAN_POINT('Ctrl Pts',(-140.49240290737,-363.290081424187,313.076807670054));
#949=CARTESIAN_POINT('Ctrl Pts',(-140.721244469167,-363.782250909915,313.109644016722));
#950=CARTESIAN_POINT('Ctrl Pts',(-140.724512064215,-364.271758415541,313.14248036339));
#951=CARTESIAN_POINT('Origin',(-139.056339273478,-364.270843994938,315.571));
#952=CARTESIAN_POINT('',(-140.722050218214,-364.269428622699,313.84248036339));
#953=CARTESIAN_POINT('',(-140.720043237223,-364.27057606512,313.64951963661));
#954=CARTESIAN_POINT('',(-140.722339273478,-364.270843994938,315.571));
#955=CARTESIAN_POINT('Ctrl Pts',(-140.720043237223,-364.27057606512,313.64951963661));
#956=CARTESIAN_POINT('Ctrl Pts',(-140.72042165703,-364.012944995408,313.632355983278));
#957=CARTESIAN_POINT('Ctrl Pts',(-140.664068553792,-363.755470697262,313.615192329946));
#958=CARTESIAN_POINT('Ctrl Pts',(-140.550101115428,-363.526698077768,313.598028676614));
#959=CARTESIAN_POINT('Ctrl Pts',(-140.306918719942,-363.03854572102,313.561405072605));
#960=CARTESIAN_POINT('Ctrl Pts',(-139.801415212095,-362.681073623868,313.524781468596));
#961=CARTESIAN_POINT('Ctrl Pts',(-139.260124723804,-362.614477768434,313.488157864587));
#962=CARTESIAN_POINT('Ctrl Pts',(-138.718834235513,-362.547881912999,313.451534260578));
#963=CARTESIAN_POINT('Ctrl Pts',(-138.141756766779,-362.772162299284,313.414910656569));
#964=CARTESIAN_POINT('Ctrl Pts',(-137.787501290962,-363.186810895723,313.37828705256));
#965=CARTESIAN_POINT('Ctrl Pts',(-137.433245815146,-363.601459492162,313.341663448552));
#966=CARTESIAN_POINT('Ctrl Pts',(-137.301812332247,-364.206476298757,313.305039844543));
#967=CARTESIAN_POINT('Ctrl Pts',(-137.452100869068,-364.730731729413,313.268416240534));
#968=CARTESIAN_POINT('Ctrl Pts',(-137.60238940589,-365.254987160069,313.231792636525));
#969=CARTESIAN_POINT('Ctrl Pts',(-138.034399962431,-365.698481214787,313.195169032516));
#970=CARTESIAN_POINT('Ctrl Pts',(-138.554533215849,-365.862468406354,313.158545428507));
#971=CARTESIAN_POINT('Ctrl Pts',(-139.074666469266,-366.026455597921,313.121921824498));
#972=CARTESIAN_POINT('Ctrl Pts',(-139.682922419559,-365.910935926337,313.085298220489));
#973=CARTESIAN_POINT('Ctrl Pts',(-140.106719906848,-365.567677873693,313.04867461648));
#974=CARTESIAN_POINT('Ctrl Pts',(-140.489183916589,-365.257898190878,313.015622956523));
#975=CARTESIAN_POINT('Ctrl Pts',(-140.721415743175,-364.762636998471,312.982571296567));
#976=CARTESIAN_POINT('Ctrl Pts',(-140.724580291343,-364.269972925977,312.94951963661));
#977=CARTESIAN_POINT('Ctrl Pts',(-140.724512064215,-364.271758415541,313.14248036339));
#978=CARTESIAN_POINT('Ctrl Pts',(-140.724888939982,-364.328216916021,313.146267620731));
#979=CARTESIAN_POINT('Ctrl Pts',(-140.72226507176,-364.384640004964,313.150054878072));
#980=CARTESIAN_POINT('Ctrl Pts',(-140.716523494095,-364.440744033558,313.153842135413));
#981=CARTESIAN_POINT('Ctrl Pts',(-140.661001186566,-364.983282219267,313.190465739422));
#982=CARTESIAN_POINT('Ctrl Pts',(-140.313932155316,-365.495984077684,313.227089343431));
#983=CARTESIAN_POINT('Ctrl Pts',(-139.830850398327,-365.749089639949,313.26371294744));
#984=CARTESIAN_POINT('Ctrl Pts',(-139.347768641337,-366.002195202215,313.300336551448));
#985=CARTESIAN_POINT('Ctrl Pts',(-138.728674158607,-365.995704468329,313.336960155457));
#986=CARTESIAN_POINT('Ctrl Pts',(-138.251005244568,-365.732526166898,313.373583759466));
#987=CARTESIAN_POINT('Ctrl Pts',(-137.773336330529,-365.469347865466,313.410207363475));
#988=CARTESIAN_POINT('Ctrl Pts',(-137.437092985181,-364.949481996489,313.446830967484));
#989=CARTESIAN_POINT('Ctrl Pts',(-137.392957831553,-364.405898978511,313.483454571493));
#990=CARTESIAN_POINT('Ctrl Pts',(-137.348822677924,-363.862315960534,313.520078175502));
#991=CARTESIAN_POINT('Ctrl Pts',(-137.596795716016,-363.295015793555,313.556701779511));
#992=CARTESIAN_POINT('Ctrl Pts',(-138.025751391724,-362.958225891502,313.59332538352));
#993=CARTESIAN_POINT('Ctrl Pts',(-138.454707067433,-362.621435989448,313.629948987529));
#994=CARTESIAN_POINT('Ctrl Pts',(-139.064645380759,-362.51515635232,313.666572591537));
#995=CARTESIAN_POINT('Ctrl Pts',(-139.582231245281,-362.687014677314,313.703196195546));
#996=CARTESIAN_POINT('Ctrl Pts',(-140.099817109803,-362.858873002308,313.739819799555));
#997=CARTESIAN_POINT('Ctrl Pts',(-140.525050525522,-363.308869289423,313.776443403564));
#998=CARTESIAN_POINT('Ctrl Pts',(-140.667369243629,-363.835344158441,313.813067007573));
#999=CARTESIAN_POINT('Ctrl Pts',(-140.705469181346,-363.97628598244,313.822871459512));
#1000=CARTESIAN_POINT('Ctrl Pts',(-140.723293225874,-364.122708863347,313.832675911451));
#1001=CARTESIAN_POINT('Ctrl Pts',(-140.722050218214,-364.269428622699,313.84248036339));
#1002=CARTESIAN_POINT('Origin',(-139.056339273478,-364.270843994938,315.571));
#1003=CARTESIAN_POINT('',(-140.720795181009,-364.271906404386,314.54248036339));
#1004=CARTESIAN_POINT('',(-140.72373939827,-364.272095214792,314.34951963661));
#1005=CARTESIAN_POINT('',(-140.722339273478,-364.270843994938,315.571));
#1006=CARTESIAN_POINT('Ctrl Pts',(-140.72373939827,-364.272095214792,314.34951963661));
#1007=CARTESIAN_POINT('Ctrl Pts',(-140.719890030478,-363.813053279141,314.318764273998));
#1008=CARTESIAN_POINT('Ctrl Pts',(-140.52224938512,-363.351095910967,314.288008911386));
#1009=CARTESIAN_POINT('Ctrl Pts',(-140.184850525362,-363.041396972337,314.257253548774));
#1010=CARTESIAN_POINT('Ctrl Pts',(-139.783074666344,-362.672606285864,314.220629944765));
#1011=CARTESIAN_POINT('Ctrl Pts',(-139.183119731501,-362.519720152717,314.184006340756));
#1012=CARTESIAN_POINT('Ctrl Pts',(-138.653846913665,-362.651252235533,314.147382736747));
#1013=CARTESIAN_POINT('Ctrl Pts',(-138.124574095828,-362.78278431835,314.110759132738));
#1014=CARTESIAN_POINT('Ctrl Pts',(-137.665983394998,-363.198734617131,314.074135528729));
#1015=CARTESIAN_POINT('Ctrl Pts',(-137.483585637711,-363.712701011418,314.037511924721));
#1016=CARTESIAN_POINT('Ctrl Pts',(-137.301187880424,-364.226667405705,314.000888320712));
#1017=CARTESIAN_POINT('Ctrl Pts',(-137.39498306668,-364.838649895498,313.964264716703));
#1018=CARTESIAN_POINT('Ctrl Pts',(-137.722938234202,-365.274397311104,313.927641112694));
#1019=CARTESIAN_POINT('Ctrl Pts',(-138.050893401724,-365.71014472671,313.891017508685));
#1020=CARTESIAN_POINT('Ctrl Pts',(-138.613008550513,-365.96965706813,313.854393904676));
#1021=CARTESIAN_POINT('Ctrl Pts',(-139.15737985455,-365.936637615115,313.817770300667));
#1022=CARTESIAN_POINT('Ctrl Pts',(-139.701751158588,-365.9036181621,313.781146696658));
#1023=CARTESIAN_POINT('Ctrl Pts',(-140.228378617874,-365.578066914651,313.744523092649));
#1024=CARTESIAN_POINT('Ctrl Pts',(-140.501261705955,-365.105874982755,313.70789948864));
#1025=CARTESIAN_POINT('Ctrl Pts',(-140.646258125022,-364.854975816674,313.688439537964));
#1026=CARTESIAN_POINT('Ctrl Pts',(-140.719614189243,-364.562675177847,313.668979587287));
#1027=CARTESIAN_POINT('Ctrl Pts',(-140.720043237223,-364.27057606512,313.64951963661));
#1028=CARTESIAN_POINT('Ctrl Pts',(-140.722050218214,-364.269428622699,313.84248036339));
#1029=CARTESIAN_POINT('Ctrl Pts',(-140.718650088184,-364.670766664045,313.86929951546));
#1030=CARTESIAN_POINT('Ctrl Pts',(-140.572581818913,-365.074326081556,313.89611866753));
#1031=CARTESIAN_POINT('Ctrl Pts',(-140.3085873843,-365.373999613709,313.9229378196));
#1032=CARTESIAN_POINT('Ctrl Pts',(-139.948082786368,-365.78322674904,313.959561423609));
#1033=CARTESIAN_POINT('Ctrl Pts',(-139.367669570007,-365.998727568782,313.996185027618));
#1034=CARTESIAN_POINT('Ctrl Pts',(-138.827451551258,-365.923928421416,314.032808631626));
#1035=CARTESIAN_POINT('Ctrl Pts',(-138.28723353251,-365.84912927405,314.069432235635));
#1036=CARTESIAN_POINT('Ctrl Pts',(-137.787210711373,-365.484030159576,314.106055839644));
#1037=CARTESIAN_POINT('Ctrl Pts',(-137.551461185332,-364.992245122356,314.142679443653));
#1038=CARTESIAN_POINT('Ctrl Pts',(-137.315711659292,-364.500460085137,314.179303047662));
#1039=CARTESIAN_POINT('Ctrl Pts',(-137.344235428348,-363.881989125171,314.215926651671));
#1040=CARTESIAN_POINT('Ctrl Pts',(-137.624249856249,-363.413990841851,314.25255025568));
#1041=CARTESIAN_POINT('Ctrl Pts',(-137.904264284151,-362.945992558531,314.289173859689));
#1042=CARTESIAN_POINT('Ctrl Pts',(-138.435769370898,-362.628466951856,314.325797463698));
#1043=CARTESIAN_POINT('Ctrl Pts',(-138.980579027692,-362.603709154419,314.362421067706));
#1044=CARTESIAN_POINT('Ctrl Pts',(-139.525388684487,-362.578951356982,314.399044671715));
#1045=CARTESIAN_POINT('Ctrl Pts',(-140.083502911329,-362.846961368782,314.435668275724));
#1046=CARTESIAN_POINT('Ctrl Pts',(-140.404810272917,-363.287633039476,314.472291879733));
#1047=CARTESIAN_POINT('Ctrl Pts',(-140.610070214858,-363.569146170999,314.495688040952));
#1048=CARTESIAN_POINT('Ctrl Pts',(-140.718689173441,-363.92112259963,314.519084202171));
#1049=CARTESIAN_POINT('Ctrl Pts',(-140.720795181009,-364.271906404386,314.54248036339));
#1050=CARTESIAN_POINT('Origin',(-139.056339273478,-364.270843994938,315.571));
#1051=CARTESIAN_POINT('',(-140.725311811852,-364.270642895469,315.24248036339));
#1052=CARTESIAN_POINT('',(-140.722945134165,-364.269432958362,315.04951963661));
#1053=CARTESIAN_POINT('',(-140.722339273478,-364.270843994938,315.571));
#1054=CARTESIAN_POINT('',(-137.421209946227,-364.590074449567,315.571));
#1055=CARTESIAN_POINT('Ctrl Pts',(-140.725311811852,-364.270642895469,315.24248036339));
#1056=CARTESIAN_POINT('Ctrl Pts',(-140.724950398844,-364.8106949296,315.278739700909));
#1057=CARTESIAN_POINT('Ctrl Pts',(-140.438733448962,-365.351426408537,315.314999038428));
#1058=CARTESIAN_POINT('Ctrl Pts',(-139.991439918993,-365.653555281229,315.351258375947));
#1059=CARTESIAN_POINT('Ctrl Pts',(-139.539652814256,-365.958719383782,315.387881979956));
#1060=CARTESIAN_POINT('Ctrl Pts',(-138.923536476063,-366.020462727316,315.424505583964));
#1061=CARTESIAN_POINT('Ctrl Pts',(-138.420161131443,-365.812681613765,315.461129187973));
#1062=CARTESIAN_POINT('Ctrl Pts',(-137.916785786823,-365.604900500213,315.497752791982));
#1063=CARTESIAN_POINT('Ctrl Pts',(-137.526151435775,-365.127594929576,315.534376395991));
#1064=CARTESIAN_POINT('Ctrl Pts',(-137.421209946227,-364.590074449567,315.571));
#1065=CARTESIAN_POINT('',(-139.003693870756,-362.602548886371,315.571));
#1066=CARTESIAN_POINT('Origin',(-139.056339273478,-364.270843994938,315.571));
#1067=CARTESIAN_POINT('Ctrl Pts',(-139.003693867473,-362.602548410735,315.571));
#1068=CARTESIAN_POINT('Ctrl Pts',(-138.482030755424,-362.620665317881,315.535944160356));
#1069=CARTESIAN_POINT('Ctrl Pts',(-137.966995443548,-362.902769823869,315.500888320712));
#1070=CARTESIAN_POINT('Ctrl Pts',(-137.674326387598,-363.335147454119,315.465832481067));
#1071=CARTESIAN_POINT('Ctrl Pts',(-137.368568610305,-363.786861841031,315.429208877059));
#1072=CARTESIAN_POINT('Ctrl Pts',(-137.305511123202,-364.402590910449,315.39258527305));
#1073=CARTESIAN_POINT('Ctrl Pts',(-137.513374152734,-364.906765320542,315.355961669041));
#1074=CARTESIAN_POINT('Ctrl Pts',(-137.721237182266,-365.410939730635,315.319338065032));
#1075=CARTESIAN_POINT('Ctrl Pts',(-138.200020728433,-365.803559481402,315.282714461023));
#1076=CARTESIAN_POINT('Ctrl Pts',(-138.735203662961,-365.908523318789,315.246090857014));
#1077=CARTESIAN_POINT('Ctrl Pts',(-139.270386597488,-366.013487156175,315.209467253005));
#1078=CARTESIAN_POINT('Ctrl Pts',(-139.861968920376,-365.830795080182,315.172843648996));
#1079=CARTESIAN_POINT('Ctrl Pts',(-140.244831619331,-365.442391769452,315.136220044987));
#1080=CARTESIAN_POINT('Ctrl Pts',(-140.546953281486,-365.135897942436,315.107319908862));
#1081=CARTESIAN_POINT('Ctrl Pts',(-140.719105607329,-364.701308097676,315.078419772736));
#1082=CARTESIAN_POINT('Ctrl Pts',(-140.722945134165,-364.269432958362,315.04951963661));
#1083=CARTESIAN_POINT('Origin',(-139.056339273478,-364.270843994938,322.116925280538));
#1084=CARTESIAN_POINT('',(-141.109234315296,-364.269406796609,311.325074719462));
#1085=CARTESIAN_POINT('',(-141.111808464451,-364.27325226662,311.266925280538));
#1086=CARTESIAN_POINT('',(-141.111089273478,-364.270843994938,322.116925280538));
#1087=CARTESIAN_POINT('',(-138.67267127463,-362.252231493946,311.071));
#1088=CARTESIAN_POINT('Ctrl Pts',(-141.111808464451,-364.27325226662,311.266925280538));
#1089=CARTESIAN_POINT('Ctrl Pts',(-141.106721373478,-363.744641741536,311.238240457701));
#1090=CARTESIAN_POINT('Ctrl Pts',(-140.630056669884,-362.533763634985,311.172932030855));
#1091=CARTESIAN_POINT('Ctrl Pts',(-139.336255214079,-362.12610727645,311.107623604009));
#1092=CARTESIAN_POINT('Ctrl Pts',(-138.67267127463,-362.252231493946,311.071));
#1093=CARTESIAN_POINT('',(-137.714753270522,-362.709434041579,311.071));
#1094=CARTESIAN_POINT('Origin',(-139.056339273478,-364.270843994938,311.071));
#1095=CARTESIAN_POINT('Ctrl Pts',(-141.109234315296,-364.269406796609,311.325074719462));
#1096=CARTESIAN_POINT('Ctrl Pts',(-141.110723593037,-364.028801829312,311.312062589961));
#1097=CARTESIAN_POINT('Ctrl Pts',(-140.961289085052,-363.112812622223,311.262426856451));
#1098=CARTESIAN_POINT('Ctrl Pts',(-139.642748494224,-361.939044140761,311.177735283297));
#1099=CARTESIAN_POINT('Ctrl Pts',(-138.204372298323,-362.291435484474,311.106055839644));
#1100=CARTESIAN_POINT('Ctrl Pts',(-137.714752877366,-362.709433606184,311.071));
#1101=CARTESIAN_POINT('Origin',(-139.056339273478,-364.270843994938,322.116925280538));
#1102=CARTESIAN_POINT('',(-141.110622137833,-364.272577816387,312.025074719462));
#1103=CARTESIAN_POINT('',(-141.112927122993,-364.269335774965,311.966925280538));
#1104=CARTESIAN_POINT('',(-141.111089273478,-364.270843994938,322.116925280538));
#1105=CARTESIAN_POINT('Ctrl Pts',(-141.112927122993,-364.269335774965,311.966925280538));
#1106=CARTESIAN_POINT('Ctrl Pts',(-141.113787205552,-364.16528880446,311.96127235243));
#1107=CARTESIAN_POINT('Ctrl Pts',(-141.059706592852,-363.388049265443,311.918995820313));
#1108=CARTESIAN_POINT('Ctrl Pts',(-140.070256862727,-362.073800710561,311.840095684187));
#1109=CARTESIAN_POINT('Ctrl Pts',(-137.783751748532,-362.21282571935,311.73022487216));
#1110=CARTESIAN_POINT('Ctrl Pts',(-136.637663534792,-364.196401885366,311.620354060133));
#1111=CARTESIAN_POINT('Ctrl Pts',(-137.659747228491,-366.246757113334,311.510483248107));
#1112=CARTESIAN_POINT('Ctrl Pts',(-139.932761061678,-366.52624300721,311.40061243608));
#1113=CARTESIAN_POINT('Ctrl Pts',(-141.03329165657,-365.239366093037,311.31942644689));
#1114=CARTESIAN_POINT('Ctrl Pts',(-141.113216362359,-364.419549955389,311.27486406171));
#1115=CARTESIAN_POINT('Ctrl Pts',(-141.111808464451,-364.27325226662,311.266925280538));
#1116=CARTESIAN_POINT('Ctrl Pts',(-141.110622137833,-364.272577816387,312.025074719462));
#1117=CARTESIAN_POINT('Ctrl Pts',(-141.106508509405,-363.781496551312,311.998470880681));
#1118=CARTESIAN_POINT('Ctrl Pts',(-140.68583367578,-362.608046144893,311.935243437891));
#1119=CARTESIAN_POINT('Ctrl Pts',(-138.738373531532,-361.872102267556,311.835392391093));
#1120=CARTESIAN_POINT('Ctrl Pts',(-136.880462400858,-363.212221421864,311.725521579066));
#1121=CARTESIAN_POINT('Ctrl Pts',(-136.972756125174,-365.501172881196,311.615650767039));
#1122=CARTESIAN_POINT('Ctrl Pts',(-138.932445963511,-366.687363913817,311.505779955013));
#1123=CARTESIAN_POINT('Ctrl Pts',(-140.758063766048,-365.823798057867,311.408921272487));
#1124=CARTESIAN_POINT('Ctrl Pts',(-141.106531910326,-364.70600236318,311.34868619397));
#1125=CARTESIAN_POINT('Ctrl Pts',(-141.109234315296,-364.269406796609,311.325074719462));
#1126=CARTESIAN_POINT('Origin',(-139.056339273478,-364.270843994938,322.116925280538));
#1127=CARTESIAN_POINT('',(-141.113853217931,-364.269769667839,312.725074719462));
#1128=CARTESIAN_POINT('',(-141.108239853531,-364.271112998633,312.666925280538));
#1129=CARTESIAN_POINT('',(-141.111089273478,-364.270843994938,322.116925280538));
#1130=CARTESIAN_POINT('Ctrl Pts',(-141.108239853531,-364.271112998633,312.666925280538));
#1131=CARTESIAN_POINT('Ctrl Pts',(-141.1078140822,-363.914832870768,312.64768064315));
#1132=CARTESIAN_POINT('Ctrl Pts',(-140.85126054804,-362.879957923219,312.591812401753));
#1133=CARTESIAN_POINT('Ctrl Pts',(-139.216842231413,-361.856446353001,312.499320556347));
#1134=CARTESIAN_POINT('Ctrl Pts',(-137.131467655328,-362.804574984298,312.38944974432));
#1135=CARTESIAN_POINT('Ctrl Pts',(-136.771298673643,-365.066878354281,312.279578932294));
#1136=CARTESIAN_POINT('Ctrl Pts',(-138.459149244499,-366.615719246478,312.169708120267));
#1137=CARTESIAN_POINT('Ctrl Pts',(-140.567857454045,-366.091357931205,312.065490236348));
#1138=CARTESIAN_POINT('Ctrl Pts',(-141.10821499192,-364.839377519763,311.997895956439));
#1139=CARTESIAN_POINT('Ctrl Pts',(-141.112927122993,-364.269335774965,311.966925280538));
#1140=CARTESIAN_POINT('Ctrl Pts',(-141.113853217931,-364.269769667839,312.725074719462));
#1141=CARTESIAN_POINT('Ctrl Pts',(-141.114275018416,-364.204102806877,312.72150277541));
#1142=CARTESIAN_POINT('Ctrl Pts',(-141.081890042085,-363.465566123856,312.681307227349));
#1143=CARTESIAN_POINT('Ctrl Pts',(-140.19173587646,-362.134035248631,312.60448807528));
#1144=CARTESIAN_POINT('Ctrl Pts',(-137.900967048139,-362.14476970054,312.494617263253));
#1145=CARTESIAN_POINT('Ctrl Pts',(-136.645725020888,-364.061043341019,312.384746451226));
#1146=CARTESIAN_POINT('Ctrl Pts',(-137.551047508006,-366.165355461869,312.2748756392));
#1147=CARTESIAN_POINT('Ctrl Pts',(-139.805519189538,-366.571670984493,312.165004827173));
#1148=CARTESIAN_POINT('Ctrl Pts',(-141.005218994812,-365.316765280975,312.081737853927));
#1149=CARTESIAN_POINT('Ctrl Pts',(-141.112171447743,-364.457533041247,312.03509448469));
#1150=CARTESIAN_POINT('Ctrl Pts',(-141.110622137833,-364.272577816387,312.025074719462));
#1151=CARTESIAN_POINT('Origin',(-139.056339273478,-364.270843994938,322.116925280538));
#1152=CARTESIAN_POINT('',(-141.10825747246,-364.270513545482,313.425074719462));
#1153=CARTESIAN_POINT('',(-141.113769070456,-364.271971789497,313.366925280538));
#1154=CARTESIAN_POINT('',(-141.111089273478,-364.270843994938,322.116925280538));
#1155=CARTESIAN_POINT('Ctrl Pts',(-141.113769070456,-364.271971789497,313.366925280538));
#1156=CARTESIAN_POINT('Ctrl Pts',(-141.109739003875,-363.668240968857,313.33408893387));
#1157=CARTESIAN_POINT('Ctrl Pts',(-140.512705733117,-362.384201673177,313.264628983193));
#1158=CARTESIAN_POINT('Ctrl Pts',(-138.342146901781,-361.958916988369,313.158545428507));
#1159=CARTESIAN_POINT('Ctrl Pts',(-136.734207696576,-363.590563062024,313.04867461648));
#1160=CARTESIAN_POINT('Ctrl Pts',(-137.20752826094,-365.831925380832,312.938803804454));
#1161=CARTESIAN_POINT('Ctrl Pts',(-139.337885021678,-366.674135327974,312.828932992427));
#1162=CARTESIAN_POINT('Ctrl Pts',(-140.88695290018,-365.592113655782,312.738306817788));
#1163=CARTESIAN_POINT('Ctrl Pts',(-141.108624348474,-364.592853560692,312.684304247159));
#1164=CARTESIAN_POINT('Ctrl Pts',(-141.108239853531,-364.271112998633,312.666925280538));
#1165=CARTESIAN_POINT('Ctrl Pts',(-141.10825747246,-364.270513545482,313.425074719462));
#1166=CARTESIAN_POINT('Ctrl Pts',(-141.108724194009,-363.952765982162,313.40791106613));
#1167=CARTESIAN_POINT('Ctrl Pts',(-140.89091736397,-362.957618288906,313.354123808789));
#1168=CARTESIAN_POINT('Ctrl Pts',(-139.351814334776,-361.86922547058,313.26371294744));
#1169=CARTESIAN_POINT('Ctrl Pts',(-137.216610381208,-362.699069630936,313.153842135413));
#1170=CARTESIAN_POINT('Ctrl Pts',(-136.7303025499,-364.937649973102,313.043971323386));
#1171=CARTESIAN_POINT('Ctrl Pts',(-138.328754574607,-366.578591285705,312.93410051136));
#1172=CARTESIAN_POINT('Ctrl Pts',(-140.506153068386,-366.165060832302,312.827801643385));
#1173=CARTESIAN_POINT('Ctrl Pts',(-141.109950243532,-364.877393619194,312.758126379419));
#1174=CARTESIAN_POINT('Ctrl Pts',(-141.113853217931,-364.269769667839,312.725074719462));
#1175=CARTESIAN_POINT('Origin',(-139.056339273478,-364.270843994938,322.116925280538));
#1176=CARTESIAN_POINT('',(-141.112816108062,-364.272387178608,314.125074719462));
#1177=CARTESIAN_POINT('',(-141.110732769094,-364.269098355017,314.066925280538));
#1178=CARTESIAN_POINT('',(-141.111089273478,-364.270843994938,322.116925280538));
#1179=CARTESIAN_POINT('Ctrl Pts',(-141.110732769094,-364.269098355017,314.066925280538));
#1180=CARTESIAN_POINT('Ctrl Pts',(-141.11226582431,-364.088142517365,314.057120828599));
#1181=CARTESIAN_POINT('Ctrl Pts',(-141.008166615764,-363.232977125934,314.010692772651));
#1182=CARTESIAN_POINT('Ctrl Pts',(-139.818846910478,-361.974399056128,313.927641112694));
#1183=CARTESIAN_POINT('Ctrl Pts',(-137.562056845701,-362.367636903167,313.817770300667));
#1184=CARTESIAN_POINT('Ctrl Pts',(-136.644549162594,-364.466664546803,313.70789948864));
#1185=CARTESIAN_POINT('Ctrl Pts',(-137.888659631719,-366.390183864234,313.598028676614));
#1186=CARTESIAN_POINT('Ctrl Pts',(-140.179327798086,-366.414199774412,313.488157864587));
#1187=CARTESIAN_POINT('Ctrl Pts',(-141.079703671028,-365.084134739026,313.411123399228));
#1188=CARTESIAN_POINT('Ctrl Pts',(-141.114233887673,-364.341604504899,313.370712537879));
#1189=CARTESIAN_POINT('Ctrl Pts',(-141.113769070456,-364.271971789497,313.366925280538));
#1190=CARTESIAN_POINT('Ctrl Pts',(-141.112816108062,-364.272387178608,314.125074719462));
#1191=CARTESIAN_POINT('Ctrl Pts',(-141.108068515943,-363.706230865716,314.09431935685));
#1192=CARTESIAN_POINT('Ctrl Pts',(-140.574040858843,-362.458015901845,314.02694039023));
#1193=CARTESIAN_POINT('Ctrl Pts',(-138.472752685095,-361.922545977598,313.9229378196));
#1194=CARTESIAN_POINT('Ctrl Pts',(-136.775953328798,-363.461574566589,313.813067007573));
#1195=CARTESIAN_POINT('Ctrl Pts',(-137.122998332926,-365.725928145645,313.703196195546));
#1196=CARTESIAN_POINT('Ctrl Pts',(-139.202841253646,-366.686131597382,313.59332538352));
#1197=CARTESIAN_POINT('Ctrl Pts',(-140.846984616654,-365.66975291569,313.500618224825));
#1198=CARTESIAN_POINT('Ctrl Pts',(-141.107728308993,-364.630772040005,313.444534670139));
#1199=CARTESIAN_POINT('Ctrl Pts',(-141.10825747246,-364.270513545482,313.425074719462));
#1200=CARTESIAN_POINT('Origin',(-139.056339273478,-364.270843994938,322.116925280538));
#1201=CARTESIAN_POINT('',(-141.11183650772,-364.269103702378,314.825074719462));
#1202=CARTESIAN_POINT('',(-141.109184877319,-364.272154310552,314.766925280538));
#1203=CARTESIAN_POINT('',(-141.111089273478,-364.270843994938,322.116925280538));
#1204=CARTESIAN_POINT('Ctrl Pts',(-141.109184877319,-364.272154310552,314.766925280538));
#1205=CARTESIAN_POINT('Ctrl Pts',(-141.106587446917,-363.839517442112,314.743529119319));
#1206=CARTESIAN_POINT('Ctrl Pts',(-140.762919274367,-362.725871191154,314.683509354091));
#1207=CARTESIAN_POINT('Ctrl Pts',(-138.946491776279,-361.853611120035,314.586865984854));
#1208=CARTESIAN_POINT('Ctrl Pts',(-136.979907003782,-363.028465394313,314.476995172827));
#1209=CARTESIAN_POINT('Ctrl Pts',(-136.874368202219,-365.316826507737,314.367124360801));
#1210=CARTESIAN_POINT('Ctrl Pts',(-138.724467647113,-366.667704188648,314.257253548774));
#1211=CARTESIAN_POINT('Ctrl Pts',(-140.680375129617,-365.941498006676,314.157187188686));
#1212=CARTESIAN_POINT('Ctrl Pts',(-141.106539241376,-364.76408595433,314.093744432607));
#1213=CARTESIAN_POINT('Ctrl Pts',(-141.110732769094,-364.269098355017,314.066925280538));
#1214=CARTESIAN_POINT('Ctrl Pts',(-141.11183650772,-364.269103702378,314.825074719462));
#1215=CARTESIAN_POINT('Ctrl Pts',(-141.113102042706,-364.126754626062,314.817351251579));
#1216=CARTESIAN_POINT('Ctrl Pts',(-141.035239347865,-363.310779191067,314.773004179687));
#1217=CARTESIAN_POINT('Ctrl Pts',(-139.946268446715,-362.020700003179,314.692033503786));
#1218=CARTESIAN_POINT('Ctrl Pts',(-137.670994694802,-362.28693762465,314.58216269176));
#1219=CARTESIAN_POINT('Ctrl Pts',(-136.6373676935,-364.331277391159,314.472291879733));
#1220=CARTESIAN_POINT('Ctrl Pts',(-137.771793808398,-366.321459516425,314.362421067707));
#1221=CARTESIAN_POINT('Ctrl Pts',(-140.05752161352,-366.473730579509,314.25255025568));
#1222=CARTESIAN_POINT('Ctrl Pts',(-141.057274091527,-365.161670001221,314.173434806265));
#1223=CARTESIAN_POINT('Ctrl Pts',(-141.113721966886,-364.380411979173,314.130942960859));
#1224=CARTESIAN_POINT('Ctrl Pts',(-141.112816108062,-364.272387178608,314.125074719462));
#1225=CARTESIAN_POINT('Origin',(-139.056339273478,-364.270843994938,322.116925280538));
#1226=CARTESIAN_POINT('',(-141.106428502957,-364.269364988401,315.525074719462));
#1227=CARTESIAN_POINT('',(-141.114755433877,-364.270595970247,315.466925280538));
#1228=CARTESIAN_POINT('',(-141.111089273478,-364.270843994938,322.116925280538));
#1229=CARTESIAN_POINT('',(-140.938966783142,-365.094076175041,315.571));
#1230=CARTESIAN_POINT('Ctrl Pts',(-140.938966783142,-365.094076175041,315.571));
#1231=CARTESIAN_POINT('Ctrl Pts',(-141.052085567727,-364.835387871951,315.555691573154));
#1232=CARTESIAN_POINT('Ctrl Pts',(-141.107189117559,-364.552355281625,315.540383146308));
#1233=CARTESIAN_POINT('Ctrl Pts',(-141.106366870616,-364.269345430555,315.525074719462));
#1234=CARTESIAN_POINT('',(-140.280070555372,-365.926240042967,315.571));
#1235=CARTESIAN_POINT('Origin',(-139.056339273478,-364.270843994938,315.571));
#1236=CARTESIAN_POINT('Ctrl Pts',(-140.28007089179,-365.926240522309,315.571));
#1237=CARTESIAN_POINT('Ctrl Pts',(-140.791172843018,-365.545903803654,315.536308426846));
#1238=CARTESIAN_POINT('Ctrl Pts',(-141.114328960523,-364.907866341852,315.501616853692));
#1239=CARTESIAN_POINT('Ctrl Pts',(-141.114755433877,-364.270595970247,315.466925280538));
#1240=CARTESIAN_POINT('Origin',(-171.595418234951,-373.958005371694,194.6));
#1241=CARTESIAN_POINT('',(-171.595418234951,-373.958005371694,311.071));
#1242=CARTESIAN_POINT('',(-171.521356097117,-355.200523271384,311.071));
#1243=CARTESIAN_POINT('',(-171.595418234951,-373.958005371694,311.071));
#1244=CARTESIAN_POINT('',(-171.595418234951,-373.958005371694,200.));
#1245=CARTESIAN_POINT('',(-171.595418234951,-373.958005371694,194.6));
#1246=CARTESIAN_POINT('',(-171.521356097117,-355.200523271384,200.));
#1247=CARTESIAN_POINT('',(-171.57597076278,-369.032605946236,200.));
#1248=CARTESIAN_POINT('',(-171.521356097117,-355.200523271384,197.3));
#1249=CARTESIAN_POINT('Origin',(-164.521410661138,-355.228161891586,200.));
#1250=CARTESIAN_POINT('',(-130.46875187041,-355.362615582944,311.071));
#1251=CARTESIAN_POINT('',(-164.521410661138,-355.228161891586,311.071));
#1252=CARTESIAN_POINT('',(-164.521410661138,-355.228161891586,200.));
#1253=CARTESIAN_POINT('',(-164.521410661138,-355.228161891586,200.));
#1254=CARTESIAN_POINT('',(-164.521410662578,-355.228161891586,188.755249215383));
#1255=CARTESIAN_POINT('',(-164.521410661138,-355.228161891586,200.));
#1256=CARTESIAN_POINT('',(-179.521293738235,-355.168936276867,194.6));
#1257=CARTESIAN_POINT('Origin',(-3802.25119974984,-340.864931069732,-9125.03649631917));
#1258=CARTESIAN_POINT('',(-179.521293738235,-355.168936276867,315.571));
#1259=CARTESIAN_POINT('',(-179.521293738235,-355.168936276867,194.6));
#1260=CARTESIAN_POINT('',(-130.46875187041,-355.362615582944,315.571));
#1261=CARTESIAN_POINT('',(-164.521410661138,-355.228161891586,315.571));
#1262=CARTESIAN_POINT('',(-130.46875187041,-355.362615582944,313.070530618692));
#1263=CARTESIAN_POINT('Origin',(-139.056339273478,-364.270843994938,322.116925280538));
#1264=CARTESIAN_POINT('Ctrl Pts',(-141.114755433877,-364.270595970247,315.466925280538));
#1265=CARTESIAN_POINT('Ctrl Pts',(-141.114759911908,-364.263904540012,315.466561014048));
#1266=CARTESIAN_POINT('Ctrl Pts',(-141.11160160216,-363.584460689133,315.429573143549));
#1267=CARTESIAN_POINT('Ctrl Pts',(-140.371991845563,-362.240139609475,315.355961669041));
#1268=CARTESIAN_POINT('Ctrl Pts',(-138.088668886243,-362.052928762505,315.246090857014));
#1269=CARTESIAN_POINT('Ctrl Pts',(-136.672837666799,-363.853904764042,315.136220044987));
#1270=CARTESIAN_POINT('Ctrl Pts',(-137.39321641056,-366.028413457022,315.026349232961));
#1271=CARTESIAN_POINT('Ctrl Pts',(-139.604241823285,-366.627732810184,314.916478420934));
#1272=CARTESIAN_POINT('Ctrl Pts',(-140.957936488966,-365.436816470541,314.830003770126));
#1273=CARTESIAN_POINT('Ctrl Pts',(-141.110653381563,-364.516753386977,314.780152723328));
#1274=CARTESIAN_POINT('Ctrl Pts',(-141.109184877319,-364.272154310552,314.766925280538));
#1275=CARTESIAN_POINT('Ctrl Pts',(-141.106366870616,-364.269345430555,315.525074719462));
#1276=CARTESIAN_POINT('Ctrl Pts',(-141.105221988816,-363.875287623363,315.503759542299));
#1277=CARTESIAN_POINT('Ctrl Pts',(-140.807390150002,-362.804281990081,315.445820761127));
#1278=CARTESIAN_POINT('Ctrl Pts',(-139.081821412705,-361.850024943912,315.351258375947));
#1279=CARTESIAN_POINT('Ctrl Pts',(-137.052510102693,-362.914522484657,315.24138756392));
#1280=CARTESIAN_POINT('Ctrl Pts',(-136.819195507928,-365.192738520769,315.131516751893));
#1281=CARTESIAN_POINT('Ctrl Pts',(-138.590708998001,-366.645443381913,315.021645939867));
#1282=CARTESIAN_POINT('Ctrl Pts',(-140.625712590146,-366.016994869307,314.919498595723));
#1283=CARTESIAN_POINT('Ctrl Pts',(-141.107101052878,-364.801754028012,314.853974855588));
#1284=CARTESIAN_POINT('Ctrl Pts',(-141.11183650772,-364.269103702378,314.825074719462));
#1285=CARTESIAN_POINT('Ctrl Pts',(-140.938966783142,-365.094076175041,315.571));
#1286=CARTESIAN_POINT('Ctrl Pts',(-141.209590121145,-364.475194949069,315.534376395991));
#1287=CARTESIAN_POINT('Ctrl Pts',(-141.086737405594,-362.958763861023,315.461129187973));
#1288=CARTESIAN_POINT('Ctrl Pts',(-139.081821412705,-361.850024943912,315.351258375947));
#1289=CARTESIAN_POINT('Ctrl Pts',(-137.052510102693,-362.914522484657,315.24138756392));
#1290=CARTESIAN_POINT('Ctrl Pts',(-136.819195507928,-365.192738520769,315.131516751893));
#1291=CARTESIAN_POINT('Ctrl Pts',(-138.590708998001,-366.645443381913,315.021645939867));
#1292=CARTESIAN_POINT('Ctrl Pts',(-140.779581347259,-365.969477217782,314.91177512784));
#1293=CARTESIAN_POINT('Ctrl Pts',(-141.423915951218,-363.771235568988,314.801904315813));
#1294=CARTESIAN_POINT('Ctrl Pts',(-139.946268446715,-362.020700003179,314.692033503786));
#1295=CARTESIAN_POINT('Ctrl Pts',(-137.670994694802,-362.28693762465,314.58216269176));
#1296=CARTESIAN_POINT('Ctrl Pts',(-136.6373676935,-364.331277391159,314.472291879733));
#1297=CARTESIAN_POINT('Ctrl Pts',(-137.771793808398,-366.321459516425,314.362421067707));
#1298=CARTESIAN_POINT('Ctrl Pts',(-140.05752161352,-366.473730579509,314.25255025568));
#1299=CARTESIAN_POINT('Ctrl Pts',(-141.445918158025,-364.651619193791,314.142679443653));
#1300=CARTESIAN_POINT('Ctrl Pts',(-140.692603949864,-362.488229258662,314.032808631626));
#1301=CARTESIAN_POINT('Ctrl Pts',(-138.472752685095,-361.922545977598,313.9229378196));
#1302=CARTESIAN_POINT('Ctrl Pts',(-136.775953328798,-363.461574566589,313.813067007573));
#1303=CARTESIAN_POINT('Ctrl Pts',(-137.122998332926,-365.725928145645,313.703196195546));
#1304=CARTESIAN_POINT('Ctrl Pts',(-139.202841253646,-366.686131597382,313.59332538352));
#1305=CARTESIAN_POINT('Ctrl Pts',(-141.151378658152,-365.481582211375,313.483454571493));
#1306=CARTESIAN_POINT('Ctrl Pts',(-141.222192484985,-363.191882958498,313.373583759466));
#1307=CARTESIAN_POINT('Ctrl Pts',(-139.351814334776,-361.86922547058,313.26371294744));
#1308=CARTESIAN_POINT('Ctrl Pts',(-137.216610381208,-362.699069630936,313.153842135413));
#1309=CARTESIAN_POINT('Ctrl Pts',(-136.7303025499,-364.937649973102,313.043971323386));
#1310=CARTESIAN_POINT('Ctrl Pts',(-138.328754574607,-366.578591285705,312.93410051136));
#1311=CARTESIAN_POINT('Ctrl Pts',(-140.579319845672,-366.151165033866,312.824229699333));
#1312=CARTESIAN_POINT('Ctrl Pts',(-141.464881418567,-364.038461092418,312.714358887306));
#1313=CARTESIAN_POINT('Ctrl Pts',(-140.19173587646,-362.134035248631,312.60448807528));
#1314=CARTESIAN_POINT('Ctrl Pts',(-137.900967048139,-362.14476970054,312.494617263253));
#1315=CARTESIAN_POINT('Ctrl Pts',(-136.645725020888,-364.061043341019,312.384746451226));
#1316=CARTESIAN_POINT('Ctrl Pts',(-137.551047508006,-366.165355461869,312.2748756392));
#1317=CARTESIAN_POINT('Ctrl Pts',(-139.805519189538,-366.571670984493,312.165004827173));
#1318=CARTESIAN_POINT('Ctrl Pts',(-141.388523670856,-364.915822293373,312.055134015146));
#1319=CARTESIAN_POINT('Ctrl Pts',(-140.881255697498,-362.681895995327,311.945263203119));
#1320=CARTESIAN_POINT('Ctrl Pts',(-138.738373531532,-361.872102267556,311.835392391093));
#1321=CARTESIAN_POINT('Ctrl Pts',(-136.880462400858,-363.212221421864,311.725521579066));
#1322=CARTESIAN_POINT('Ctrl Pts',(-136.972756125174,-365.501172881196,311.615650767039));
#1323=CARTESIAN_POINT('Ctrl Pts',(-138.932445963511,-366.687363913817,311.505779955013));
#1324=CARTESIAN_POINT('Ctrl Pts',(-141.003319789014,-365.707785425263,311.395909142986));
#1325=CARTESIAN_POINT('Ctrl Pts',(-141.328889855571,-363.440051845041,311.286038330959));
#1326=CARTESIAN_POINT('Ctrl Pts',(-139.618340387553,-361.917315976681,311.176167518933));
#1327=CARTESIAN_POINT('Ctrl Pts',(-137.402776911428,-362.502583343325,311.066296706906));
#1328=CARTESIAN_POINT('Ctrl Pts',(-136.672782817185,-364.674241407393,310.956425894879));
#1329=CARTESIAN_POINT('Ctrl Pts',(-137.606212131435,-365.875642984638,310.883178686861));
#1330=CARTESIAN_POINT('Ctrl Pts',(-138.22373732434,-366.149346472123,310.846555082853));
#1331=CARTESIAN_POINT('Ctrl Pts',(-140.820238398605,-365.042158827429,315.645814972382));
#1332=CARTESIAN_POINT('Ctrl Pts',(-141.073794806706,-364.462307503975,315.609191368374));
#1333=CARTESIAN_POINT('Ctrl Pts',(-140.958689829026,-363.041510529646,315.535944160356));
#1334=CARTESIAN_POINT('Ctrl Pts',(-139.080214375089,-362.002694515407,315.426073348329));
#1335=CARTESIAN_POINT('Ctrl Pts',(-137.178882100931,-363.000059246976,315.316202536303));
#1336=CARTESIAN_POINT('Ctrl Pts',(-136.960281550652,-365.134599007135,315.206331724276));
#1337=CARTESIAN_POINT('Ctrl Pts',(-138.620074090201,-366.495688665332,315.096460912249));
#1338=CARTESIAN_POINT('Ctrl Pts',(-140.670904645927,-365.862352479917,314.986590100222));
#1339=CARTESIAN_POINT('Ctrl Pts',(-141.274604123588,-363.802743501922,314.876719288196));
#1340=CARTESIAN_POINT('Ctrl Pts',(-139.890144836204,-362.162605908487,314.766848476169));
#1341=CARTESIAN_POINT('Ctrl Pts',(-137.758361804339,-362.412053186389,314.656977664142));
#1342=CARTESIAN_POINT('Ctrl Pts',(-136.789920753761,-364.327466143598,314.547106852116));
#1343=CARTESIAN_POINT('Ctrl Pts',(-137.852803996101,-366.192136925035,314.437236040089));
#1344=CARTESIAN_POINT('Ctrl Pts',(-139.99438179364,-366.33480497465,314.327365228062));
#1345=CARTESIAN_POINT('Ctrl Pts',(-141.295218755605,-364.627605508663,314.217494416036));
#1346=CARTESIAN_POINT('Ctrl Pts',(-140.589412500305,-362.600650312112,314.107623604009));
#1347=CARTESIAN_POINT('Ctrl Pts',(-138.509556722283,-362.070641991588,313.997752791982));
#1348=CARTESIAN_POINT('Ctrl Pts',(-136.919766450588,-363.512611349697,313.887881979956));
#1349=CARTESIAN_POINT('Ctrl Pts',(-137.244924972929,-365.634162892193,313.778011167929));
#1350=CARTESIAN_POINT('Ctrl Pts',(-139.193602068865,-366.533810868105,313.668140355902));
#1351=CARTESIAN_POINT('Ctrl Pts',(-141.019254464488,-365.405226696651,313.558269543875));
#1352=CARTESIAN_POINT('Ctrl Pts',(-141.085602399253,-363.259927911723,313.448398731849));
#1353=CARTESIAN_POINT('Ctrl Pts',(-139.3331801246,-362.020684155958,313.338527919822));
#1354=CARTESIAN_POINT('Ctrl Pts',(-137.332633353487,-362.79819398248,313.228657107795));
#1355=CARTESIAN_POINT('Ctrl Pts',(-136.876994649716,-364.895597683852,313.118786295769));
#1356=CARTESIAN_POINT('Ctrl Pts',(-138.374639889395,-366.433052613638,313.008915483742));
#1357=CARTESIAN_POINT('Ctrl Pts',(-140.483272687065,-366.032582107495,312.899044671715));
#1358=CARTESIAN_POINT('Ctrl Pts',(-141.31298609328,-364.053116379493,312.789173859689));
#1359=CARTESIAN_POINT('Ctrl Pts',(-140.120131799823,-362.26879363775,312.679303047662));
#1360=CARTESIAN_POINT('Ctrl Pts',(-137.9738308925,-362.278851118709,312.569432235635));
#1361=CARTESIAN_POINT('Ctrl Pts',(-136.797751024164,-364.074274472821,312.459561423609));
#1362=CARTESIAN_POINT('Ctrl Pts',(-137.6459791175,-366.045877612533,312.349690611582));
#1363=CARTESIAN_POINT('Ctrl Pts',(-139.758271966864,-366.426568742989,312.239819799555));
#1364=CARTESIAN_POINT('Ctrl Pts',(-141.241443866422,-364.875146572317,312.129948987529));
#1365=CARTESIAN_POINT('Ctrl Pts',(-140.766166877311,-362.782103406586,312.020078175502));
#1366=CARTESIAN_POINT('Ctrl Pts',(-138.758426122226,-362.023379526998,311.910207363475));
#1367=CARTESIAN_POINT('Ctrl Pts',(-137.017684631337,-363.278983724704,311.800336551448));
#1368=CARTESIAN_POINT('Ctrl Pts',(-137.104157828367,-365.423581875878,311.690465739422));
#1369=CARTESIAN_POINT('Ctrl Pts',(-138.940259326734,-366.534965468189,311.580594927395));
#1370=CARTESIAN_POINT('Ctrl Pts',(-140.880532965733,-365.617164347105,311.470724115369));
#1371=CARTESIAN_POINT('Ctrl Pts',(-141.185570872923,-363.492445964078,311.360853303342));
#1372=CARTESIAN_POINT('Ctrl Pts',(-139.582897643814,-362.065741822015,311.250982491315));
#1373=CARTESIAN_POINT('Ctrl Pts',(-137.50705924395,-362.614099152761,311.141111679288));
#1374=CARTESIAN_POINT('Ctrl Pts',(-136.82310241363,-364.648801046588,311.031240867262));
#1375=CARTESIAN_POINT('Ctrl Pts',(-137.69766476987,-365.774435926643,310.957993659244));
#1376=CARTESIAN_POINT('Ctrl Pts',(-138.276245578828,-366.030878233812,310.921370055235));
#1377=CARTESIAN_POINT('Ctrl Pts',(-140.701510014068,-364.990241479818,315.720629944765));
#1378=CARTESIAN_POINT('Ctrl Pts',(-140.937999492267,-364.449420058881,315.684006340756));
#1379=CARTESIAN_POINT('Ctrl Pts',(-140.830642252458,-363.124257198269,315.610759132738));
#1380=CARTESIAN_POINT('Ctrl Pts',(-139.078607337473,-362.155364086901,315.500888320712));
#1381=CARTESIAN_POINT('Ctrl Pts',(-137.30525409917,-363.085596009294,315.391017508685));
#1382=CARTESIAN_POINT('Ctrl Pts',(-137.101367593375,-365.076459493502,315.281146696658));
#1383=CARTESIAN_POINT('Ctrl Pts',(-138.649439182401,-366.34593394875,315.171275884631));
#1384=CARTESIAN_POINT('Ctrl Pts',(-140.562227944596,-365.755227742053,315.061405072605));
#1385=CARTESIAN_POINT('Ctrl Pts',(-141.125292295957,-363.834251434856,314.951534260578));
#1386=CARTESIAN_POINT('Ctrl Pts',(-139.834021225692,-362.304511813795,314.841663448551));
#1387=CARTESIAN_POINT('Ctrl Pts',(-137.845728913875,-362.537168748128,314.731792636525));
#1388=CARTESIAN_POINT('Ctrl Pts',(-136.942473814022,-364.323654896036,314.621921824498));
#1389=CARTESIAN_POINT('Ctrl Pts',(-137.933814183805,-366.062814333644,314.512051012471));
#1390=CARTESIAN_POINT('Ctrl Pts',(-139.931241973761,-366.195879369791,314.402180200445));
#1391=CARTESIAN_POINT('Ctrl Pts',(-141.144519353185,-364.603591823534,314.292309388418));
#1392=CARTESIAN_POINT('Ctrl Pts',(-140.486221050746,-362.713071365562,314.182438576391));
#1393=CARTESIAN_POINT('Ctrl Pts',(-138.546360759471,-362.218738005579,314.072567764365));
#1394=CARTESIAN_POINT('Ctrl Pts',(-137.063579572378,-363.563648132805,313.962696952338));
#1395=CARTESIAN_POINT('Ctrl Pts',(-137.366851612933,-365.542397638742,313.852826140311));
#1396=CARTESIAN_POINT('Ctrl Pts',(-139.184362884083,-366.381490138827,313.742955328285));
#1397=CARTESIAN_POINT('Ctrl Pts',(-140.887130270824,-365.328871181926,313.633084516258));
#1398=CARTESIAN_POINT('Ctrl Pts',(-140.949012313521,-363.327972864948,313.523213704231));
#1399=CARTESIAN_POINT('Ctrl Pts',(-139.314545914424,-362.172142841337,313.413342892205));
#1400=CARTESIAN_POINT('Ctrl Pts',(-137.448656325766,-362.897318334024,313.303472080178));
#1401=CARTESIAN_POINT('Ctrl Pts',(-137.023686749532,-364.853545394601,313.193601268151));
#1402=CARTESIAN_POINT('Ctrl Pts',(-138.420525204184,-366.287513941572,313.083730456124));
#1403=CARTESIAN_POINT('Ctrl Pts',(-140.387225528459,-365.913999181124,312.973859644098));
#1404=CARTESIAN_POINT('Ctrl Pts',(-141.161090767992,-364.067771666569,312.863988832071));
#1405=CARTESIAN_POINT('Ctrl Pts',(-140.048527723186,-362.403552026869,312.754118020044));
#1406=CARTESIAN_POINT('Ctrl Pts',(-138.046694736861,-362.412932536878,312.644247208018));
#1407=CARTESIAN_POINT('Ctrl Pts',(-136.94977702744,-364.087505604623,312.534376395991));
#1408=CARTESIAN_POINT('Ctrl Pts',(-137.740910726995,-365.926399763197,312.424505583965));
#1409=CARTESIAN_POINT('Ctrl Pts',(-139.71102474419,-366.281466501486,312.314634771938));
#1410=CARTESIAN_POINT('Ctrl Pts',(-141.094364061988,-364.834470851262,312.204763959911));
#1411=CARTESIAN_POINT('Ctrl Pts',(-140.651078057124,-362.882310817844,312.094893147884));
#1412=CARTESIAN_POINT('Ctrl Pts',(-138.778478712919,-362.174656786441,311.985022335858));
#1413=CARTESIAN_POINT('Ctrl Pts',(-137.154906861816,-363.345746027544,311.875151523831));
#1414=CARTESIAN_POINT('Ctrl Pts',(-137.235559531559,-365.34599087056,311.765280711804));
#1415=CARTESIAN_POINT('Ctrl Pts',(-138.948072689957,-366.382567022561,311.655409899778));
#1416=CARTESIAN_POINT('Ctrl Pts',(-140.757746142451,-365.526543268946,311.545539087751));
#1417=CARTESIAN_POINT('Ctrl Pts',(-141.042251890274,-363.544840083115,311.435668275724));
#1418=CARTESIAN_POINT('Ctrl Pts',(-139.547454900074,-362.214167667348,311.325797463698));
#1419=CARTESIAN_POINT('Ctrl Pts',(-137.611341576472,-362.725614962197,311.215926651671));
#1420=CARTESIAN_POINT('Ctrl Pts',(-136.973422010075,-364.623360685783,311.106055839644));
#1421=CARTESIAN_POINT('Ctrl Pts',(-137.789117408304,-365.673228868648,311.032808631626));
#1422=CARTESIAN_POINT('Ctrl Pts',(-138.328753833316,-365.912409995502,310.996185027618));
#1423=CARTESIAN_POINT('Ctrl Pts',(-140.582781629531,-364.938324132206,315.795444917147));
#1424=CARTESIAN_POINT('Ctrl Pts',(-140.802204177828,-364.436532613788,315.758821313139));
#1425=CARTESIAN_POINT('Ctrl Pts',(-140.702594675889,-363.207003866892,315.685574105121));
#1426=CARTESIAN_POINT('Ctrl Pts',(-139.077000299857,-362.308033658396,315.575703293094));
#1427=CARTESIAN_POINT('Ctrl Pts',(-137.431626097409,-363.171132771613,315.465832481067));
#1428=CARTESIAN_POINT('Ctrl Pts',(-137.242453636098,-365.018319979868,315.355961669041));
#1429=CARTESIAN_POINT('Ctrl Pts',(-138.6788042746,-366.196179232169,315.246090857014));
#1430=CARTESIAN_POINT('Ctrl Pts',(-140.453551243265,-365.648103004188,315.136220044987));
#1431=CARTESIAN_POINT('Ctrl Pts',(-140.975980468327,-363.86575936779,315.026349232961));
#1432=CARTESIAN_POINT('Ctrl Pts',(-139.777897615181,-362.446417719104,314.916478420934));
#1433=CARTESIAN_POINT('Ctrl Pts',(-137.933096023412,-362.662284309867,314.806607608907));
#1434=CARTESIAN_POINT('Ctrl Pts',(-137.095026874284,-364.319843648475,314.696736796881));
#1435=CARTESIAN_POINT('Ctrl Pts',(-138.014824371508,-365.933491742254,314.586865984854));
#1436=CARTESIAN_POINT('Ctrl Pts',(-139.868102153882,-366.056953764932,314.476995172827));
#1437=CARTESIAN_POINT('Ctrl Pts',(-140.993819950765,-364.579578138405,314.367124360801));
#1438=CARTESIAN_POINT('Ctrl Pts',(-140.383029601187,-362.825492419011,314.257253548774));
#1439=CARTESIAN_POINT('Ctrl Pts',(-138.583164796658,-362.366834019569,314.147382736747));
#1440=CARTESIAN_POINT('Ctrl Pts',(-137.207392694168,-363.614684915912,314.037511924721));
#1441=CARTESIAN_POINT('Ctrl Pts',(-137.488778252936,-365.450632385291,313.927641112694));
#1442=CARTESIAN_POINT('Ctrl Pts',(-139.175123699301,-366.229169409549,313.817770300667));
#1443=CARTESIAN_POINT('Ctrl Pts',(-140.75500607716,-365.252515667202,313.70789948864));
#1444=CARTESIAN_POINT('Ctrl Pts',(-140.812422227789,-363.396017818173,313.598028676614));
#1445=CARTESIAN_POINT('Ctrl Pts',(-139.295911704247,-362.323601526715,313.488157864587));
#1446=CARTESIAN_POINT('Ctrl Pts',(-137.564679298045,-362.996442685568,313.37828705256));
#1447=CARTESIAN_POINT('Ctrl Pts',(-137.170378849348,-364.811493105351,313.268416240534));
#1448=CARTESIAN_POINT('Ctrl Pts',(-138.466410518973,-366.141975269505,313.158545428507));
#1449=CARTESIAN_POINT('Ctrl Pts',(-140.291178369852,-365.795416254753,313.04867461648));
#1450=CARTESIAN_POINT('Ctrl Pts',(-141.009195442705,-364.082426953644,312.938803804454));
#1451=CARTESIAN_POINT('Ctrl Pts',(-139.97692364655,-362.538310415988,312.828932992427));
#1452=CARTESIAN_POINT('Ctrl Pts',(-138.119558581221,-362.547013955047,312.7190621804));
#1453=CARTESIAN_POINT('Ctrl Pts',(-137.101803030716,-364.100736736425,312.609191368374));
#1454=CARTESIAN_POINT('Ctrl Pts',(-137.83584233649,-365.806921913861,312.499320556347));
#1455=CARTESIAN_POINT('Ctrl Pts',(-139.663777521516,-366.136364259982,312.38944974432));
#1456=CARTESIAN_POINT('Ctrl Pts',(-140.947284257555,-364.793795130206,312.279578932293));
#1457=CARTESIAN_POINT('Ctrl Pts',(-140.535989236937,-362.982518229102,312.169708120267));
#1458=CARTESIAN_POINT('Ctrl Pts',(-138.798531303613,-362.325934045884,312.05983730824));
#1459=CARTESIAN_POINT('Ctrl Pts',(-137.292129092295,-363.412508330385,311.949966496213));
#1460=CARTESIAN_POINT('Ctrl Pts',(-137.366961234751,-365.268399865241,311.840095684187));
#1461=CARTESIAN_POINT('Ctrl Pts',(-138.955886053181,-366.230168576932,311.73022487216));
#1462=CARTESIAN_POINT('Ctrl Pts',(-140.634959319169,-365.435922190788,311.620354060133));
#1463=CARTESIAN_POINT('Ctrl Pts',(-140.898932907626,-363.597234202152,311.510483248107));
#1464=CARTESIAN_POINT('Ctrl Pts',(-139.512012156334,-362.362593512682,311.40061243608));
#1465=CARTESIAN_POINT('Ctrl Pts',(-137.715623908994,-362.837130771632,311.290741624053));
#1466=CARTESIAN_POINT('Ctrl Pts',(-137.123741606519,-364.597920324978,311.180870812027));
#1467=CARTESIAN_POINT('Ctrl Pts',(-137.880570046738,-365.572021810653,311.107623604009));
#1468=CARTESIAN_POINT('Ctrl Pts',(-138.381262087804,-365.793941757191,311.071));
#1469=CARTESIAN_POINT('Ctrl Pts',(-140.938966783142,-365.094076175041,315.571));
#1470=CARTESIAN_POINT('Ctrl Pts',(-140.96188961102,-365.024575625479,315.571));
#1471=CARTESIAN_POINT('Ctrl Pts',(-140.980709365216,-364.953976204868,315.571));
#1472=CARTESIAN_POINT('Ctrl Pts',(-140.995537870101,-364.882609954974,315.571));
#1473=CARTESIAN_POINT('Ctrl Pts',(-141.010782157583,-364.809242637203,315.571));
#1474=CARTESIAN_POINT('Ctrl Pts',(-141.021808178272,-364.735063850527,315.571));
#1475=CARTESIAN_POINT('Ctrl Pts',(-141.028683074672,-364.660430865213,315.571));
#1476=CARTESIAN_POINT('Ctrl Pts',(-141.034413013797,-364.598227387838,315.571));
#1477=CARTESIAN_POINT('Ctrl Pts',(-141.037258307505,-364.535708038001,315.571));
#1478=CARTESIAN_POINT('Ctrl Pts',(-141.037230864578,-364.473085860516,315.571));
#1479=CARTESIAN_POINT('Ctrl Pts',(-141.037217995761,-364.443720430236,315.571));
#1480=CARTESIAN_POINT('Ctrl Pts',(-141.036573087091,-364.414332514408,315.571));
#1481=CARTESIAN_POINT('Ctrl Pts',(-141.035295629295,-364.384944942478,315.571));
#1482=CARTESIAN_POINT('Ctrl Pts',(-141.034598170614,-364.368900093711,315.571));
#1483=CARTESIAN_POINT('Ctrl Pts',(-141.033712138031,-364.352855358737,315.571));
#1484=CARTESIAN_POINT('Ctrl Pts',(-141.032637314992,-364.336814543865,315.571));
#1485=CARTESIAN_POINT('Ctrl Pts',(-141.031762606209,-364.323760263149,315.571));
#1486=CARTESIAN_POINT('Ctrl Pts',(-141.030762651348,-364.310707194953,315.571));
#1487=CARTESIAN_POINT('Ctrl Pts',(-141.029639117855,-364.297675529187,315.571));
#1488=CARTESIAN_POINT('Ctrl Pts',(-141.023349990733,-364.224729058888,315.571));
#1489=CARTESIAN_POINT('Ctrl Pts',(-141.013185379402,-364.152323205926,315.571));
#1490=CARTESIAN_POINT('Ctrl Pts',(-140.999211954011,-364.080791818522,315.571));
#1491=CARTESIAN_POINT('Ctrl Pts',(-140.985343151702,-364.009796007333,315.571));
#1492=CARTESIAN_POINT('Ctrl Pts',(-140.967721985626,-363.939660663618,315.571));
#1493=CARTESIAN_POINT('Ctrl Pts',(-140.946366680165,-363.870732009367,315.571));
#1494=CARTESIAN_POINT('Ctrl Pts',(-140.929104427217,-363.81501452655,315.571));
#1495=CARTESIAN_POINT('Ctrl Pts',(-140.909401319203,-363.760085674793,315.571));
#1496=CARTESIAN_POINT('Ctrl Pts',(-140.887246680161,-363.70614420119,315.571));
#1497=CARTESIAN_POINT('Ctrl Pts',(-140.877083276755,-363.681398640883,315.571));
#1498=CARTESIAN_POINT('Ctrl Pts',(-140.866403708137,-363.656861105726,315.571));
#1499=CARTESIAN_POINT('Ctrl Pts',(-140.855205762141,-363.632552093896,315.571));
#1500=CARTESIAN_POINT('Ctrl Pts',(-140.850207528417,-363.621701700194,315.571));
#1501=CARTESIAN_POINT('Ctrl Pts',(-140.845106008424,-363.61089684738,315.571));
#1502=CARTESIAN_POINT('Ctrl Pts',(-140.839900959964,-363.600139418786,315.571));
#1503=CARTESIAN_POINT('Ctrl Pts',(-140.834613507139,-363.589211682636,315.571));
#1504=CARTESIAN_POINT('Ctrl Pts',(-140.829222703276,-363.578340153466,315.571));
#1505=CARTESIAN_POINT('Ctrl Pts',(-140.823730987016,-363.567530951873,315.571));
#1506=CARTESIAN_POINT('Ctrl Pts',(-140.792551612328,-363.506161403514,315.571));
#1507=CARTESIAN_POINT('Ctrl Pts',(-140.758100077147,-363.446751798963,315.571));
#1508=CARTESIAN_POINT('Ctrl Pts',(-140.720396778154,-363.389606382216,315.571));
#1509=CARTESIAN_POINT('Ctrl Pts',(-140.690145958429,-363.343756397033,315.571));
#1510=CARTESIAN_POINT('Ctrl Pts',(-140.657800960739,-363.299364288516,315.571));
#1511=CARTESIAN_POINT('Ctrl Pts',(-140.623354671242,-363.256603987589,315.571));
#1512=CARTESIAN_POINT('Ctrl Pts',(-140.577795215421,-363.20004822877,315.571));
#1513=CARTESIAN_POINT('Ctrl Pts',(-140.52855978768,-363.146345043645,315.571));
#1514=CARTESIAN_POINT('Ctrl Pts',(-140.476010923928,-363.095694329089,315.571));
#1515=CARTESIAN_POINT('Ctrl Pts',(-140.453312216603,-363.073815535459,315.571));
#1516=CARTESIAN_POINT('Ctrl Pts',(-140.429994982571,-363.052506984901,315.571));
#1517=CARTESIAN_POINT('Ctrl Pts',(-140.40608752933,-363.031788121505,315.571));
#1518=CARTESIAN_POINT('Ctrl Pts',(-140.396474878418,-363.023457531077,315.571));
#1519=CARTESIAN_POINT('Ctrl Pts',(-140.386773080448,-363.015227797368,315.571));
#1520=CARTESIAN_POINT('Ctrl Pts',(-140.376989628595,-363.007104111919,315.571));
#1521=CARTESIAN_POINT('Ctrl Pts',(-140.324196559159,-362.963267407207,315.571));
#1522=CARTESIAN_POINT('Ctrl Pts',(-140.26897984646,-362.922473074767,315.571));
#1523=CARTESIAN_POINT('Ctrl Pts',(-140.211672318591,-362.884845730977,315.571));
#1524=CARTESIAN_POINT('Ctrl Pts',(-140.154471007726,-362.847288127828,315.571));
#1525=CARTESIAN_POINT('Ctrl Pts',(-140.095185520244,-362.812885472927,315.571));
#1526=CARTESIAN_POINT('Ctrl Pts',(-140.034128709923,-362.78180994731,315.571));
#1527=CARTESIAN_POINT('Ctrl Pts',(-139.992420547772,-362.760582125966,315.571));
#1528=CARTESIAN_POINT('Ctrl Pts',(-139.949885463539,-362.740907849214,315.571));
#1529=CARTESIAN_POINT('Ctrl Pts',(-139.906622256172,-362.722856110036,315.571));
#1530=CARTESIAN_POINT('Ctrl Pts',(-139.873906815123,-362.709205466801,315.571));
#1531=CARTESIAN_POINT('Ctrl Pts',(-139.840774985792,-362.696482872709,315.571));
#1532=CARTESIAN_POINT('Ctrl Pts',(-139.807270158978,-362.684722797185,315.571));
#1533=CARTESIAN_POINT('Ctrl Pts',(-139.793953180383,-362.680048584872,315.571));
#1534=CARTESIAN_POINT('Ctrl Pts',(-139.780585018131,-362.675529243634,315.571));
#1535=CARTESIAN_POINT('Ctrl Pts',(-139.767174996618,-362.671168485967,315.571));
#1536=CARTESIAN_POINT('Ctrl Pts',(-139.704609465713,-362.650823021322,315.571));
#1537=CARTESIAN_POINT('Ctrl Pts',(-139.641088143553,-362.633909888701,315.571));
#1538=CARTESIAN_POINT('Ctrl Pts',(-139.57689781847,-362.620603637922,315.571));
#1539=CARTESIAN_POINT('Ctrl Pts',(-139.535505917313,-362.612023357072,315.571));
#1540=CARTESIAN_POINT('Ctrl Pts',(-139.493835781441,-362.604943830039,315.571));
#1541=CARTESIAN_POINT('Ctrl Pts',(-139.451966000664,-362.599423226925,315.571));
#1542=CARTESIAN_POINT('Ctrl Pts',(-139.437288347018,-362.59748795287,315.571));
#1543=CARTESIAN_POINT('Ctrl Pts',(-139.422586180768,-362.595744335485,315.571));
#1544=CARTESIAN_POINT('Ctrl Pts',(-139.407862969581,-362.594195151296,315.571));
#1545=CARTESIAN_POINT('Ctrl Pts',(-139.392254869915,-362.592552858666,315.571));
#1546=CARTESIAN_POINT('Ctrl Pts',(-139.37663025195,-362.591129899668,315.571));
#1547=CARTESIAN_POINT('Ctrl Pts',(-139.36100141205,-362.589929538511,315.571));
#1548=CARTESIAN_POINT('Ctrl Pts',(-139.298315096415,-362.585114963735,315.571));
#1549=CARTESIAN_POINT('Ctrl Pts',(-139.235518559012,-362.583873206375,315.571));
#1550=CARTESIAN_POINT('Ctrl Pts',(-139.172875757497,-362.586387620509,315.571));
#1551=CARTESIAN_POINT('Ctrl Pts',(-139.139790024426,-362.587715645962,315.571));
#1552=CARTESIAN_POINT('Ctrl Pts',(-139.106747362074,-362.590092300968,315.571));
#1553=CARTESIAN_POINT('Ctrl Pts',(-139.07378856984,-362.593550220778,315.571));
#1554=CARTESIAN_POINT('Ctrl Pts',(-139.050376164722,-362.596006567446,315.571));
#1555=CARTESIAN_POINT('Ctrl Pts',(-139.027006109672,-362.599008631676,315.571));
#1556=CARTESIAN_POINT('Ctrl Pts',(-139.003693867473,-362.602548410735,315.571));
#1557=CARTESIAN_POINT('Ctrl Pts',(-137.714752877365,-362.709433606184,311.071));
#1558=CARTESIAN_POINT('Ctrl Pts',(-137.694656840399,-362.730162174072,311.071));
#1559=CARTESIAN_POINT('Ctrl Pts',(-137.67504780813,-362.751333555063,311.071));
#1560=CARTESIAN_POINT('Ctrl Pts',(-137.655945962275,-362.772944064084,311.071));
#1561=CARTESIAN_POINT('Ctrl Pts',(-137.606510346833,-362.828872104839,311.071));
#1562=CARTESIAN_POINT('Ctrl Pts',(-137.56046837189,-362.88773979163,311.071));
#1563=CARTESIAN_POINT('Ctrl Pts',(-137.517897382166,-362.949176893166,311.071));
#1564=CARTESIAN_POINT('Ctrl Pts',(-137.497639827697,-362.978411952977,311.071));
#1565=CARTESIAN_POINT('Ctrl Pts',(-137.478168923885,-363.008229154713,311.071));
#1566=CARTESIAN_POINT('Ctrl Pts',(-137.45949685762,-363.038589872649,311.071));
#1567=CARTESIAN_POINT('Ctrl Pts',(-137.449205247496,-363.055323996643,311.071));
#1568=CARTESIAN_POINT('Ctrl Pts',(-137.439156365407,-363.072223248351,311.071));
#1569=CARTESIAN_POINT('Ctrl Pts',(-137.429352583853,-363.089281204148,311.071));
#1570=CARTESIAN_POINT('Ctrl Pts',(-137.421763645479,-363.102485473809,311.071));
#1571=CARTESIAN_POINT('Ctrl Pts',(-137.414324022794,-363.115780705285,311.071));
#1572=CARTESIAN_POINT('Ctrl Pts',(-137.40703825961,-363.12915671582,311.071));
#1573=CARTESIAN_POINT('Ctrl Pts',(-137.371415230077,-363.19455741665,311.071));
#1574=CARTESIAN_POINT('Ctrl Pts',(-137.339437107077,-363.261938816367,311.071));
#1575=CARTESIAN_POINT('Ctrl Pts',(-137.311194531766,-363.330935741374,311.071));
#1576=CARTESIAN_POINT('Ctrl Pts',(-137.290994987543,-363.380283452145,311.071));
#1577=CARTESIAN_POINT('Ctrl Pts',(-137.272707339201,-363.43045801353,311.071));
#1578=CARTESIAN_POINT('Ctrl Pts',(-137.256381053184,-363.481327240754,311.071));
#1579=CARTESIAN_POINT('Ctrl Pts',(-137.251696641813,-363.495922868088,311.071));
#1580=CARTESIAN_POINT('Ctrl Pts',(-137.247173788212,-363.510575678454,311.071));
#1581=CARTESIAN_POINT('Ctrl Pts',(-137.24281387307,-363.525282524579,311.071));
#1582=CARTESIAN_POINT('Ctrl Pts',(-137.239336073823,-363.537013821338,311.071));
#1583=CARTESIAN_POINT('Ctrl Pts',(-137.235963008077,-363.548776108652,311.071));
#1584=CARTESIAN_POINT('Ctrl Pts',(-137.232697275586,-363.560559827514,311.071));
#1585=CARTESIAN_POINT('Ctrl Pts',(-137.213242351626,-363.630758888546,311.071));
#1586=CARTESIAN_POINT('Ctrl Pts',(-137.197567476465,-363.701801492126,311.071));
#1587=CARTESIAN_POINT('Ctrl Pts',(-137.185752136854,-363.773347399752,311.071));
#1588=CARTESIAN_POINT('Ctrl Pts',(-137.174194044797,-363.843335585778,311.071));
#1589=CARTESIAN_POINT('Ctrl Pts',(-137.166329341543,-363.913806377483,311.071));
#1590=CARTESIAN_POINT('Ctrl Pts',(-137.162281148965,-363.984438664922,311.071));
#1591=CARTESIAN_POINT('Ctrl Pts',(-137.159407660589,-364.034574880798,311.071));
#1592=CARTESIAN_POINT('Ctrl Pts',(-137.158458100958,-364.084792433669,311.071));
#1593=CARTESIAN_POINT('Ctrl Pts',(-137.159491626924,-364.134971711354,311.071));
#1594=CARTESIAN_POINT('Ctrl Pts',(-137.160357904052,-364.177030800326,311.071));
#1595=CARTESIAN_POINT('Ctrl Pts',(-137.162617591776,-364.219062974131,311.071));
#1596=CARTESIAN_POINT('Ctrl Pts',(-137.166312470162,-364.26099420043,311.071));
#1597=CARTESIAN_POINT('Ctrl Pts',(-137.167313973885,-364.272359738037,311.071));
#1598=CARTESIAN_POINT('Ctrl Pts',(-137.168420923465,-364.283716598373,311.071));
#1599=CARTESIAN_POINT('Ctrl Pts',(-137.169632637666,-364.295051139425,311.071));
#1600=CARTESIAN_POINT('Ctrl Pts',(-137.176910128881,-364.363125791716,311.071));
#1601=CARTESIAN_POINT('Ctrl Pts',(-137.187972655686,-364.43051591957,311.071));
#1602=CARTESIAN_POINT('Ctrl Pts',(-137.202926474382,-364.496925917001,311.071));
#1603=CARTESIAN_POINT('Ctrl Pts',(-137.209174889263,-364.52467516451,311.071));
#1604=CARTESIAN_POINT('Ctrl Pts',(-137.216103298318,-364.55225311182,311.071));
#1605=CARTESIAN_POINT('Ctrl Pts',(-137.223721999264,-364.579637214569,311.071));
#1606=CARTESIAN_POINT('Ctrl Pts',(-137.243119280863,-364.649357388146,311.071));
#1607=CARTESIAN_POINT('Ctrl Pts',(-137.266987915177,-364.717823796974,311.071));
#1608=CARTESIAN_POINT('Ctrl Pts',(-137.295065520988,-364.784731119239,311.071));
#1609=CARTESIAN_POINT('Ctrl Pts',(-137.307389500409,-364.814098454483,311.071));
#1610=CARTESIAN_POINT('Ctrl Pts',(-137.32052497826,-364.84316491831,311.071));
#1611=CARTESIAN_POINT('Ctrl Pts',(-137.334452305773,-364.871902011762,311.071));
#1612=CARTESIAN_POINT('Ctrl Pts',(-137.342952811967,-364.889441618025,311.071));
#1613=CARTESIAN_POINT('Ctrl Pts',(-137.351748328148,-364.906858491484,311.071));
#1614=CARTESIAN_POINT('Ctrl Pts',(-137.360834611095,-364.924145800638,311.071));
#1615=CARTESIAN_POINT('Ctrl Pts',(-137.368940314429,-364.939567486302,311.071));
#1616=CARTESIAN_POINT('Ctrl Pts',(-137.377280893792,-364.954891913786,311.071));
#1617=CARTESIAN_POINT('Ctrl Pts',(-137.385834911418,-364.970082116755,311.071));
#1618=CARTESIAN_POINT('Ctrl Pts',(-137.41924829009,-365.029417510495,311.071));
#1619=CARTESIAN_POINT('Ctrl Pts',(-137.455951270079,-365.086782959659,311.071));
#1620=CARTESIAN_POINT('Ctrl Pts',(-137.495697852668,-365.141943211702,311.071));
#1621=CARTESIAN_POINT('Ctrl Pts',(-137.535354726524,-365.196978966092,311.071));
#1622=CARTESIAN_POINT('Ctrl Pts',(-137.578042356952,-365.249820152607,311.071));
#1623=CARTESIAN_POINT('Ctrl Pts',(-137.623550677563,-365.300194707229,311.071));
#1624=CARTESIAN_POINT('Ctrl Pts',(-137.668192131387,-365.34960970044,311.071));
#1625=CARTESIAN_POINT('Ctrl Pts',(-137.715548682545,-365.396651625954,311.071));
#1626=CARTESIAN_POINT('Ctrl Pts',(-137.765442244606,-365.441018209274,311.071));
#1627=CARTESIAN_POINT('Ctrl Pts',(-137.776660881951,-365.450994097705,311.071));
#1628=CARTESIAN_POINT('Ctrl Pts',(-137.788007839731,-365.460834524299,311.071));
#1629=CARTESIAN_POINT('Ctrl Pts',(-137.799481172083,-365.470535689831,311.071));
#1630=CARTESIAN_POINT('Ctrl Pts',(-137.808169972564,-365.477882421291,311.071));
#1631=CARTESIAN_POINT('Ctrl Pts',(-137.81693129951,-365.48514920302,311.071));
#1632=CARTESIAN_POINT('Ctrl Pts',(-137.82575286206,-365.492325372085,311.071));
#1633=CARTESIAN_POINT('Ctrl Pts',(-137.876527529884,-365.533629573969,311.071));
#1634=CARTESIAN_POINT('Ctrl Pts',(-137.929388194773,-365.572014688226,311.071));
#1635=CARTESIAN_POINT('Ctrl Pts',(-137.984138080912,-365.607241732758,311.071));
#1636=CARTESIAN_POINT('Ctrl Pts',(-138.03793571719,-365.641856082899,311.071));
#1637=CARTESIAN_POINT('Ctrl Pts',(-138.093558218512,-365.673421670954,311.071));
#1638=CARTESIAN_POINT('Ctrl Pts',(-138.150835021064,-365.70166473434,311.071));
#1639=CARTESIAN_POINT('Ctrl Pts',(-138.20625569515,-365.728992544925,311.071));
#1640=CARTESIAN_POINT('Ctrl Pts',(-138.263225839841,-365.753209870448,311.071));
#1641=CARTESIAN_POINT('Ctrl Pts',(-138.321595720491,-365.774020197736,311.071));
#1642=CARTESIAN_POINT('Ctrl Pts',(-138.34132651955,-365.78105472276,311.071));
#1643=CARTESIAN_POINT('Ctrl Pts',(-138.361217257965,-365.78769951635,311.071));
#1644=CARTESIAN_POINT('Ctrl Pts',(-138.381262087804,-365.793941757191,311.071));
#1645=CARTESIAN_POINT('Ctrl Pts',(-140.722945134165,-364.269432958362,315.04951963661));
#1646=CARTESIAN_POINT('Ctrl Pts',(-140.72397123529,-364.154015724565,315.041796168727));
#1647=CARTESIAN_POINT('Ctrl Pts',(-140.712976296053,-364.038792377294,315.034072700844));
#1648=CARTESIAN_POINT('Ctrl Pts',(-140.689228455292,-363.926259699075,315.026349232961));
#1649=CARTESIAN_POINT('Ctrl Pts',(-140.576619517278,-363.392645484894,314.989725628952));
#1650=CARTESIAN_POINT('Ctrl Pts',(-140.177258566229,-362.919531601999,314.953102024943));
#1651=CARTESIAN_POINT('Ctrl Pts',(-139.670111158743,-362.718952425678,314.916478420934));
#1652=CARTESIAN_POINT('Ctrl Pts',(-139.162963751258,-362.518373249358,314.879854816925));
#1653=CARTESIAN_POINT('Ctrl Pts',(-138.548029887335,-362.590328779612,314.843231212916));
#1654=CARTESIAN_POINT('Ctrl Pts',(-138.100884763852,-362.902566434508,314.806607608907));
#1655=CARTESIAN_POINT('Ctrl Pts',(-137.653739640369,-363.214804089403,314.769984004898));
#1656=CARTESIAN_POINT('Ctrl Pts',(-137.374383257327,-363.767323868939,314.73336040089));
#1657=CARTESIAN_POINT('Ctrl Pts',(-137.388004648676,-364.31252510767,314.696736796881));
#1658=CARTESIAN_POINT('Ctrl Pts',(-137.401626040025,-364.857726346401,314.660113192872));
#1659=CARTESIAN_POINT('Ctrl Pts',(-137.708225205767,-365.395609044328,314.623489588863));
#1660=CARTESIAN_POINT('Ctrl Pts',(-138.170404419033,-365.68512739707,314.586865984854));
#1661=CARTESIAN_POINT('Ctrl Pts',(-138.632583632299,-365.974645749813,314.550242380845));
#1662=CARTESIAN_POINT('Ctrl Pts',(-139.25034289309,-366.015799757373,314.513618776836));
#1663=CARTESIAN_POINT('Ctrl Pts',(-139.7468421563,-365.790147490064,314.476995172827));
#1664=CARTESIAN_POINT('Ctrl Pts',(-140.243341419509,-365.564495222756,314.440371568818));
#1665=CARTESIAN_POINT('Ctrl Pts',(-140.618580685137,-365.072036680581,314.403747964809));
#1666=CARTESIAN_POINT('Ctrl Pts',(-140.704401926355,-364.533459789594,314.367124360801));
#1667=CARTESIAN_POINT('Ctrl Pts',(-140.718153160677,-364.447163006614,314.361256119404));
#1668=CARTESIAN_POINT('Ctrl Pts',(-140.72447387244,-364.359682180477,314.355387878007));
#1669=CARTESIAN_POINT('Ctrl Pts',(-140.72373939827,-364.272095214792,314.34951963661));
#1670=CARTESIAN_POINT('Ctrl Pts',(-137.421209946227,-364.590074449567,315.571));
#1671=CARTESIAN_POINT('Ctrl Pts',(-137.526151435775,-365.127594929576,315.534376395991));
#1672=CARTESIAN_POINT('Ctrl Pts',(-138.30742013787,-366.08220607085,315.461129187973));
#1673=CARTESIAN_POINT('Ctrl Pts',(-140.155769152449,-365.896976040249,315.351258375947));
#1674=CARTESIAN_POINT('Ctrl Pts',(-141.018142766294,-364.251221455528,315.24138756392));
#1675=CARTESIAN_POINT('Ctrl Pts',(-140.123075949518,-362.624340281016,315.131516751893));
#1676=CARTESIAN_POINT('Ctrl Pts',(-138.271748026302,-362.472548933625,315.021645939867));
#1677=CARTESIAN_POINT('Ctrl Pts',(-137.123786078818,-363.932787901169,314.91177512784));
#1678=CARTESIAN_POINT('Ctrl Pts',(-137.707872214409,-365.695888756506,314.801904315813));
#1679=CARTESIAN_POINT('Ctrl Pts',(-139.500580980731,-366.181819425623,314.692033503787));
#1680=CARTESIAN_POINT('Ctrl Pts',(-140.895118627169,-364.95497136934,314.58216269176));
#1681=CARTESIAN_POINT('Ctrl Pts',(-140.641617138171,-363.114971380583,314.472291879733));
#1682=CARTESIAN_POINT('Ctrl Pts',(-138.967274457645,-362.310941345181,314.362421067706));
#1683=CARTESIAN_POINT('Ctrl Pts',(-137.372759197404,-363.263518165206,314.25255025568));
#1684=CARTESIAN_POINT('Ctrl Pts',(-137.287187890236,-365.118931045102,314.142679443653));
#1685=CARTESIAN_POINT('Ctrl Pts',(-138.787256353647,-366.214228388524,314.032808631626));
#1686=CARTESIAN_POINT('Ctrl Pts',(-140.528496002728,-365.567725929298,313.9229378196));
#1687=CARTESIAN_POINT('Ctrl Pts',(-140.950283941241,-363.758865576539,313.813067007573));
#1688=CARTESIAN_POINT('Ctrl Pts',(-139.674583694085,-362.408876715192,313.703196195546));
#1689=CARTESIAN_POINT('Ctrl Pts',(-137.844768754107,-362.727715626577,313.59332538352));
#1690=CARTESIAN_POINT('Ctrl Pts',(-137.100849639833,-364.429616127512,313.483454571493));
#1691=CARTESIAN_POINT('Ctrl Pts',(-138.109579675877,-365.989213734443,313.373583759466));
#1692=CARTESIAN_POINT('Ctrl Pts',(-139.966863124066,-366.0086859361,313.26371294744));
#1693=CARTESIAN_POINT('Ctrl Pts',(-141.008070217816,-364.470580360851,313.153842135413));
#1694=CARTESIAN_POINT('Ctrl Pts',(-140.299996969241,-362.753456821845,313.043971323386));
#1695=CARTESIAN_POINT('Ctrl Pts',(-138.47726907455,-362.396323789101,312.93410051136));
#1696=CARTESIAN_POINT('Ctrl Pts',(-137.173545158808,-363.71926933416,312.824229699333));
#1697=CARTESIAN_POINT('Ctrl Pts',(-137.557315476477,-365.536575392383,312.714358887306));
#1698=CARTESIAN_POINT('Ctrl Pts',(-139.284617758209,-366.219442783519,312.60448807528));
#1699=CARTESIAN_POINT('Ctrl Pts',(-140.807320543264,-365.15583709096,312.494617263253));
#1700=CARTESIAN_POINT('Ctrl Pts',(-140.760669264085,-363.299037531646,312.384746451226));
#1701=CARTESIAN_POINT('Ctrl Pts',(-139.186475751356,-362.313240164074,312.274875639199));
#1702=CARTESIAN_POINT('Ctrl Pts',(-137.495645215399,-363.081986872793,312.165004827173));
#1703=CARTESIAN_POINT('Ctrl Pts',(-137.20361868006,-364.916272023976,312.055134015146));
#1704=CARTESIAN_POINT('Ctrl Pts',(-138.572135069424,-366.172078777304,311.945263203119));
#1705=CARTESIAN_POINT('Ctrl Pts',(-140.37462389171,-365.723863417141,311.835392391093));
#1706=CARTESIAN_POINT('Ctrl Pts',(-140.995585238572,-363.973349662199,311.725521579066));
#1707=CARTESIAN_POINT('Ctrl Pts',(-139.878427947862,-362.489471997482,311.615650767039));
#1708=CARTESIAN_POINT('Ctrl Pts',(-138.02451992,-362.602194063253,311.505779955013));
#1709=CARTESIAN_POINT('Ctrl Pts',(-137.095266743656,-364.210486017302,311.395909142986));
#1710=CARTESIAN_POINT('Ctrl Pts',(-137.923976530104,-365.872922717531,311.286038330959));
#1711=CARTESIAN_POINT('Ctrl Pts',(-139.7669457702,-366.099531063655,311.176167518933));
#1712=CARTESIAN_POINT('Ctrl Pts',(-140.974535403571,-364.687467438898,311.066296706906));
#1713=CARTESIAN_POINT('Ctrl Pts',(-140.459833050207,-362.902590487573,310.956425894879));
#1714=CARTESIAN_POINT('Ctrl Pts',(-139.283296303307,-362.531882382576,310.883178686861));
#1715=CARTESIAN_POINT('Ctrl Pts',(-138.745259635527,-362.634144432143,310.846555082853));
#1716=CARTESIAN_POINT('Ctrl Pts',(-137.294027768162,-364.614904549455,315.645814972382));
#1717=CARTESIAN_POINT('Ctrl Pts',(-137.407131723509,-365.194233970361,315.609191368374));
#1718=CARTESIAN_POINT('Ctrl Pts',(-138.249168374371,-366.223095828155,315.535944160356));
#1719=CARTESIAN_POINT('Ctrl Pts',(-140.24128403149,-366.023458399716,315.426073348329));
#1720=CARTESIAN_POINT('Ctrl Pts',(-141.170734024363,-364.249695192583,315.316202536302));
#1721=CARTESIAN_POINT('Ctrl Pts',(-140.206047914867,-362.496273390502,315.206331724276));
#1722=CARTESIAN_POINT('Ctrl Pts',(-138.210721646283,-362.332675543252,315.096460912249));
#1723=CARTESIAN_POINT('Ctrl Pts',(-136.973469941479,-363.906493522127,314.986590100222));
#1724=CARTESIAN_POINT('Ctrl Pts',(-137.60298694646,-365.806730323345,314.876719288196));
#1725=CARTESIAN_POINT('Ctrl Pts',(-139.535134594915,-366.330457220477,314.766848476169));
#1726=CARTESIAN_POINT('Ctrl Pts',(-141.03814093084,-365.008183557575,314.656977664142));
#1727=CARTESIAN_POINT('Ctrl Pts',(-140.764921814022,-363.025066322794,314.547106852116));
#1728=CARTESIAN_POINT('Ctrl Pts',(-138.960346897189,-362.158497936799,314.437236040089));
#1729=CARTESIAN_POINT('Ctrl Pts',(-137.241808466197,-363.185167241575,314.327365228062));
#1730=CARTESIAN_POINT('Ctrl Pts',(-137.149581327563,-365.184896199314,314.217494416036));
#1731=CARTESIAN_POINT('Ctrl Pts',(-138.766326784802,-366.365386988565,314.107623604009));
#1732=CARTESIAN_POINT('Ctrl Pts',(-140.643001990823,-365.668598848862,313.997752791982));
#1733=CARTESIAN_POINT('Ctrl Pts',(-141.097597064408,-363.719043325608,313.887881979955));
#1734=CARTESIAN_POINT('Ctrl Pts',(-139.722671432882,-362.264050828837,313.778011167929));
#1735=CARTESIAN_POINT('Ctrl Pts',(-137.750531451305,-362.60768938544,313.668140355902));
#1736=CARTESIAN_POINT('Ctrl Pts',(-136.948749480753,-364.441965600609,313.558269543875));
#1737=CARTESIAN_POINT('Ctrl Pts',(-138.035939661158,-366.122870444373,313.448398731849));
#1738=CARTESIAN_POINT('Ctrl Pts',(-140.037684682073,-366.143857215538,313.338527919822));
#1739=CARTESIAN_POINT('Ctrl Pts',(-141.15987802186,-364.486116077587,313.228657107795));
#1740=CARTESIAN_POINT('Ctrl Pts',(-140.396730048318,-362.635432759512,313.118786295769));
#1741=CARTESIAN_POINT('Ctrl Pts',(-138.432228350293,-362.250521522191,313.008915483742));
#1742=CARTESIAN_POINT('Ctrl Pts',(-137.027099338064,-363.676367243448,312.899044671715));
#1743=CARTESIAN_POINT('Ctrl Pts',(-137.440719737964,-365.635025388533,312.789173859689));
#1744=CARTESIAN_POINT('Ctrl Pts',(-139.302373512699,-366.371006965004,312.679303047662));
#1745=CARTESIAN_POINT('Ctrl Pts',(-140.943513814298,-365.224672838475,312.569432235635));
#1746=CARTESIAN_POINT('Ctrl Pts',(-140.893233946728,-363.223449343849,312.459561423608));
#1747=CARTESIAN_POINT('Ctrl Pts',(-139.196597911375,-362.160975560383,312.349690611582));
#1748=CARTESIAN_POINT('Ctrl Pts',(-137.374252695375,-362.989516243295,312.239819799555));
#1749=CARTESIAN_POINT('Ctrl Pts',(-137.059512011254,-364.966474134077,312.129948987529));
#1750=CARTESIAN_POINT('Ctrl Pts',(-138.534473127782,-366.319958933695,312.020078175502));
#1751=CARTESIAN_POINT('Ctrl Pts',(-140.477161535835,-365.836880884205,311.910207363475));
#1752=CARTESIAN_POINT('Ctrl Pts',(-141.146421947042,-363.950210222053,311.800336551449));
#1753=CARTESIAN_POINT('Ctrl Pts',(-139.942370919484,-362.350914901842,311.690465739422));
#1754=CARTESIAN_POINT('Ctrl Pts',(-137.944263862844,-362.472404615285,311.580594927395));
#1755=CARTESIAN_POINT('Ctrl Pts',(-136.942732340702,-364.205791306657,311.470724115368));
#1756=CARTESIAN_POINT('Ctrl Pts',(-137.835900096233,-365.997534182799,311.360853303342));
#1757=CARTESIAN_POINT('Ctrl Pts',(-139.822217534026,-366.241768378173,311.250982491315));
#1758=CARTESIAN_POINT('Ctrl Pts',(-141.123734832457,-364.71987287384,311.141111679288));
#1759=CARTESIAN_POINT('Ctrl Pts',(-140.56899835747,-362.796166207663,311.031240867262));
#1760=CARTESIAN_POINT('Ctrl Pts',(-139.300949273564,-362.396624013867,310.957993659244));
#1761=CARTESIAN_POINT('Ctrl Pts',(-138.721063515228,-362.506840119411,310.921370055235));
#1762=CARTESIAN_POINT('Ctrl Pts',(-137.166845590097,-364.639734649342,315.720629944765));
#1763=CARTESIAN_POINT('Ctrl Pts',(-137.288112011243,-365.260873011145,315.684006340756));
#1764=CARTESIAN_POINT('Ctrl Pts',(-138.190916610872,-366.36398558546,315.610759132738));
#1765=CARTESIAN_POINT('Ctrl Pts',(-140.326798910532,-366.149940759182,315.500888320712));
#1766=CARTESIAN_POINT('Ctrl Pts',(-141.323325282433,-364.248168929639,315.391017508685));
#1767=CARTESIAN_POINT('Ctrl Pts',(-140.289019880215,-362.368206499989,315.281146696658));
#1768=CARTESIAN_POINT('Ctrl Pts',(-138.149695266263,-362.192802152879,315.171275884632));
#1769=CARTESIAN_POINT('Ctrl Pts',(-136.823153804139,-363.880199143084,315.061405072605));
#1770=CARTESIAN_POINT('Ctrl Pts',(-137.49810167851,-365.917571890184,314.951534260578));
#1771=CARTESIAN_POINT('Ctrl Pts',(-139.5696882091,-366.47909501533,314.841663448551));
#1772=CARTESIAN_POINT('Ctrl Pts',(-141.181163234511,-365.06139574581,314.731792636525));
#1773=CARTESIAN_POINT('Ctrl Pts',(-140.888226489872,-362.935161265005,314.621921824498));
#1774=CARTESIAN_POINT('Ctrl Pts',(-138.953419336734,-362.006054528417,314.512051012471));
#1775=CARTESIAN_POINT('Ctrl Pts',(-137.11085773499,-363.106816317944,314.402180200445));
#1776=CARTESIAN_POINT('Ctrl Pts',(-137.011974764891,-365.250861353526,314.292309388418));
#1777=CARTESIAN_POINT('Ctrl Pts',(-138.745397215958,-366.516545588606,314.182438576391));
#1778=CARTESIAN_POINT('Ctrl Pts',(-140.757507978917,-365.769471768426,314.072567764365));
#1779=CARTESIAN_POINT('Ctrl Pts',(-141.244910187576,-363.679221074677,313.962696952338));
#1780=CARTESIAN_POINT('Ctrl Pts',(-139.77075917168,-362.119224942482,313.852826140311));
#1781=CARTESIAN_POINT('Ctrl Pts',(-137.656294148503,-362.487663144303,313.742955328285));
#1782=CARTESIAN_POINT('Ctrl Pts',(-136.796649321674,-364.454315073706,313.633084516258));
#1783=CARTESIAN_POINT('Ctrl Pts',(-137.962299646439,-366.256527154304,313.523213704231));
#1784=CARTESIAN_POINT('Ctrl Pts',(-140.108506240079,-366.279028494975,313.413342892204));
#1785=CARTESIAN_POINT('Ctrl Pts',(-141.311685825904,-364.501651794323,313.303472080178));
#1786=CARTESIAN_POINT('Ctrl Pts',(-140.493463127395,-362.517408697179,313.193601268151));
#1787=CARTESIAN_POINT('Ctrl Pts',(-138.387187626037,-362.10471925528,313.083730456124));
#1788=CARTESIAN_POINT('Ctrl Pts',(-136.88065351732,-363.633465152736,312.973859644098));
#1789=CARTESIAN_POINT('Ctrl Pts',(-137.324123999452,-365.733475384683,312.863988832071));
#1790=CARTESIAN_POINT('Ctrl Pts',(-139.320129267188,-366.522571146489,312.754118020044));
#1791=CARTESIAN_POINT('Ctrl Pts',(-141.079707085332,-365.29350858599,312.644247208018));
#1792=CARTESIAN_POINT('Ctrl Pts',(-141.02579862937,-363.147861156053,312.534376395991));
#1793=CARTESIAN_POINT('Ctrl Pts',(-139.206720071394,-362.008710956692,312.424505583965));
#1794=CARTESIAN_POINT('Ctrl Pts',(-137.252860175352,-362.897045613796,312.314634771938));
#1795=CARTESIAN_POINT('Ctrl Pts',(-136.915405342449,-365.016676244179,312.204763959911));
#1796=CARTESIAN_POINT('Ctrl Pts',(-138.496811186141,-366.467839090087,312.094893147884));
#1797=CARTESIAN_POINT('Ctrl Pts',(-140.57969917996,-365.949898351268,311.985022335858));
#1798=CARTESIAN_POINT('Ctrl Pts',(-141.297258655511,-363.927070781906,311.875151523831));
#1799=CARTESIAN_POINT('Ctrl Pts',(-140.006313891105,-362.212357806201,311.765280711804));
#1800=CARTESIAN_POINT('Ctrl Pts',(-137.864007805688,-362.342615167317,311.655409899778));
#1801=CARTESIAN_POINT('Ctrl Pts',(-136.790197937747,-364.201096596011,311.545539087751));
#1802=CARTESIAN_POINT('Ctrl Pts',(-137.747823662362,-366.122145648067,311.435668275724));
#1803=CARTESIAN_POINT('Ctrl Pts',(-139.877489297852,-366.384005692692,311.325797463698));
#1804=CARTESIAN_POINT('Ctrl Pts',(-141.272934261344,-364.752278308782,311.215926651671));
#1805=CARTESIAN_POINT('Ctrl Pts',(-140.678163664734,-362.689741927753,311.106055839644));
#1806=CARTESIAN_POINT('Ctrl Pts',(-139.318602243821,-362.261365645158,311.032808631626));
#1807=CARTESIAN_POINT('Ctrl Pts',(-138.696867394929,-362.379535806679,310.996185027618));
#1808=CARTESIAN_POINT('Ctrl Pts',(-137.039663412032,-364.664564749229,315.795444917147));
#1809=CARTESIAN_POINT('Ctrl Pts',(-137.169092298976,-365.327512051929,315.758821313139));
#1810=CARTESIAN_POINT('Ctrl Pts',(-138.132664847373,-366.504875342765,315.685574105121));
#1811=CARTESIAN_POINT('Ctrl Pts',(-140.412313789574,-366.276423118649,315.575703293094));
#1812=CARTESIAN_POINT('Ctrl Pts',(-141.475916540503,-364.246642666695,315.465832481067));
#1813=CARTESIAN_POINT('Ctrl Pts',(-140.371991845563,-362.240139609475,315.355961669041));
#1814=CARTESIAN_POINT('Ctrl Pts',(-138.088668886243,-362.052928762505,315.246090857014));
#1815=CARTESIAN_POINT('Ctrl Pts',(-136.672837666799,-363.853904764042,315.136220044987));
#1816=CARTESIAN_POINT('Ctrl Pts',(-137.39321641056,-366.028413457022,315.026349232961));
#1817=CARTESIAN_POINT('Ctrl Pts',(-139.604241823285,-366.627732810184,314.916478420934));
#1818=CARTESIAN_POINT('Ctrl Pts',(-141.324185538182,-365.114607934045,314.806607608907));
#1819=CARTESIAN_POINT('Ctrl Pts',(-141.011531165722,-362.845256207215,314.696736796881));
#1820=CARTESIAN_POINT('Ctrl Pts',(-138.946491776279,-361.853611120035,314.586865984854));
#1821=CARTESIAN_POINT('Ctrl Pts',(-136.979907003782,-363.028465394313,314.476995172827));
#1822=CARTESIAN_POINT('Ctrl Pts',(-136.874368202219,-365.316826507737,314.367124360801));
#1823=CARTESIAN_POINT('Ctrl Pts',(-138.724467647113,-366.667704188648,314.257253548774));
#1824=CARTESIAN_POINT('Ctrl Pts',(-140.872013967012,-365.870344687991,314.147382736747));
#1825=CARTESIAN_POINT('Ctrl Pts',(-141.392223310744,-363.639398823746,314.03751192472));
#1826=CARTESIAN_POINT('Ctrl Pts',(-139.818846910478,-361.974399056128,313.927641112694));
#1827=CARTESIAN_POINT('Ctrl Pts',(-137.562056845701,-362.367636903167,313.817770300667));
#1828=CARTESIAN_POINT('Ctrl Pts',(-136.644549162594,-364.466664546803,313.70789948864));
#1829=CARTESIAN_POINT('Ctrl Pts',(-137.888659631719,-366.390183864234,313.598028676614));
#1830=CARTESIAN_POINT('Ctrl Pts',(-140.179327798086,-366.414199774412,313.488157864587));
#1831=CARTESIAN_POINT('Ctrl Pts',(-141.463493629948,-364.51718751106,313.37828705256));
#1832=CARTESIAN_POINT('Ctrl Pts',(-140.590196206472,-362.399384634846,313.268416240534));
#1833=CARTESIAN_POINT('Ctrl Pts',(-138.342146901781,-361.958916988369,313.158545428507));
#1834=CARTESIAN_POINT('Ctrl Pts',(-136.734207696576,-363.590563062024,313.04867461648));
#1835=CARTESIAN_POINT('Ctrl Pts',(-137.20752826094,-365.831925380832,312.938803804454));
#1836=CARTESIAN_POINT('Ctrl Pts',(-139.337885021678,-366.674135327974,312.828932992427));
#1837=CARTESIAN_POINT('Ctrl Pts',(-141.215900356366,-365.362344333504,312.7190621804));
#1838=CARTESIAN_POINT('Ctrl Pts',(-141.158363312013,-363.072272968257,312.609191368373));
#1839=CARTESIAN_POINT('Ctrl Pts',(-139.216842231413,-361.856446353001,312.499320556347));
#1840=CARTESIAN_POINT('Ctrl Pts',(-137.131467655328,-362.804574984298,312.38944974432));
#1841=CARTESIAN_POINT('Ctrl Pts',(-136.771298673643,-365.066878354281,312.279578932294));
#1842=CARTESIAN_POINT('Ctrl Pts',(-138.459149244499,-366.615719246478,312.169708120267));
#1843=CARTESIAN_POINT('Ctrl Pts',(-140.682236824085,-366.062915818331,312.05983730824));
#1844=CARTESIAN_POINT('Ctrl Pts',(-141.448095363981,-363.90393134176,311.949966496214));
#1845=CARTESIAN_POINT('Ctrl Pts',(-140.070256862727,-362.073800710561,311.840095684187));
#1846=CARTESIAN_POINT('Ctrl Pts',(-137.783751748532,-362.21282571935,311.73022487216));
#1847=CARTESIAN_POINT('Ctrl Pts',(-136.637663534792,-364.196401885366,311.620354060133));
#1848=CARTESIAN_POINT('Ctrl Pts',(-137.659747228491,-366.246757113334,311.510483248107));
#1849=CARTESIAN_POINT('Ctrl Pts',(-139.932761061678,-366.52624300721,311.40061243608));
#1850=CARTESIAN_POINT('Ctrl Pts',(-141.42213369023,-364.784683743723,311.290741624053));
#1851=CARTESIAN_POINT('Ctrl Pts',(-140.787328971997,-362.583317647844,311.180870812027));
#1852=CARTESIAN_POINT('Ctrl Pts',(-139.336255214079,-362.12610727645,311.107623604009));
#1853=CARTESIAN_POINT('Ctrl Pts',(-138.67267127463,-362.252231493946,311.071));
#1854=CARTESIAN_POINT('Ctrl Pts',(-137.421209946227,-364.590074449567,315.571));
#1855=CARTESIAN_POINT('Ctrl Pts',(-137.426005668232,-364.651834222127,315.571));
#1856=CARTESIAN_POINT('Ctrl Pts',(-137.434512907807,-364.713064847628,315.571));
#1857=CARTESIAN_POINT('Ctrl Pts',(-137.446460894099,-364.77355167908,315.571));
#1858=CARTESIAN_POINT('Ctrl Pts',(-137.459037586908,-364.837221345208,315.571));
#1859=CARTESIAN_POINT('Ctrl Pts',(-137.475426517586,-364.900067582159,315.571));
#1860=CARTESIAN_POINT('Ctrl Pts',(-137.495369954291,-364.961851207152,315.571));
#1861=CARTESIAN_POINT('Ctrl Pts',(-137.512820461409,-365.015911879022,315.571));
#1862=CARTESIAN_POINT('Ctrl Pts',(-137.532993439267,-365.069159529822,315.571));
#1863=CARTESIAN_POINT('Ctrl Pts',(-137.555750282896,-365.121433376793,315.571));
#1864=CARTESIAN_POINT('Ctrl Pts',(-137.566665455596,-365.146506189026,315.571));
#1865=CARTESIAN_POINT('Ctrl Pts',(-137.57817551602,-365.171354916024,315.571));
#1866=CARTESIAN_POINT('Ctrl Pts',(-137.590267548553,-365.195961278123,315.571));
#1867=CARTESIAN_POINT('Ctrl Pts',(-137.597575953453,-365.210833323567,315.571));
#1868=CARTESIAN_POINT('Ctrl Pts',(-137.60510006051,-365.225622359251,315.571));
#1869=CARTESIAN_POINT('Ctrl Pts',(-137.612820502862,-365.240293336026,315.571));
#1870=CARTESIAN_POINT('Ctrl Pts',(-137.643999020173,-365.299541146254,315.571));
#1871=CARTESIAN_POINT('Ctrl Pts',(-137.678410723224,-365.35694191758,315.571));
#1872=CARTESIAN_POINT('Ctrl Pts',(-137.715790402652,-365.412253491531,315.571));
#1873=CARTESIAN_POINT('Ctrl Pts',(-137.753842948386,-365.468560721277,315.571));
#1874=CARTESIAN_POINT('Ctrl Pts',(-137.794971592607,-365.522703822963,315.571));
#1875=CARTESIAN_POINT('Ctrl Pts',(-137.838949579747,-365.574419398822,315.571));
#1876=CARTESIAN_POINT('Ctrl Pts',(-137.874631749275,-365.616379571741,315.571));
#1877=CARTESIAN_POINT('Ctrl Pts',(-137.912190789982,-365.656741752204,315.571));
#1878=CARTESIAN_POINT('Ctrl Pts',(-137.951528187919,-365.695354745484,315.571));
#1879=CARTESIAN_POINT('Ctrl Pts',(-137.969007584208,-365.712512255815,315.571));
#1880=CARTESIAN_POINT('Ctrl Pts',(-137.986838354022,-365.729324240796,315.571));
#1881=CARTESIAN_POINT('Ctrl Pts',(-138.005012988727,-365.745776536258,315.571));
#1882=CARTESIAN_POINT('Ctrl Pts',(-138.016299477145,-365.755993448189,315.571));
#1883=CARTESIAN_POINT('Ctrl Pts',(-138.027721943761,-365.76607434949,315.571));
#1884=CARTESIAN_POINT('Ctrl Pts',(-138.03925686098,-365.775997437679,315.571));
#1885=CARTESIAN_POINT('Ctrl Pts',(-138.092472461642,-365.821776968507,315.571));
#1886=CARTESIAN_POINT('Ctrl Pts',(-138.148156387107,-365.864273627905,315.571));
#1887=CARTESIAN_POINT('Ctrl Pts',(-138.206060208492,-365.903218497566,315.571));
#1888=CARTESIAN_POINT('Ctrl Pts',(-138.251849362275,-365.934015301357,315.571));
#1889=CARTESIAN_POINT('Ctrl Pts',(-138.299027811915,-365.962590992521,315.571));
#1890=CARTESIAN_POINT('Ctrl Pts',(-138.347492545724,-365.98880077248,315.571));
#1891=CARTESIAN_POINT('Ctrl Pts',(-138.407147174109,-366.021062059412,315.571));
#1892=CARTESIAN_POINT('Ctrl Pts',(-138.468749995166,-366.049740636637,315.571));
#1893=CARTESIAN_POINT('Ctrl Pts',(-138.53198039977,-366.074892277106,315.571));
#1894=CARTESIAN_POINT('Ctrl Pts',(-138.5586191044,-366.085488557893,315.571));
#1895=CARTESIAN_POINT('Ctrl Pts',(-138.585547060834,-366.095458319152,315.571));
#1896=CARTESIAN_POINT('Ctrl Pts',(-138.612741681012,-366.104803405527,315.571));
#1897=CARTESIAN_POINT('Ctrl Pts',(-138.628257695159,-366.110135287033,315.571));
#1898=CARTESIAN_POINT('Ctrl Pts',(-138.643865769388,-366.115265291041,315.571));
#1899=CARTESIAN_POINT('Ctrl Pts',(-138.659531168676,-366.120184371753,315.571));
#1900=CARTESIAN_POINT('Ctrl Pts',(-138.7263605803,-366.141169427012,315.571));
#1901=CARTESIAN_POINT('Ctrl Pts',(-138.794317934925,-366.1583520087,315.571));
#1902=CARTESIAN_POINT('Ctrl Pts',(-138.863037712979,-366.171832715611,315.571));
#1903=CARTESIAN_POINT('Ctrl Pts',(-138.933314337846,-366.185618827984,315.571));
#1904=CARTESIAN_POINT('Ctrl Pts',(-139.004389156285,-366.195533719943,315.571));
#1905=CARTESIAN_POINT('Ctrl Pts',(-139.075903191659,-366.201639030137,315.571));
#1906=CARTESIAN_POINT('Ctrl Pts',(-139.128122219725,-366.206097083198,315.571));
#1907=CARTESIAN_POINT('Ctrl Pts',(-139.180576164976,-366.208522983201,315.571));
#1908=CARTESIAN_POINT('Ctrl Pts',(-139.233131575359,-366.208924506843,315.571));
#1909=CARTESIAN_POINT('Ctrl Pts',(-139.259521890529,-366.209126129005,315.571));
#1910=CARTESIAN_POINT('Ctrl Pts',(-139.285937848589,-366.208817091866,315.571));
#1911=CARTESIAN_POINT('Ctrl Pts',(-139.312362770023,-366.207997040665,315.571));
#1912=CARTESIAN_POINT('Ctrl Pts',(-139.330125377813,-366.207445809211,315.571));
#1913=CARTESIAN_POINT('Ctrl Pts',(-139.347892037911,-366.206663661861,315.571));
#1914=CARTESIAN_POINT('Ctrl Pts',(-139.365657689835,-366.205650259243,315.571));
#1915=CARTESIAN_POINT('Ctrl Pts',(-139.377428172936,-366.204978837872,315.571));
#1916=CARTESIAN_POINT('Ctrl Pts',(-139.389195695773,-366.204205994045,315.571));
#1917=CARTESIAN_POINT('Ctrl Pts',(-139.400950097099,-366.203332509938,315.571));
#1918=CARTESIAN_POINT('Ctrl Pts',(-139.475463304329,-366.197795341305,315.571));
#1919=CARTESIAN_POINT('Ctrl Pts',(-139.549548058633,-366.188212616194,315.571));
#1920=CARTESIAN_POINT('Ctrl Pts',(-139.622822383726,-366.174634075652,315.571));
#1921=CARTESIAN_POINT('Ctrl Pts',(-139.673767074565,-366.165193462598,315.571));
#1922=CARTESIAN_POINT('Ctrl Pts',(-139.724320494493,-366.153820285075,315.571));
#1923=CARTESIAN_POINT('Ctrl Pts',(-139.774356319442,-366.140516547501,315.571));
#1924=CARTESIAN_POINT('Ctrl Pts',(-139.792866553844,-366.13559496779,315.571));
#1925=CARTESIAN_POINT('Ctrl Pts',(-139.811305951805,-366.130409060147,315.571));
#1926=CARTESIAN_POINT('Ctrl Pts',(-139.82966808615,-366.124958498567,315.571));
#1927=CARTESIAN_POINT('Ctrl Pts',(-139.844191676486,-366.120647359022,315.571));
#1928=CARTESIAN_POINT('Ctrl Pts',(-139.858664509436,-366.116171276621,315.571));
#1929=CARTESIAN_POINT('Ctrl Pts',(-139.873073081869,-366.111533746608,315.571));
#1930=CARTESIAN_POINT('Ctrl Pts',(-139.944775710611,-366.088455603764,315.571));
#1931=CARTESIAN_POINT('Ctrl Pts',(-140.014960052713,-366.06136200209,315.571));
#1932=CARTESIAN_POINT('Ctrl Pts',(-140.083245709053,-366.030277361577,315.571));
#1933=CARTESIAN_POINT('Ctrl Pts',(-140.124576826507,-366.011462825744,315.571));
#1934=CARTESIAN_POINT('Ctrl Pts',(-140.16521244544,-365.991185188199,315.571));
#1935=CARTESIAN_POINT('Ctrl Pts',(-140.205067005259,-365.969440618977,315.571));
#1936=CARTESIAN_POINT('Ctrl Pts',(-140.230386253834,-365.955626486897,315.571));
#1937=CARTESIAN_POINT('Ctrl Pts',(-140.255390243857,-365.941220169437,315.571));
#1938=CARTESIAN_POINT('Ctrl Pts',(-140.28007089179,-365.926240522309,315.571));
#1939=CARTESIAN_POINT('Ctrl Pts',(-140.720795181009,-364.271906404386,314.54248036339));
#1940=CARTESIAN_POINT('Ctrl Pts',(-140.721985850467,-364.470228371206,314.55570780618));
#1941=CARTESIAN_POINT('Ctrl Pts',(-140.689130606517,-364.668169126458,314.56893524897));
#1942=CARTESIAN_POINT('Ctrl Pts',(-140.62044543793,-364.852779380594,314.58216269176));
#1943=CARTESIAN_POINT('Ctrl Pts',(-140.430272745023,-365.363920721434,314.618786295769));
#1944=CARTESIAN_POINT('Ctrl Pts',(-139.965426862877,-365.772870073529,314.655409899778));
#1945=CARTESIAN_POINT('Ctrl Pts',(-139.434219127417,-365.896356304723,314.692033503787));
#1946=CARTESIAN_POINT('Ctrl Pts',(-138.903011391957,-366.019842535917,314.728657107795));
#1947=CARTESIAN_POINT('Ctrl Pts',(-138.305441803183,-365.857865646212,314.765280711804));
#1948=CARTESIAN_POINT('Ctrl Pts',(-137.909309319531,-365.483027058803,314.801904315813));
#1949=CARTESIAN_POINT('Ctrl Pts',(-137.513176835879,-365.108188471394,314.838527919822));
#1950=CARTESIAN_POINT('Ctrl Pts',(-137.318481457349,-364.520488186281,314.875151523831));
#1951=CARTESIAN_POINT('Ctrl Pts',(-137.412460759331,-363.983264882468,314.91177512784));
#1952=CARTESIAN_POINT('Ctrl Pts',(-137.506440061313,-363.446041578654,314.948398731849));
#1953=CARTESIAN_POINT('Ctrl Pts',(-137.889094043808,-362.95929525614,314.985022335858));
#1954=CARTESIAN_POINT('Ctrl Pts',(-138.388975688924,-362.741220652781,315.021645939867));
#1955=CARTESIAN_POINT('Ctrl Pts',(-138.888857334041,-362.523146049422,315.058269543875));
#1956=CARTESIAN_POINT('Ctrl Pts',(-139.50596664178,-362.573743165219,315.094893147884));
#1957=CARTESIAN_POINT('Ctrl Pts',(-139.963699098445,-362.870188585536,315.131516751893));
#1958=CARTESIAN_POINT('Ctrl Pts',(-140.42143155511,-363.166634005853,315.168140355902));
#1959=CARTESIAN_POINT('Ctrl Pts',(-140.719787160702,-363.708927730691,315.204763959911));
#1960=CARTESIAN_POINT('Ctrl Pts',(-140.725236027857,-364.254367023896,315.24138756392));
#1961=CARTESIAN_POINT('Ctrl Pts',(-140.725290223499,-364.259792084107,315.24175183041));
#1962=CARTESIAN_POINT('Ctrl Pts',(-140.725315442659,-364.265217455502,315.2421160969));
#1963=CARTESIAN_POINT('Ctrl Pts',(-140.725311811852,-364.270642895469,315.24248036339));
#1964=CARTESIAN_POINT('Ctrl Pts',(-140.671092535158,-364.693400240279,311.071));
#1965=CARTESIAN_POINT('Ctrl Pts',(-140.679731026737,-364.67146016012,311.071));
#1966=CARTESIAN_POINT('Ctrl Pts',(-140.68785814969,-364.649344063816,311.071));
#1967=CARTESIAN_POINT('Ctrl Pts',(-140.695462661138,-364.627065245692,311.071));
#1968=CARTESIAN_POINT('Ctrl Pts',(-140.715618482129,-364.568015052515,311.071));
#1969=CARTESIAN_POINT('Ctrl Pts',(-140.732106180024,-364.507823834958,311.071));
#1970=CARTESIAN_POINT('Ctrl Pts',(-140.745067227563,-364.446798610117,311.071));
#1971=CARTESIAN_POINT('Ctrl Pts',(-140.752361470879,-364.412454716453,311.071));
#1972=CARTESIAN_POINT('Ctrl Pts',(-140.758537949533,-364.377846106874,311.071));
#1973=CARTESIAN_POINT('Ctrl Pts',(-140.763615763611,-364.343024067033,311.071));
#1974=CARTESIAN_POINT('Ctrl Pts',(-140.76564768852,-364.329089769904,311.071));
#1975=CARTESIAN_POINT('Ctrl Pts',(-140.767503907736,-364.315118997064,311.071));
#1976=CARTESIAN_POINT('Ctrl Pts',(-140.76918457019,-364.3011223888,311.071));
#1977=CARTESIAN_POINT('Ctrl Pts',(-140.776976924054,-364.236227427776,311.071));
#1978=CARTESIAN_POINT('Ctrl Pts',(-140.780987078108,-364.170891358779,311.071));
#1979=CARTESIAN_POINT('Ctrl Pts',(-140.781362820875,-364.105447653984,311.071));
#1980=CARTESIAN_POINT('Ctrl Pts',(-140.781655581846,-364.05445701838,311.071));
#1981=CARTESIAN_POINT('Ctrl Pts',(-140.779740998461,-364.003400248492,311.071));
#1982=CARTESIAN_POINT('Ctrl Pts',(-140.775668700506,-363.95242689418,311.071));
#1983=CARTESIAN_POINT('Ctrl Pts',(-140.774441240864,-363.937062661031,311.071));
#1984=CARTESIAN_POINT('Ctrl Pts',(-140.773017626464,-363.921705974855,311.071));
#1985=CARTESIAN_POINT('Ctrl Pts',(-140.771398901913,-363.906360867405,311.071));
#1986=CARTESIAN_POINT('Ctrl Pts',(-140.770070123765,-363.893764379964,311.071));
#1987=CARTESIAN_POINT('Ctrl Pts',(-140.768609909217,-363.88117690501,311.071));
#1988=CARTESIAN_POINT('Ctrl Pts',(-140.767020687097,-363.868613192733,311.071));
#1989=CARTESIAN_POINT('Ctrl Pts',(-140.75853823389,-363.801554535461,311.071));
#1990=CARTESIAN_POINT('Ctrl Pts',(-140.746374923136,-363.735079127169,311.071));
#1991=CARTESIAN_POINT('Ctrl Pts',(-140.730678692606,-363.669524905641,311.071));
#1992=CARTESIAN_POINT('Ctrl Pts',(-140.714665043993,-363.60264500944,311.071));
#1993=CARTESIAN_POINT('Ctrl Pts',(-140.694974240503,-363.536722882325,311.071));
#1994=CARTESIAN_POINT('Ctrl Pts',(-140.671710887563,-363.472105807261,311.071));
#1995=CARTESIAN_POINT('Ctrl Pts',(-140.65538076824,-363.426746716127,311.071));
#1996=CARTESIAN_POINT('Ctrl Pts',(-140.637289139287,-363.382030428177,311.071));
#1997=CARTESIAN_POINT('Ctrl Pts',(-140.617456882886,-363.338078166486,311.071));
#1998=CARTESIAN_POINT('Ctrl Pts',(-140.607051091648,-363.315016844045,311.071));
#1999=CARTESIAN_POINT('Ctrl Pts',(-140.596165897706,-363.292165897156,311.071));
#2000=CARTESIAN_POINT('Ctrl Pts',(-140.58480294819,-363.269543259506,311.071));
#2001=CARTESIAN_POINT('Ctrl Pts',(-140.579369865091,-363.258726466729,311.071));
#2002=CARTESIAN_POINT('Ctrl Pts',(-140.573827544665,-363.247961875087,311.071));
#2003=CARTESIAN_POINT('Ctrl Pts',(-140.568176091487,-363.237251479457,311.071));
#2004=CARTESIAN_POINT('Ctrl Pts',(-140.562303839127,-363.226122634533,311.071));
#2005=CARTESIAN_POINT('Ctrl Pts',(-140.55631750851,-363.215059512069,311.071));
#2006=CARTESIAN_POINT('Ctrl Pts',(-140.550221124332,-363.204070165199,311.071));
#2007=CARTESIAN_POINT('Ctrl Pts',(-140.515926386474,-363.142250444002,311.071));
#2008=CARTESIAN_POINT('Ctrl Pts',(-140.478121497919,-363.082705069467,311.071));
#2009=CARTESIAN_POINT('Ctrl Pts',(-140.436926220278,-363.025791417945,311.071));
#2010=CARTESIAN_POINT('Ctrl Pts',(-140.422954768668,-363.006489051903,311.071));
#2011=CARTESIAN_POINT('Ctrl Pts',(-140.408592899321,-362.98748942317,311.071));
#2012=CARTESIAN_POINT('Ctrl Pts',(-140.393843936831,-362.968806679724,311.071));
#2013=CARTESIAN_POINT('Ctrl Pts',(-140.351778241942,-362.915521400435,311.071));
#2014=CARTESIAN_POINT('Ctrl Pts',(-140.306567184887,-362.864811897745,311.071));
#2015=CARTESIAN_POINT('Ctrl Pts',(-140.258529885572,-362.816740683451,311.071));
#2016=CARTESIAN_POINT('Ctrl Pts',(-140.233138328468,-362.791331199567,311.071));
#2017=CARTESIAN_POINT('Ctrl Pts',(-140.20695633218,-362.766659258549,311.071));
#2018=CARTESIAN_POINT('Ctrl Pts',(-140.180026247553,-362.742737247597,311.071));
#2019=CARTESIAN_POINT('Ctrl Pts',(-140.157393351788,-362.722632432188,311.071));
#2020=CARTESIAN_POINT('Ctrl Pts',(-140.134231998205,-362.703057344583,311.071));
#2021=CARTESIAN_POINT('Ctrl Pts',(-140.110565808555,-362.684020716483,311.071));
#2022=CARTESIAN_POINT('Ctrl Pts',(-140.101431260342,-362.676673061464,311.071));
#2023=CARTESIAN_POINT('Ctrl Pts',(-140.092228411384,-362.669411227377,311.071));
#2024=CARTESIAN_POINT('Ctrl Pts',(-140.082961141459,-362.662237067271,311.071));
#2025=CARTESIAN_POINT('Ctrl Pts',(-140.026974391707,-362.6188955104,311.071));
#2026=CARTESIAN_POINT('Ctrl Pts',(-139.968615531334,-362.578731777933,311.071));
#2027=CARTESIAN_POINT('Ctrl Pts',(-139.908249639659,-362.541797782024,311.071));
#2028=CARTESIAN_POINT('Ctrl Pts',(-139.846657556916,-362.504113558882,311.071));
#2029=CARTESIAN_POINT('Ctrl Pts',(-139.782975400032,-362.4697910276,311.071));
#2030=CARTESIAN_POINT('Ctrl Pts',(-139.717545873627,-362.438917136092,311.071));
#2031=CARTESIAN_POINT('Ctrl Pts',(-139.651685163397,-362.407839784107,311.071));
#2032=CARTESIAN_POINT('Ctrl Pts',(-139.584053122191,-362.380256105915,311.071));
#2033=CARTESIAN_POINT('Ctrl Pts',(-139.514965855625,-362.35629535073,311.071));
#2034=CARTESIAN_POINT('Ctrl Pts',(-139.498074123346,-362.350436982294,311.071));
#2035=CARTESIAN_POINT('Ctrl Pts',(-139.481095277393,-362.344795402364,311.071));
#2036=CARTESIAN_POINT('Ctrl Pts',(-139.464033728817,-362.339372927013,311.071));
#2037=CARTESIAN_POINT('Ctrl Pts',(-139.450140935482,-362.334957540621,311.071));
#2038=CARTESIAN_POINT('Ctrl Pts',(-139.43619101125,-362.330686877433,311.071));
#2039=CARTESIAN_POINT('Ctrl Pts',(-139.422208717815,-362.326568517816,311.071));
#2040=CARTESIAN_POINT('Ctrl Pts',(-139.350130864977,-362.305338630189,311.071));
#2041=CARTESIAN_POINT('Ctrl Pts',(-139.277071552147,-362.288111733387,311.071));
#2042=CARTESIAN_POINT('Ctrl Pts',(-139.203398060179,-362.274969405634,311.071));
#2043=CARTESIAN_POINT('Ctrl Pts',(-139.129600266431,-362.26180490417,311.071));
#2044=CARTESIAN_POINT('Ctrl Pts',(-139.055185270697,-362.25273824173,311.071));
#2045=CARTESIAN_POINT('Ctrl Pts',(-138.980493186604,-362.24789469951,311.071));
#2046=CARTESIAN_POINT('Ctrl Pts',(-138.907438281016,-362.243157323068,311.071));
#2047=CARTESIAN_POINT('Ctrl Pts',(-138.834117343719,-362.242459643293,311.071));
#2048=CARTESIAN_POINT('Ctrl Pts',(-138.760835069895,-362.245966197544,311.071));
#2049=CARTESIAN_POINT('Ctrl Pts',(-138.731434468706,-362.247373015287,311.071));
#2050=CARTESIAN_POINT('Ctrl Pts',(-138.702040014081,-362.249457108375,311.071));
#2051=CARTESIAN_POINT('Ctrl Pts',(-138.67267127463,-362.252231493946,311.071));
#2052=CARTESIAN_POINT('Origin',(-164.521410661138,-355.228161891586,315.571));
#2053=CARTESIAN_POINT('',(-130.582021995923,-374.119942874237,315.571));
#2054=CARTESIAN_POINT('Origin',(-48.7831567088122,-365.234897137658,315.571));
#2055=CARTESIAN_POINT('',(-179.595355876069,-373.926418377178,315.571));
#2056=CARTESIAN_POINT('',(-179.558324807152,-364.547677327023,315.571));
#2057=CARTESIAN_POINT('',(-164.595472798973,-373.985643991896,315.571));
#2058=CARTESIAN_POINT('Origin',(-139.056339273478,-364.270843994938,315.571));
#2059=CARTESIAN_POINT('Origin',(-48.7831567088122,-365.234897137658,313.070530618692));
#2060=CARTESIAN_POINT('',(-130.582021995923,-374.119942874237,311.071));
#2061=CARTESIAN_POINT('',(-130.582021995923,-374.119942874237,313.070530618692));
#2062=CARTESIAN_POINT('Origin',(-48.7831567088122,-365.234897137658,311.071));
#2063=CARTESIAN_POINT('Origin',(-164.595472798973,-373.985643991896,311.071));
#2064=CARTESIAN_POINT('',(-164.595472798973,-373.985643991896,311.071));
#2065=CARTESIAN_POINT('Origin',(-3802.30666840492,-354.913300927277,-9125.03649631917));
#2066=CARTESIAN_POINT('',(-179.595355876069,-373.926418377178,194.6));
#2067=CARTESIAN_POINT('',(-164.595472798973,-373.985643991896,188.755249214821));
#2068=CARTESIAN_POINT('Origin',(-3802.32526188767,-359.622413170043,-9125.03649631917));
#2069=CARTESIAN_POINT('',(-179.576762393312,-369.217306134413,194.6));
#2070=CARTESIAN_POINT('',(-154.921335829897,-355.228161891586,185.));
#2071=CARTESIAN_POINT('Origin',(-3802.30791160355,-355.228161891586,-9125.03649631917));
#2072=CARTESIAN_POINT('',(-154.995397967731,-373.985643991896,185.));
#2073=CARTESIAN_POINT('',(-154.976954146874,-369.31443614255,185.));
#2074=CARTESIAN_POINT('Origin',(-3802.38197374139,-373.985643991896,-9125.03649631917));
#2075=CARTESIAN_POINT('Origin',(-45.0000000000001,-364.606902941741,200.));
#2076=CARTESIAN_POINT('',(-144.595516205597,-373.985162866647,200.));
#2077=CARTESIAN_POINT('',(-144.521410661138,-373.985161891586,200.));
#2078=CARTESIAN_POINT('',(-134.659573530312,-373.985161891586,200.));
#2079=CARTESIAN_POINT('',(-144.521410661138,-355.228161891586,200.));
#2080=CARTESIAN_POINT('',(-144.521410661138,-360.114080945793,200.));
#2081=CARTESIAN_POINT('',(-104.760705330569,-355.228161891586,200.));
#2082=CARTESIAN_POINT('',(-164.595472798973,-373.985643991896,200.));
#2083=CARTESIAN_POINT('',(-164.595472798973,-373.985643991896,200.));
#2084=CARTESIAN_POINT('',(-94.7977363994864,-373.985643991896,200.));
#2085=CARTESIAN_POINT('Origin',(-164.595472798973,-373.985643991896,194.6));
#2086=CARTESIAN_POINT('',(-179.595355876069,-373.926418377178,200.));
#2087=CARTESIAN_POINT('',(-164.595472798973,-373.985643991896,200.));
#2088=CARTESIAN_POINT('Origin',(-179.595355876069,-373.926418377178,200.));
#2089=CARTESIAN_POINT('Origin',(-164.521410661138,-355.228161891586,200.));
#2090=CARTESIAN_POINT('',(-144.521410661138,-355.228161891586,185.));
#2091=CARTESIAN_POINT('',(-144.521410661138,-355.228161891586,0.));
#2092=CARTESIAN_POINT('',(-144.521410661138,-355.228161891586,185.));
#2093=CARTESIAN_POINT('Origin',(-154.558441730056,-364.606902941741,185.));
#2094=CARTESIAN_POINT('',(-144.595516205597,-373.985162866647,185.));
#2095=CARTESIAN_POINT('',(-144.595472798973,-373.985643991896,185.));
#2096=CARTESIAN_POINT('',(-144.521410661138,-373.985161891586,185.));
#2097=CARTESIAN_POINT('',(-144.521410661138,-355.228161891586,185.));
#2098=CARTESIAN_POINT('',(-144.521410661138,-373.985161891586,185.));
#2099=CARTESIAN_POINT('Origin',(-164.521410661138,-373.985161891586,200.));
#2100=CARTESIAN_POINT('',(-144.595516293566,-373.985161891586,0.));
#2101=CARTESIAN_POINT('',(-144.521410661138,-373.985161891586,0.));
#2102=CARTESIAN_POINT('Origin',(-144.521410661138,-355.228161891586,185.));
#2103=CARTESIAN_POINT('',(-144.521410661138,-366.666,195.802059173584));
#2104=CARTESIAN_POINT('Origin',(-144.521410661138,-365.,195.802059173584));
#2105=CARTESIAN_POINT('Origin',(-160.5,-365.,195.802059173584));
#2106=CARTESIAN_POINT('',(-160.5,-366.666,195.802059173584));
#2107=CARTESIAN_POINT('Origin',(-160.5,-365.,195.802059173584));
#2108=CARTESIAN_POINT('Origin',(-146.5,-365.,195.802059173584));
#2109=CARTESIAN_POINT('',(-146.5,-366.666,195.802059173584));
#2110=CARTESIAN_POINT('Origin',(-144.595472798973,-373.985643991896,200.));
#2111=UNCERTAINTY_MEASURE_WITH_UNIT(LENGTH_MEASURE(0.01),#2115,
'DISTANCE_ACCURACY_VALUE',
'Maximum model space distance between geometric entities at asserted c
onnectivities');
#2112=UNCERTAINTY_MEASURE_WITH_UNIT(LENGTH_MEASURE(0.01),#2115,
'DISTANCE_ACCURACY_VALUE',
'Maximum model space distance between geometric entities at asserted c
onnectivities');
#2113=(
GEOMETRIC_REPRESENTATION_CONTEXT(3)
GLOBAL_UNCERTAINTY_ASSIGNED_CONTEXT((#2111))
GLOBAL_UNIT_ASSIGNED_CONTEXT((#2115,#2117,#2118))
REPRESENTATION_CONTEXT('','3D')
);
#2114=(
GEOMETRIC_REPRESENTATION_CONTEXT(3)
GLOBAL_UNCERTAINTY_ASSIGNED_CONTEXT((#2112))
GLOBAL_UNIT_ASSIGNED_CONTEXT((#2115,#2117,#2118))
REPRESENTATION_CONTEXT('','3D')
);
#2115=(
LENGTH_UNIT()
NAMED_UNIT(*)
SI_UNIT(.MILLI.,.METRE.)
);
#2116=(
LENGTH_UNIT()
NAMED_UNIT(*)
SI_UNIT($,.METRE.)
);
#2117=(
NAMED_UNIT(*)
PLANE_ANGLE_UNIT()
SI_UNIT($,.RADIAN.)
);
#2118=(
NAMED_UNIT(*)
SI_UNIT($,.STERADIAN.)
SOLID_ANGLE_UNIT()
);
#2119=SHAPE_DEFINITION_REPRESENTATION(#2120,#2121);
#2120=PRODUCT_DEFINITION_SHAPE('',$,#2123);
#2121=SHAPE_REPRESENTATION('',(#630),#2113);
#2122=PRODUCT_DEFINITION_CONTEXT('part definition',#2127,'design');
#2123=PRODUCT_DEFINITION('Support (1)','Support (1)',#2124,#2122);
#2124=PRODUCT_DEFINITION_FORMATION('',$,#2129);
#2125=PRODUCT_RELATED_PRODUCT_CATEGORY('Support (1)','Support (1)',(#2129));
#2126=APPLICATION_PROTOCOL_DEFINITION('international standard',
'automotive_design',2009,#2127);
#2127=APPLICATION_CONTEXT(
'Core Data for Automotive Mechanical Design Process');
#2128=PRODUCT_CONTEXT('part definition',#2127,'mechanical');
#2129=PRODUCT('Support (1)','Support (1)',$,(#2128));
#2130=PRESENTATION_STYLE_ASSIGNMENT((#2131));
#2131=SURFACE_STYLE_USAGE(.BOTH.,#2132);
#2132=SURFACE_SIDE_STYLE('',(#2133));
#2133=SURFACE_STYLE_FILL_AREA(#2134);
#2134=FILL_AREA_STYLE('Steel - Satin',(#2135));
#2135=FILL_AREA_STYLE_COLOUR('Steel - Satin',#2136);
#2136=COLOUR_RGB('Steel - Satin',0.627450980392157,0.627450980392157,0.627450980392157);
ENDSEC;
END-ISO-10303-21;
