ISO-10303-21;
HEADER;
/* Generated by software containing ST-Developer
 * from STEP Tools, Inc. (www.steptools.com) 
 */

FILE_DESCRIPTION(
/* description */ (''),
/* implementation_level */ '2;1');

FILE_NAME(
/* name */ 'Top Screw 2.step',
/* time_stamp */ '2026-04-07T11:52:43+05:30',
/* author */ (''),
/* organization */ (''),
/* preprocessor_version */ 'ST-DEVELOPER v20.1',
/* originating_system */ 'Autodesk Translation Framework v14.24.0.0',
/* authorisation */ '');

FILE_SCHEMA (('AUTOMOTIVE_DESIGN { 1 0 10303 214 3 1 1 }'));
ENDSEC;

DATA;
#10=MECHANICAL_DESIGN_GEOMETRIC_PRESENTATION_REPRESENTATION('',(#13),#3592);
#11=SHAPE_REPRESENTATION_RELATIONSHIP('SRR','None',#3599,#12);
#12=ADVANCED_BREP_SHAPE_REPRESENTATION('',(#14),#3591);
#13=STYLED_ITEM('',(#3608),#14);
#14=MANIFOLD_SOLID_BREP('Top Screw 2',#791);
#15=FACE_BOUND('',#103,.T.);
#16=FACE_BOUND('',#104,.T.);
#17=FACE_BOUND('',#113,.T.);
#18=FACE_BOUND('',#114,.T.);
#19=PLANE('',#842);
#20=PLANE('',#846);
#21=PLANE('',#847);
#22=PLANE('',#848);
#23=PLANE('',#849);
#24=PLANE('',#850);
#25=B_SPLINE_SURFACE_WITH_KNOTS('',3,3,((#1968,#1969,#1970,#1971,#1972,
#1973,#1974,#1975,#1976,#1977,#1978,#1979,#1980,#1981,#1982,#1983,#1984,
#1985,#1986,#1987,#1988,#1989,#1990,#1991,#1992,#1993,#1994,#1995,#1996,
#1997,#1998,#1999,#2000,#2001,#2002,#2003,#2004,#2005,#2006,#2007,#2008,
#2009,#2010,#2011,#2012,#2013,#2014,#2015,#2016,#2017),(#2018,#2019,#2020,
#2021,#2022,#2023,#2024,#2025,#2026,#2027,#2028,#2029,#2030,#2031,#2032,
#2033,#2034,#2035,#2036,#2037,#2038,#2039,#2040,#2041,#2042,#2043,#2044,
#2045,#2046,#2047,#2048,#2049,#2050,#2051,#2052,#2053,#2054,#2055,#2056,
#2057,#2058,#2059,#2060,#2061,#2062,#2063,#2064,#2065,#2066,#2067),(#2068,
#2069,#2070,#2071,#2072,#2073,#2074,#2075,#2076,#2077,#2078,#2079,#2080,
#2081,#2082,#2083,#2084,#2085,#2086,#2087,#2088,#2089,#2090,#2091,#2092,
#2093,#2094,#2095,#2096,#2097,#2098,#2099,#2100,#2101,#2102,#2103,#2104,
#2105,#2106,#2107,#2108,#2109,#2110,#2111,#2112,#2113,#2114,#2115,#2116,
#2117),(#2118,#2119,#2120,#2121,#2122,#2123,#2124,#2125,#2126,#2127,#2128,
#2129,#2130,#2131,#2132,#2133,#2134,#2135,#2136,#2137,#2138,#2139,#2140,
#2141,#2142,#2143,#2144,#2145,#2146,#2147,#2148,#2149,#2150,#2151,#2152,
#2153,#2154,#2155,#2156,#2157,#2158,#2159,#2160,#2161,#2162,#2163,#2164,
#2165,#2166,#2167)),.UNSPECIFIED.,.F.,.F.,.F.,(4,4),(4,1,1,1,1,1,1,1,1,
1,1,1,1,1,1,1,1,1,1,1,1,1,1,1,1,1,1,1,1,1,1,1,1,1,1,1,1,1,1,1,1,1,1,1,1,
1,1,4),(0.,0.0448889834294919),(11.8615800042571,12.8593354918434,13.8570909794297,
14.8548464670161,15.8526019546024,16.8503574421887,17.8481129297751,18.8458684173614,
19.8436239049477,20.8413793925341,21.8391348801204,22.8368903677067,23.8346458552931,
24.8324013428794,25.8301568304657,26.8279123180521,27.8256678056384,28.8234232932247,
29.8211787808111,30.8189342683974,31.8166897559837,32.8144452435701,33.8122007311564,
34.8099562187427,35.8077117063291,36.8054671939154,37.8032226815017,38.8009781690881,
39.7987336566744,40.7964891442607,41.7942446318471,42.7920001194334,43.7897556070197,
44.7875110946061,45.7852665821924,46.7830220697787,47.780777557365,48.7785330449514,
49.7762885325377,50.774044020124,51.7717995077104,52.7695549952967,53.767310482883,
54.7650659704694,55.7628214580557,56.760576945642,57.7583324332284,58.7560879208147),
 .UNSPECIFIED.);
#26=B_SPLINE_SURFACE_WITH_KNOTS('',3,3,((#2363,#2364,#2365,#2366,#2367,
#2368,#2369,#2370,#2371,#2372,#2373,#2374,#2375,#2376,#2377,#2378,#2379,
#2380,#2381,#2382,#2383,#2384,#2385,#2386,#2387,#2388,#2389,#2390,#2391,
#2392,#2393,#2394,#2395,#2396,#2397,#2398,#2399,#2400,#2401,#2402,#2403,
#2404,#2405,#2406,#2407,#2408,#2409,#2410,#2411,#2412),(#2413,#2414,#2415,
#2416,#2417,#2418,#2419,#2420,#2421,#2422,#2423,#2424,#2425,#2426,#2427,
#2428,#2429,#2430,#2431,#2432,#2433,#2434,#2435,#2436,#2437,#2438,#2439,
#2440,#2441,#2442,#2443,#2444,#2445,#2446,#2447,#2448,#2449,#2450,#2451,
#2452,#2453,#2454,#2455,#2456,#2457,#2458,#2459,#2460,#2461,#2462),(#2463,
#2464,#2465,#2466,#2467,#2468,#2469,#2470,#2471,#2472,#2473,#2474,#2475,
#2476,#2477,#2478,#2479,#2480,#2481,#2482,#2483,#2484,#2485,#2486,#2487,
#2488,#2489,#2490,#2491,#2492,#2493,#2494,#2495,#2496,#2497,#2498,#2499,
#2500,#2501,#2502,#2503,#2504,#2505,#2506,#2507,#2508,#2509,#2510,#2511,
#2512),(#2513,#2514,#2515,#2516,#2517,#2518,#2519,#2520,#2521,#2522,#2523,
#2524,#2525,#2526,#2527,#2528,#2529,#2530,#2531,#2532,#2533,#2534,#2535,
#2536,#2537,#2538,#2539,#2540,#2541,#2542,#2543,#2544,#2545,#2546,#2547,
#2548,#2549,#2550,#2551,#2552,#2553,#2554,#2555,#2556,#2557,#2558,#2559,
#2560,#2561,#2562)),.UNSPECIFIED.,.F.,.F.,.F.,(4,4),(4,1,1,1,1,1,1,1,1,
1,1,1,1,1,1,1,1,1,1,1,1,1,1,1,1,1,1,1,1,1,1,1,1,1,1,1,1,1,1,1,1,1,1,1,1,
1,1,4),(0.,0.0448889834294919),(14.3981410127764,15.3958965003627,16.3936519879491,
17.3914074755354,18.3891629631217,19.3869184507081,20.3846739382944,21.3824294258807,
22.3801849134671,23.3779404010534,24.3756958886398,25.3734513762261,26.3712068638124,
27.3689623513988,28.3667178389851,29.3644733265714,30.3622288141578,31.3599843017441,
32.3577397893305,33.3554952769168,34.3532507645031,35.3510062520895,36.3487617396758,
37.3465172272621,38.3442727148485,39.3420282024348,40.3397836900212,41.3375391776075,
42.3352946651938,43.3330501527802,44.3308056403665,45.3285611279528,46.3263166155392,
47.3240721031255,48.3218275907119,49.3195830782982,50.3173385658845,51.3150940534709,
52.3128495410572,53.3106050286435,54.3083605162299,55.3061160038162,56.3038714914026,
57.3016269789889,58.2993824665752,59.2971379541616,60.2948934417479,61.2926489293342),
 .UNSPECIFIED.);
#27=B_SPLINE_SURFACE_WITH_KNOTS('',3,3,((#2954,#2955,#2956,#2957,#2958,
#2959,#2960,#2961,#2962,#2963,#2964,#2965,#2966,#2967,#2968,#2969,#2970,
#2971,#2972,#2973,#2974,#2975,#2976,#2977,#2978,#2979,#2980,#2981,#2982,
#2983,#2984,#2985,#2986,#2987,#2988,#2989,#2990,#2991,#2992,#2993,#2994,
#2995,#2996,#2997,#2998,#2999,#3000,#3001,#3002,#3003),(#3004,#3005,#3006,
#3007,#3008,#3009,#3010,#3011,#3012,#3013,#3014,#3015,#3016,#3017,#3018,
#3019,#3020,#3021,#3022,#3023,#3024,#3025,#3026,#3027,#3028,#3029,#3030,
#3031,#3032,#3033,#3034,#3035,#3036,#3037,#3038,#3039,#3040,#3041,#3042,
#3043,#3044,#3045,#3046,#3047,#3048,#3049,#3050,#3051,#3052,#3053),(#3054,
#3055,#3056,#3057,#3058,#3059,#3060,#3061,#3062,#3063,#3064,#3065,#3066,
#3067,#3068,#3069,#3070,#3071,#3072,#3073,#3074,#3075,#3076,#3077,#3078,
#3079,#3080,#3081,#3082,#3083,#3084,#3085,#3086,#3087,#3088,#3089,#3090,
#3091,#3092,#3093,#3094,#3095,#3096,#3097,#3098,#3099,#3100,#3101,#3102,
#3103),(#3104,#3105,#3106,#3107,#3108,#3109,#3110,#3111,#3112,#3113,#3114,
#3115,#3116,#3117,#3118,#3119,#3120,#3121,#3122,#3123,#3124,#3125,#3126,
#3127,#3128,#3129,#3130,#3131,#3132,#3133,#3134,#3135,#3136,#3137,#3138,
#3139,#3140,#3141,#3142,#3143,#3144,#3145,#3146,#3147,#3148,#3149,#3150,
#3151,#3152,#3153)),.UNSPECIFIED.,.F.,.F.,.F.,(4,4),(4,1,1,1,1,1,1,1,1,
1,1,1,1,1,1,1,1,1,1,1,1,1,1,1,1,1,1,1,1,1,1,1,1,1,1,1,1,1,1,1,1,1,1,1,1,
1,1,4),(0.,0.0448889834294919),(11.8615800042577,12.8593354918441,13.8570909794305,
14.8548464670169,15.8526019546033,16.8503574421897,17.8481129297761,18.8458684173625,
19.8436239049488,20.8413793925352,21.8391348801216,22.836890367708,23.8346458552944,
24.8324013428808,25.8301568304672,26.8279123180535,27.8256678056399,28.8234232932263,
29.8211787808127,30.8189342683991,31.8166897559855,32.8144452435719,33.8122007311583,
34.8099562187446,35.807711706331,36.8054671939174,37.8032226815038,38.8009781690902,
39.7987336566766,40.796489144263,41.7942446318493,42.7920001194357,43.7897556070221,
44.7875110946085,45.7852665821949,46.7830220697813,47.7807775573677,48.7785330449541,
49.7762885325404,50.7740440201268,51.7717995077132,52.7695549952996,53.767310482886,
54.7650659704724,55.7628214580588,56.7605769456451,57.7583324332315,58.7560879208179),
 .UNSPECIFIED.);
#28=B_SPLINE_SURFACE_WITH_KNOTS('',3,3,((#3267,#3268,#3269,#3270,#3271,
#3272,#3273,#3274,#3275,#3276,#3277,#3278,#3279,#3280,#3281,#3282,#3283,
#3284,#3285,#3286,#3287,#3288,#3289,#3290,#3291,#3292,#3293,#3294,#3295,
#3296,#3297,#3298,#3299,#3300,#3301,#3302,#3303,#3304,#3305,#3306,#3307,
#3308,#3309,#3310,#3311,#3312,#3313,#3314,#3315,#3316),(#3317,#3318,#3319,
#3320,#3321,#3322,#3323,#3324,#3325,#3326,#3327,#3328,#3329,#3330,#3331,
#3332,#3333,#3334,#3335,#3336,#3337,#3338,#3339,#3340,#3341,#3342,#3343,
#3344,#3345,#3346,#3347,#3348,#3349,#3350,#3351,#3352,#3353,#3354,#3355,
#3356,#3357,#3358,#3359,#3360,#3361,#3362,#3363,#3364,#3365,#3366),(#3367,
#3368,#3369,#3370,#3371,#3372,#3373,#3374,#3375,#3376,#3377,#3378,#3379,
#3380,#3381,#3382,#3383,#3384,#3385,#3386,#3387,#3388,#3389,#3390,#3391,
#3392,#3393,#3394,#3395,#3396,#3397,#3398,#3399,#3400,#3401,#3402,#3403,
#3404,#3405,#3406,#3407,#3408,#3409,#3410,#3411,#3412,#3413,#3414,#3415,
#3416),(#3417,#3418,#3419,#3420,#3421,#3422,#3423,#3424,#3425,#3426,#3427,
#3428,#3429,#3430,#3431,#3432,#3433,#3434,#3435,#3436,#3437,#3438,#3439,
#3440,#3441,#3442,#3443,#3444,#3445,#3446,#3447,#3448,#3449,#3450,#3451,
#3452,#3453,#3454,#3455,#3456,#3457,#3458,#3459,#3460,#3461,#3462,#3463,
#3464,#3465,#3466)),.UNSPECIFIED.,.F.,.F.,.F.,(4,4),(4,1,1,1,1,1,1,1,1,
1,1,1,1,1,1,1,1,1,1,1,1,1,1,1,1,1,1,1,1,1,1,1,1,1,1,1,1,1,1,1,1,1,1,1,1,
1,1,4),(0.,0.0448889834294919),(14.398141012777,15.3958965003634,16.3936519879498,
17.3914074755362,18.3891629631226,19.386918450709,20.3846739382954,21.3824294258818,
22.3801849134682,23.3779404010546,24.3756958886409,25.3734513762273,26.3712068638137,
27.3689623514001,28.3667178389865,29.3644733265729,30.3622288141593,31.3599843017457,
32.3577397893321,33.3554952769185,34.3532507645049,35.3510062520913,36.3487617396776,
37.346517227264,38.3442727148504,39.3420282024368,40.3397836900232,41.3375391776096,
42.335294665196,43.3330501527824,44.3308056403688,45.3285611279552,46.3263166155416,
47.324072103128,48.3218275907143,49.3195830783007,50.3173385658871,51.3150940534735,
52.3128495410599,53.3106050286463,54.3083605162327,55.3061160038191,56.3038714914055,
57.3016269789919,58.2993824665783,59.2971379541647,60.2948934417511,61.2926489293374),
 .UNSPECIFIED.);
#29=FACE_OUTER_BOUND('',#71,.T.);
#30=FACE_OUTER_BOUND('',#72,.T.);
#31=FACE_OUTER_BOUND('',#73,.T.);
#32=FACE_OUTER_BOUND('',#74,.T.);
#33=FACE_OUTER_BOUND('',#75,.T.);
#34=FACE_OUTER_BOUND('',#76,.T.);
#35=FACE_OUTER_BOUND('',#77,.T.);
#36=FACE_OUTER_BOUND('',#78,.T.);
#37=FACE_OUTER_BOUND('',#79,.T.);
#38=FACE_OUTER_BOUND('',#80,.T.);
#39=FACE_OUTER_BOUND('',#81,.T.);
#40=FACE_OUTER_BOUND('',#82,.T.);
#41=FACE_OUTER_BOUND('',#83,.T.);
#42=FACE_OUTER_BOUND('',#84,.T.);
#43=FACE_OUTER_BOUND('',#85,.T.);
#44=FACE_OUTER_BOUND('',#86,.T.);
#45=FACE_OUTER_BOUND('',#87,.T.);
#46=FACE_OUTER_BOUND('',#88,.T.);
#47=FACE_OUTER_BOUND('',#89,.T.);
#48=FACE_OUTER_BOUND('',#90,.T.);
#49=FACE_OUTER_BOUND('',#91,.T.);
#50=FACE_OUTER_BOUND('',#92,.T.);
#51=FACE_OUTER_BOUND('',#93,.T.);
#52=FACE_OUTER_BOUND('',#94,.T.);
#53=FACE_OUTER_BOUND('',#95,.T.);
#54=FACE_OUTER_BOUND('',#96,.T.);
#55=FACE_OUTER_BOUND('',#97,.T.);
#56=FACE_OUTER_BOUND('',#98,.T.);
#57=FACE_OUTER_BOUND('',#99,.T.);
#58=FACE_OUTER_BOUND('',#100,.T.);
#59=FACE_OUTER_BOUND('',#101,.T.);
#60=FACE_OUTER_BOUND('',#102,.T.);
#61=FACE_OUTER_BOUND('',#105,.T.);
#62=FACE_OUTER_BOUND('',#106,.T.);
#63=FACE_OUTER_BOUND('',#107,.T.);
#64=FACE_OUTER_BOUND('',#108,.T.);
#65=FACE_OUTER_BOUND('',#109,.T.);
#66=FACE_OUTER_BOUND('',#110,.T.);
#67=FACE_OUTER_BOUND('',#111,.T.);
#68=FACE_OUTER_BOUND('',#112,.T.);
#69=FACE_OUTER_BOUND('',#115,.T.);
#70=FACE_OUTER_BOUND('',#116,.T.);
#71=EDGE_LOOP('',(#477,#478,#479,#480));
#72=EDGE_LOOP('',(#481,#482,#483,#484));
#73=EDGE_LOOP('',(#485,#486,#487,#488));
#74=EDGE_LOOP('',(#489,#490,#491,#492));
#75=EDGE_LOOP('',(#493,#494,#495,#496));
#76=EDGE_LOOP('',(#497,#498,#499,#500));
#77=EDGE_LOOP('',(#501,#502,#503,#504));
#78=EDGE_LOOP('',(#505,#506,#507,#508));
#79=EDGE_LOOP('',(#509,#510,#511,#512));
#80=EDGE_LOOP('',(#513,#514,#515,#516));
#81=EDGE_LOOP('',(#517,#518,#519,#520));
#82=EDGE_LOOP('',(#521,#522,#523,#524));
#83=EDGE_LOOP('',(#525,#526,#527,#528));
#84=EDGE_LOOP('',(#529,#530,#531,#532));
#85=EDGE_LOOP('',(#533,#534,#535,#536));
#86=EDGE_LOOP('',(#537,#538,#539,#540));
#87=EDGE_LOOP('',(#541,#542,#543,#544));
#88=EDGE_LOOP('',(#545,#546,#547,#548));
#89=EDGE_LOOP('',(#549,#550,#551,#552));
#90=EDGE_LOOP('',(#553,#554,#555,#556));
#91=EDGE_LOOP('',(#557,#558,#559,#560));
#92=EDGE_LOOP('',(#561,#562,#563,#564));
#93=EDGE_LOOP('',(#565,#566,#567,#568));
#94=EDGE_LOOP('',(#569,#570,#571,#572));
#95=EDGE_LOOP('',(#573,#574,#575,#576));
#96=EDGE_LOOP('',(#577,#578,#579,#580));
#97=EDGE_LOOP('',(#581,#582,#583,#584));
#98=EDGE_LOOP('',(#585,#586,#587,#588));
#99=EDGE_LOOP('',(#589,#590,#591,#592));
#100=EDGE_LOOP('',(#593,#594,#595,#596,#597,#598,#599,#600,#601,#602,#603,
#604,#605,#606,#607,#608,#609,#610));
#101=EDGE_LOOP('',(#611,#612,#613,#614,#615,#616,#617,#618,#619,#620,#621,
#622,#623,#624,#625,#626,#627,#628));
#102=EDGE_LOOP('',(#629,#630,#631,#632));
#103=EDGE_LOOP('',(#633,#634,#635,#636));
#104=EDGE_LOOP('',(#637,#638,#639,#640));
#105=EDGE_LOOP('',(#641,#642,#643,#644));
#106=EDGE_LOOP('',(#645,#646,#647,#648));
#107=EDGE_LOOP('',(#649,#650,#651,#652,#653,#654,#655,#656,#657,#658,#659,
#660,#661,#662,#663,#664,#665,#666));
#108=EDGE_LOOP('',(#667,#668,#669,#670,#671,#672,#673,#674,#675,#676,#677,
#678,#679,#680,#681,#682,#683,#684));
#109=EDGE_LOOP('',(#685,#686,#687,#688));
#110=EDGE_LOOP('',(#689,#690,#691,#692));
#111=EDGE_LOOP('',(#693,#694,#695,#696));
#112=EDGE_LOOP('',(#697,#698,#699,#700));
#113=EDGE_LOOP('',(#701,#702,#703,#704));
#114=EDGE_LOOP('',(#705,#706,#707,#708));
#115=EDGE_LOOP('',(#709,#710,#711,#712));
#116=EDGE_LOOP('',(#713,#714,#715,#716));
#117=CIRCLE('',#806,1.666);
#118=CIRCLE('',#813,1.666);
#119=CIRCLE('',#815,2.05475000000002);
#120=CIRCLE('',#822,2.05475000000002);
#121=CIRCLE('',#824,1.666);
#122=CIRCLE('',#831,1.666);
#123=CIRCLE('',#833,2.05475);
#124=CIRCLE('',#840,2.05475);
#125=B_SPLINE_CURVE_WITH_KNOTS('',3,(#991,#992,#993,#994,#995,#996,#997),
 .UNSPECIFIED.,.F.,.F.,(4,3,4),(45.292119405429,45.896752428974,46.8945079165601),
 .UNSPECIFIED.);
#126=B_SPLINE_CURVE_WITH_KNOTS('',3,(#1000,#1001,#1002,#1003,#1004,#1005,
#1006,#1007,#1008,#1009,#1010,#1011,#1012),.UNSPECIFIED.,.F.,.F.,(4,3,3,
3,4),(-44.8798950512859,-43.901241453801,-42.9034859662146,-41.9057304786282,
-41.5454951067687),.UNSPECIFIED.);
#127=B_SPLINE_CURVE_WITH_KNOTS('',3,(#1017,#1018,#1019,#1020,#1021,#1022,
#1023,#1024,#1025,#1026,#1027,#1028,#1029,#1030,#1031,#1032,#1033,#1034,
#1035,#1036,#1037,#1038),.UNSPECIFIED.,.F.,.F.,(4,3,3,3,3,3,3,4),(39.0089340982494,
39.9102195034557,40.9079749910421,41.9057304786285,42.9034859662148,43.9012414538012,
44.8989969413876,45.292119405429),.UNSPECIFIED.);
#128=B_SPLINE_CURVE_WITH_KNOTS('',3,(#1039,#1040,#1041,#1042,#1043,#1044,
#1045,#1046,#1047,#1048,#1049,#1050,#1051,#1052,#1053,#1054,#1055,#1056,
#1057,#1058,#1059,#1060),.UNSPECIFIED.,.F.,.F.,(4,3,3,3,3,3,3,4),(-41.5454951067687,
-40.9079749910419,-39.9102195034555,-38.9124640158691,-37.9147085282827,
-36.9169530406963,-35.9191975531099,-35.262309799589),.UNSPECIFIED.);
#129=B_SPLINE_CURVE_WITH_KNOTS('',3,(#1065,#1066,#1067,#1068,#1069,#1070,
#1071,#1072,#1073,#1074,#1075,#1076,#1077,#1078,#1079,#1080,#1081,#1082,
#1083,#1084,#1085,#1086,#1087,#1088,#1089),.UNSPECIFIED.,.F.,.F.,(4,3,3,
3,3,3,3,3,4),(32.7257487910698,32.925931090351,33.9236865779373,34.9214420655237,
35.9191975531101,36.9169530406965,37.9147085282829,38.9124640158693,39.0089340982494),
 .UNSPECIFIED.);
#130=B_SPLINE_CURVE_WITH_KNOTS('',3,(#1090,#1091,#1092,#1093,#1094,#1095,
#1096,#1097,#1098,#1099,#1100,#1101,#1102,#1103,#1104,#1105,#1106,#1107,
#1108,#1109,#1110,#1111),.UNSPECIFIED.,.F.,.F.,(4,3,3,3,3,3,3,4),(-35.262309799589,
-34.9214420655235,-33.9236865779371,-32.9259310903508,-31.9281756027644,
-30.930420115178,-29.9326646275916,-28.9791244924094),.UNSPECIFIED.);
#131=B_SPLINE_CURVE_WITH_KNOTS('',3,(#1116,#1117,#1118,#1119,#1120,#1121,
#1122,#1123,#1124,#1125,#1126,#1127,#1128,#1129,#1130,#1131,#1132,#1133,
#1134,#1135,#1136,#1137),.UNSPECIFIED.,.F.,.F.,(4,3,3,3,3,3,3,4),(26.4425634838902,
26.9393981648326,27.937153652419,28.9349091400054,29.9326646275918,30.9304201151782,
31.9281756027646,32.7257487910698),.UNSPECIFIED.);
#132=B_SPLINE_CURVE_WITH_KNOTS('',3,(#1138,#1139,#1140,#1141,#1142,#1143,
#1144,#1145,#1146,#1147,#1148,#1149,#1150,#1151,#1152,#1153,#1154,#1155,
#1156,#1157,#1158,#1159,#1160,#1161,#1162),.UNSPECIFIED.,.F.,.F.,(4,3,3,
3,3,3,3,3,4),(-28.9791244924094,-28.9349091400052,-27.9371536524188,-26.9393981648324,
-25.9416426772461,-24.9438871896597,-23.9461317020733,-22.9483762144869,
-22.6959391852298),.UNSPECIFIED.);
#133=B_SPLINE_CURVE_WITH_KNOTS('',3,(#1167,#1168,#1169,#1170,#1171,#1172,
#1173,#1174,#1175,#1176,#1177,#1178,#1179,#1180,#1181,#1182,#1183,#1184,
#1185,#1186,#1187,#1188),.UNSPECIFIED.,.F.,.F.,(4,3,3,3,3,3,3,4),(20.1593781767106,
20.9528652393142,21.9506207269006,22.948376214487,23.9461317020734,24.9438871896598,
25.9416426772462,26.4425634838902),.UNSPECIFIED.);
#134=B_SPLINE_CURVE_WITH_KNOTS('',3,(#1189,#1190,#1191,#1192,#1193,#1194,
#1195,#1196,#1197,#1198,#1199,#1200,#1201,#1202,#1203,#1204,#1205,#1206,
#1207,#1208,#1209,#1210),.UNSPECIFIED.,.F.,.F.,(4,3,3,3,3,3,3,4),(-22.6959391852298,
-21.9506207269005,-20.9528652393141,-19.9551097517277,-18.9573542641413,
-17.959598776555,-16.9618432889686,-16.4127538780502),.UNSPECIFIED.);
#135=B_SPLINE_CURVE_WITH_KNOTS('',3,(#1215,#1216,#1217,#1218,#1219,#1220,
#1221,#1222,#1223,#1224,#1225,#1226,#1227,#1228,#1229,#1230,#1231,#1232,
#1233,#1234,#1235,#1236,#1237,#1238,#1239),.UNSPECIFIED.,.F.,.F.,(4,3,3,
3,3,3,3,3,4),(13.8761928695309,13.9685768262095,14.9663323137959,15.9640878013823,
16.9618432889687,17.9595987765551,18.9573542641415,19.9551097517278,20.1593781767106),
 .UNSPECIFIED.);
#136=B_SPLINE_CURVE_WITH_KNOTS('',3,(#1240,#1241,#1242,#1243,#1244,#1245,
#1246,#1247,#1248,#1249,#1250,#1251,#1252,#1253,#1254,#1255,#1256,#1257,
#1258,#1259,#1260,#1261),.UNSPECIFIED.,.F.,.F.,(4,3,3,3,3,3,3,4),(-16.4127538780502,
-15.9640878013822,-14.9663323137958,-13.9685768262094,-12.970821338623,
-11.9730658510366,-10.9753103634503,-10.1295685708706),.UNSPECIFIED.);
#137=B_SPLINE_CURVE_WITH_KNOTS('',3,(#1267,#1268,#1269,#1270,#1271,#1272,
#1273,#1274,#1275,#1276,#1277,#1278,#1279),.UNSPECIFIED.,.F.,.F.,(4,3,3,
3,4),(-3.84638326369098,-2.99326646275914,-1.99551097517276,-0.997755487586378,
0.),.UNSPECIFIED.);
#138=B_SPLINE_CURVE_WITH_KNOTS('',3,(#1282,#1283,#1284,#1285,#1286,#1287,
#1288,#1289,#1290,#1291,#1292,#1293,#1294,#1295,#1296,#1297,#1298,#1299,
#1300),.UNSPECIFIED.,.F.,.F.,(4,3,3,3,3,3,4),(2.01461286527417,2.99326646275918,
3.99102195034557,4.98877743793196,5.98653292551835,6.98428841310474,7.59300756235133),
 .UNSPECIFIED.);
#139=B_SPLINE_CURVE_WITH_KNOTS('',3,(#1306,#1307,#1308,#1309,#1310,#1311,
#1312,#1313,#1314),.UNSPECIFIED.,.F.,.F.,(4,1,1,1,1,1,4),(53.4070751110264,
53.767310482886,54.7650659704724,55.7628214580588,56.7605769456451,57.7583324332315,
58.7560879208179),.UNSPECIFIED.);
#140=B_SPLINE_CURVE_WITH_KNOTS('',3,(#1317,#1318,#1319,#1320,#1321,#1322,
#1323,#1324,#1325),.UNSPECIFIED.,.F.,.F.,(4,1,1,1,1,1,4),(53.4070751110264,
54.3083605162327,55.3061160038191,56.3038714914055,57.3016269789919,58.2993824665783,
59.2780360640633),.UNSPECIFIED.);
#141=B_SPLINE_CURVE_WITH_KNOTS('',3,(#1330,#1331,#1332,#1333,#1334,#1335,
#1336,#1337,#1338,#1339),.UNSPECIFIED.,.F.,.F.,(4,1,1,1,1,1,1,4),(47.1238898038468,
47.7807775573677,48.7785330449541,49.7762885325404,50.7740440201268,51.7717995077132,
52.7695549952996,53.4070751110264),.UNSPECIFIED.);
#142=B_SPLINE_CURVE_WITH_KNOTS('',3,(#1340,#1341,#1342,#1343,#1344,#1345,
#1346,#1347,#1348,#1349,#1350),.UNSPECIFIED.,.F.,.F.,(4,1,1,1,1,1,1,1,4),
(47.1238898038468,47.324072103128,48.3218275907143,49.3195830783007,50.3173385658871,
51.3150940534735,52.3128495410599,53.3106050286463,53.4070751110264),
 .UNSPECIFIED.);
#143=B_SPLINE_CURVE_WITH_KNOTS('',3,(#1355,#1356,#1357,#1358,#1359,#1360,
#1361,#1362,#1363,#1364),.UNSPECIFIED.,.F.,.F.,(4,1,1,1,1,1,1,4),(40.8407044966672,
41.7942446318493,42.7920001194357,43.7897556070221,44.7875110946085,45.7852665821949,
46.7830220697813,47.1238898038468),.UNSPECIFIED.);
#144=B_SPLINE_CURVE_WITH_KNOTS('',3,(#1365,#1366,#1367,#1368,#1369,#1370,
#1371,#1372,#1373,#1374),.UNSPECIFIED.,.F.,.F.,(4,1,1,1,1,1,1,4),(40.8407044966672,
41.3375391776096,42.335294665196,43.3330501527824,44.3308056403688,45.3285611279552,
46.3263166155416,47.1238898038468),.UNSPECIFIED.);
#145=B_SPLINE_CURVE_WITH_KNOTS('',3,(#1379,#1380,#1381,#1382,#1383,#1384,
#1385,#1386,#1387,#1388,#1389),.UNSPECIFIED.,.F.,.F.,(4,1,1,1,1,1,1,1,4),
(34.5575191894875,34.8099562187446,35.807711706331,36.8054671939174,37.8032226815038,
38.8009781690902,39.7987336566766,40.796489144263,40.8407044966672),
 .UNSPECIFIED.);
#146=B_SPLINE_CURVE_WITH_KNOTS('',3,(#1390,#1391,#1392,#1393,#1394,#1395,
#1396,#1397,#1398,#1399),.UNSPECIFIED.,.F.,.F.,(4,1,1,1,1,1,1,4),(34.5575191894876,
35.3510062520913,36.3487617396776,37.346517227264,38.3442727148504,39.3420282024368,
40.3397836900232,40.8407044966672),.UNSPECIFIED.);
#147=B_SPLINE_CURVE_WITH_KNOTS('',3,(#1404,#1405,#1406,#1407,#1408,#1409,
#1410,#1411,#1412,#1413),.UNSPECIFIED.,.F.,.F.,(4,1,1,1,1,1,1,4),(28.2743338823083,
28.8234232932263,29.8211787808127,30.8189342683991,31.8166897559855,32.8144452435719,
33.8122007311583,34.5575191894875),.UNSPECIFIED.);
#148=B_SPLINE_CURVE_WITH_KNOTS('',3,(#1414,#1415,#1416,#1417,#1418,#1419,
#1420,#1421,#1422,#1423,#1424),.UNSPECIFIED.,.F.,.F.,(4,1,1,1,1,1,1,1,4),
(28.2743338823082,28.3667178389865,29.3644733265729,30.3622288141593,31.3599843017457,
32.3577397893321,33.3554952769185,34.3532507645049,34.5575191894876),
 .UNSPECIFIED.);
#149=B_SPLINE_CURVE_WITH_KNOTS('',3,(#1429,#1430,#1431,#1432,#1433,#1434,
#1435,#1436,#1437,#1438),.UNSPECIFIED.,.F.,.F.,(4,1,1,1,1,1,1,4),(21.9911485751286,
22.836890367708,23.8346458552944,24.8324013428808,25.8301568304672,26.8279123180535,
27.8256678056399,28.2743338823083),.UNSPECIFIED.);
#150=B_SPLINE_CURVE_WITH_KNOTS('',3,(#1439,#1440,#1441,#1442,#1443,#1444,
#1445,#1446,#1447,#1448),.UNSPECIFIED.,.F.,.F.,(4,1,1,1,1,1,1,4),(21.9911485751287,
22.3801849134682,23.3779404010546,24.3756958886409,25.3734513762273,26.3712068638137,
27.3689623514001,28.2743338823082),.UNSPECIFIED.);
#151=B_SPLINE_CURVE_WITH_KNOTS('',3,(#1454,#1455,#1456,#1457,#1458),
 .UNSPECIFIED.,.F.,.F.,(4,1,4),(14.398141012777,15.3958965003634,15.7079632679487),
 .UNSPECIFIED.);
#152=B_SPLINE_CURVE_WITH_KNOTS('',3,(#1461,#1462,#1463,#1464,#1465),
 .UNSPECIFIED.,.F.,.F.,(4,1,4),(13.8761928695319,14.8548464670169,15.7079632679487),
 .UNSPECIFIED.);
#153=B_SPLINE_CURVE_WITH_KNOTS('',3,(#1471,#1472,#1473,#1474,#1475,#1476,
#1477),.UNSPECIFIED.,.F.,.F.,(4,3,4),(45.2921194054296,45.8967524289715,
46.8945079165576),.UNSPECIFIED.);
#154=B_SPLINE_CURVE_WITH_KNOTS('',3,(#1480,#1481,#1482,#1483,#1484,#1485,
#1486,#1487,#1488,#1489,#1490,#1491,#1492),.UNSPECIFIED.,.F.,.F.,(4,3,3,
3,4),(-44.8798950512834,-43.9012414537986,-42.9034859662123,-41.905730478626,
-41.5454951067693),.UNSPECIFIED.);
#155=B_SPLINE_CURVE_WITH_KNOTS('',3,(#1497,#1498,#1499,#1500,#1501,#1502,
#1503,#1504,#1505,#1506,#1507,#1508,#1509,#1510,#1511,#1512,#1513,#1514,
#1515,#1516,#1517,#1518),.UNSPECIFIED.,.F.,.F.,(4,3,3,3,3,3,3,4),(39.00893409825,
39.9102195034535,40.9079749910398,41.9057304786262,42.9034859662125,43.9012414537988,
44.8989969413852,45.2921194054296),.UNSPECIFIED.);
#156=B_SPLINE_CURVE_WITH_KNOTS('',3,(#1519,#1520,#1521,#1522,#1523,#1524,
#1525,#1526,#1527,#1528,#1529,#1530,#1531,#1532,#1533,#1534,#1535,#1536,
#1537,#1538,#1539,#1540),.UNSPECIFIED.,.F.,.F.,(4,3,3,3,3,3,3,4),(-41.5454951067693,
-40.9079749910397,-39.9102195034533,-38.912464015867,-37.9147085282806,
-36.9169530406943,-35.919197553108,-35.2623097995897),.UNSPECIFIED.);
#157=B_SPLINE_CURVE_WITH_KNOTS('',3,(#1545,#1546,#1547,#1548,#1549,#1550,
#1551,#1552,#1553,#1554,#1555,#1556,#1557,#1558,#1559,#1560,#1561,#1562,
#1563,#1564,#1565,#1566,#1567,#1568,#1569),.UNSPECIFIED.,.F.,.F.,(4,3,3,
3,3,3,3,3,4),(32.7257487910704,32.9259310903491,33.9236865779355,34.9214420655218,
35.9191975531081,36.9169530406945,37.9147085282808,38.9124640158672,39.00893409825),
 .UNSPECIFIED.);
#158=B_SPLINE_CURVE_WITH_KNOTS('',3,(#1570,#1571,#1572,#1573,#1574,#1575,
#1576,#1577,#1578,#1579,#1580,#1581,#1582,#1583,#1584,#1585,#1586,#1587,
#1588,#1589,#1590,#1591),.UNSPECIFIED.,.F.,.F.,(4,3,3,3,3,3,3,4),(-35.2623097995897,
-34.9214420655216,-33.9236865779353,-32.925931090349,-31.9281756027626,
-30.9304201151763,-29.93266462759,-28.9791244924101),.UNSPECIFIED.);
#159=B_SPLINE_CURVE_WITH_KNOTS('',3,(#1596,#1597,#1598,#1599,#1600,#1601,
#1602,#1603,#1604,#1605,#1606,#1607,#1608,#1609,#1610,#1611,#1612,#1613,
#1614,#1615,#1616,#1617),.UNSPECIFIED.,.F.,.F.,(4,3,3,3,3,3,3,4),(26.4425634838908,
26.9393981648311,27.9371536524174,28.9349091400038,29.9326646275901,30.9304201151764,
31.9281756027628,32.7257487910704),.UNSPECIFIED.);
#160=B_SPLINE_CURVE_WITH_KNOTS('',3,(#1618,#1619,#1620,#1621,#1622,#1623,
#1624,#1625,#1626,#1627,#1628,#1629,#1630,#1631,#1632,#1633,#1634,#1635,
#1636,#1637,#1638,#1639,#1640,#1641,#1642),.UNSPECIFIED.,.F.,.F.,(4,3,3,
3,3,3,3,3,4),(-28.9791244924101,-28.9349091400036,-27.9371536524173,-26.939398164831,
-25.9416426772447,-24.9438871896583,-23.946131702072,-22.9483762144857,
-22.6959391852305),.UNSPECIFIED.);
#161=B_SPLINE_CURVE_WITH_KNOTS('',3,(#1647,#1648,#1649,#1650,#1651,#1652,
#1653,#1654,#1655,#1656,#1657,#1658,#1659,#1660,#1661,#1662,#1663,#1664,
#1665,#1666,#1667,#1668),.UNSPECIFIED.,.F.,.F.,(4,3,3,3,3,3,3,4),(20.1593781767112,
20.9528652393131,21.9506207268994,22.9483762144858,23.9461317020721,24.9438871896584,
25.9416426772448,26.4425634838908),.UNSPECIFIED.);
#162=B_SPLINE_CURVE_WITH_KNOTS('',3,(#1669,#1670,#1671,#1672,#1673,#1674,
#1675,#1676,#1677,#1678,#1679,#1680,#1681,#1682,#1683,#1684,#1685,#1686,
#1687,#1688,#1689,#1690),.UNSPECIFIED.,.F.,.F.,(4,3,3,3,3,3,3,4),(-22.6959391852305,
-21.9506207268993,-20.952865239313,-19.9551097517267,-18.9573542641403,
-17.959598776554,-16.9618432889677,-16.4127538780512),.UNSPECIFIED.);
#163=B_SPLINE_CURVE_WITH_KNOTS('',3,(#1695,#1696,#1697,#1698,#1699,#1700,
#1701,#1702,#1703,#1704,#1705,#1706,#1707,#1708,#1709,#1710,#1711,#1712,
#1713,#1714,#1715,#1716,#1717,#1718,#1719),.UNSPECIFIED.,.F.,.F.,(4,3,3,
3,3,3,3,3,4),(13.8761928695316,13.9685768262087,14.9663323137951,15.9640878013814,
16.9618432889677,17.9595987765541,18.9573542641404,19.9551097517268,20.1593781767112),
 .UNSPECIFIED.);
#164=B_SPLINE_CURVE_WITH_KNOTS('',3,(#1720,#1721,#1722,#1723,#1724,#1725,
#1726,#1727,#1728,#1729,#1730,#1731,#1732,#1733,#1734,#1735,#1736,#1737,
#1738,#1739,#1740,#1741),.UNSPECIFIED.,.F.,.F.,(4,3,3,3,3,3,3,4),(-16.4127538780512,
-15.9640878013813,-14.966332313795,-13.9685768262087,-12.9708213386223,
-11.973065851036,-10.9753103634497,-10.1295685708716),.UNSPECIFIED.);
#165=B_SPLINE_CURVE_WITH_KNOTS('',3,(#1747,#1748,#1749,#1750,#1751,#1752,
#1753,#1754,#1755,#1756,#1757,#1758,#1759),.UNSPECIFIED.,.F.,.F.,(4,3,3,
3,4),(-3.84638326369162,-2.99326646275899,-1.99551097517266,-0.997755487586327,
0.),.UNSPECIFIED.);
#166=B_SPLINE_CURVE_WITH_KNOTS('',3,(#1762,#1763,#1764,#1765,#1766,#1767,
#1768,#1769,#1770,#1771,#1772,#1773,#1774,#1775,#1776,#1777,#1778,#1779,
#1780),.UNSPECIFIED.,.F.,.F.,(4,3,3,3,3,3,4),(2.01461286527417,2.99326646275901,
3.99102195034535,4.98877743793169,5.98653292551803,6.98428841310437,7.59300756235196),
 .UNSPECIFIED.);
#167=B_SPLINE_CURVE_WITH_KNOTS('',3,(#1786,#1787,#1788,#1789,#1790,#1791,
#1792,#1793,#1794),.UNSPECIFIED.,.F.,.F.,(4,1,1,1,1,1,4),(53.4070751110264,
53.767310482883,54.7650659704694,55.7628214580557,56.760576945642,57.7583324332284,
58.7560879208147),.UNSPECIFIED.);
#168=B_SPLINE_CURVE_WITH_KNOTS('',3,(#1797,#1798,#1799,#1800,#1801,#1802,
#1803,#1804,#1805),.UNSPECIFIED.,.F.,.F.,(4,1,1,1,1,1,4),(53.4070751110264,
54.3083605162299,55.3061160038162,56.3038714914026,57.3016269789889,58.2993824665752,
59.2780360640601),.UNSPECIFIED.);
#169=B_SPLINE_CURVE_WITH_KNOTS('',3,(#1810,#1811,#1812,#1813,#1814,#1815,
#1816,#1817,#1818,#1819),.UNSPECIFIED.,.F.,.F.,(4,1,1,1,1,1,1,4),(47.1238898038468,
47.780777557365,48.7785330449514,49.7762885325377,50.774044020124,51.7717995077104,
52.7695549952967,53.4070751110264),.UNSPECIFIED.);
#170=B_SPLINE_CURVE_WITH_KNOTS('',3,(#1820,#1821,#1822,#1823,#1824,#1825,
#1826,#1827,#1828,#1829,#1830),.UNSPECIFIED.,.F.,.F.,(4,1,1,1,1,1,1,1,4),
(47.1238898038468,47.3240721031255,48.3218275907119,49.3195830782982,50.3173385658845,
51.3150940534709,52.3128495410572,53.3106050286435,53.4070751110264),
 .UNSPECIFIED.);
#171=B_SPLINE_CURVE_WITH_KNOTS('',3,(#1835,#1836,#1837,#1838,#1839,#1840,
#1841,#1842,#1843,#1844),.UNSPECIFIED.,.F.,.F.,(4,1,1,1,1,1,1,4),(40.8407044966672,
41.7942446318471,42.7920001194334,43.7897556070197,44.7875110946061,45.7852665821924,
46.7830220697787,47.1238898038468),.UNSPECIFIED.);
#172=B_SPLINE_CURVE_WITH_KNOTS('',3,(#1845,#1846,#1847,#1848,#1849,#1850,
#1851,#1852,#1853,#1854),.UNSPECIFIED.,.F.,.F.,(4,1,1,1,1,1,1,4),(40.8407044966672,
41.3375391776075,42.3352946651938,43.3330501527802,44.3308056403665,45.3285611279528,
46.3263166155392,47.1238898038468),.UNSPECIFIED.);
#173=B_SPLINE_CURVE_WITH_KNOTS('',3,(#1859,#1860,#1861,#1862,#1863,#1864,
#1865,#1866,#1867,#1868,#1869),.UNSPECIFIED.,.F.,.F.,(4,1,1,1,1,1,1,1,4),
(34.5575191894875,34.8099562187427,35.8077117063291,36.8054671939154,37.8032226815017,
38.8009781690881,39.7987336566744,40.7964891442607,40.8407044966672),
 .UNSPECIFIED.);
#174=B_SPLINE_CURVE_WITH_KNOTS('',3,(#1870,#1871,#1872,#1873,#1874,#1875,
#1876,#1877,#1878,#1879),.UNSPECIFIED.,.F.,.F.,(4,1,1,1,1,1,1,4),(34.5575191894876,
35.3510062520895,36.3487617396758,37.3465172272621,38.3442727148485,39.3420282024348,
40.3397836900212,40.8407044966672),.UNSPECIFIED.);
#175=B_SPLINE_CURVE_WITH_KNOTS('',3,(#1884,#1885,#1886,#1887,#1888,#1889,
#1890,#1891,#1892,#1893),.UNSPECIFIED.,.F.,.F.,(4,1,1,1,1,1,1,4),(28.2743338823083,
28.8234232932247,29.8211787808111,30.8189342683974,31.8166897559837,32.8144452435701,
33.8122007311564,34.5575191894875),.UNSPECIFIED.);
#176=B_SPLINE_CURVE_WITH_KNOTS('',3,(#1894,#1895,#1896,#1897,#1898,#1899,
#1900,#1901,#1902,#1903,#1904),.UNSPECIFIED.,.F.,.F.,(4,1,1,1,1,1,1,1,4),
(28.2743338823082,28.3667178389851,29.3644733265714,30.3622288141578,31.3599843017441,
32.3577397893305,33.3554952769168,34.3532507645031,34.5575191894876),
 .UNSPECIFIED.);
#177=B_SPLINE_CURVE_WITH_KNOTS('',3,(#1909,#1910,#1911,#1912,#1913,#1914,
#1915,#1916,#1917,#1918),.UNSPECIFIED.,.F.,.F.,(4,1,1,1,1,1,1,4),(21.9911485751287,
22.8368903677067,23.8346458552931,24.8324013428794,25.8301568304657,26.8279123180521,
27.8256678056384,28.2743338823083),.UNSPECIFIED.);
#178=B_SPLINE_CURVE_WITH_KNOTS('',3,(#1919,#1920,#1921,#1922,#1923,#1924,
#1925,#1926,#1927,#1928),.UNSPECIFIED.,.F.,.F.,(4,1,1,1,1,1,1,4),(21.9911485751287,
22.3801849134671,23.3779404010534,24.3756958886398,25.3734513762261,26.3712068638124,
27.3689623513988,28.2743338823082),.UNSPECIFIED.);
#179=B_SPLINE_CURVE_WITH_KNOTS('',3,(#1934,#1935,#1936,#1937,#1938),
 .UNSPECIFIED.,.F.,.F.,(4,1,4),(14.3981410127764,15.3958965003627,15.7079632679487),
 .UNSPECIFIED.);
#180=B_SPLINE_CURVE_WITH_KNOTS('',3,(#1941,#1942,#1943,#1944,#1945),
 .UNSPECIFIED.,.F.,.F.,(4,1,4),(13.8761928695313,14.8548464670161,15.7079632679487),
 .UNSPECIFIED.);
#181=B_SPLINE_CURVE_WITH_KNOTS('',3,(#1947,#1948,#1949,#1950,#1951,#1952,
#1953,#1954,#1955,#1956,#1957),.UNSPECIFIED.,.F.,.F.,(4,1,1,1,1,1,1,1,4),
(15.7079632679487,15.8526019546024,16.8503574421887,17.8481129297751,18.8458684173614,
19.8436239049477,20.8413793925341,21.8391348801204,21.9911485751287),
 .UNSPECIFIED.);
#182=B_SPLINE_CURVE_WITH_KNOTS('',3,(#1958,#1959,#1960,#1961,#1962,#1963,
#1964,#1965,#1966,#1967),.UNSPECIFIED.,.F.,.F.,(4,1,1,1,1,1,1,4),(15.7079632679487,
16.3936519879491,17.3914074755354,18.3891629631217,19.3869184507081,20.3846739382944,
21.3824294258807,21.9911485751287),.UNSPECIFIED.);
#183=B_SPLINE_CURVE_WITH_KNOTS('',3,(#2168,#2169,#2170,#2171,#2172,#2173,
#2174,#2175,#2176,#2177,#2178,#2179,#2180,#2181,#2182,#2183,#2184,#2185,
#2186,#2187,#2188,#2189,#2190,#2191,#2192,#2193,#2194,#2195,#2196,#2197,
#2198,#2199,#2200,#2201,#2202,#2203,#2204,#2205,#2206,#2207,#2208,#2209,
#2210,#2211,#2212,#2213,#2214,#2215,#2216,#2217,#2218,#2219,#2220,#2221,
#2222,#2223,#2224,#2225,#2226,#2227,#2228,#2229,#2230,#2231,#2232,#2233,
#2234,#2235,#2236,#2237,#2238,#2239,#2240,#2241,#2242,#2243,#2244,#2245,
#2246,#2247,#2248,#2249,#2250,#2251,#2252,#2253,#2254,#2255),
 .UNSPECIFIED.,.F.,.F.,(4,3,3,3,3,3,3,3,3,3,3,3,3,3,3,3,3,3,3,3,3,3,3,3,
3,3,3,3,3,4),(0.,0.0219514862998102,0.0445270212206135,0.0636109307308997,
0.0720919268660419,0.0767416951757476,0.0810453660188317,0.102991700968198,
0.124771731410442,0.142878372883558,0.150425059584638,0.153921129852651,
0.157566392875392,0.178340489681458,0.197198297302903,0.219473681207788,
0.224386133916036,0.229388797633539,0.250052839860209,0.270713562989388,
0.285703238669235,0.29194547591238,0.296703756233633,0.300589145914473,
0.320365412333732,0.334291316399991,0.338761449767764,0.357791779276281,
0.375401368541985,0.378621596830913),.UNSPECIFIED.);
#184=B_SPLINE_CURVE_WITH_KNOTS('',3,(#2256,#2257,#2258,#2259,#2260,#2261,
#2262,#2263,#2264,#2265,#2266,#2267,#2268,#2269,#2270,#2271,#2272,#2273,
#2274,#2275,#2276,#2277,#2278,#2279,#2280,#2281,#2282,#2283,#2284,#2285,
#2286,#2287,#2288,#2289,#2290,#2291,#2292,#2293,#2294,#2295,#2296,#2297,
#2298,#2299,#2300,#2301,#2302,#2303,#2304,#2305,#2306,#2307,#2308,#2309,
#2310,#2311,#2312,#2313,#2314,#2315,#2316,#2317,#2318,#2319,#2320,#2321,
#2322,#2323,#2324,#2325,#2326,#2327,#2328,#2329,#2330,#2331,#2332,#2333,
#2334,#2335,#2336,#2337),.UNSPECIFIED.,.F.,.F.,(4,3,3,3,3,3,3,3,3,3,3,3,
3,3,3,3,3,3,3,3,3,3,3,3,3,3,3,4),(0.,0.0185800691575797,0.0384125277012094,
0.0557659289268854,0.064469024879379,0.0684496131771205,0.088491136232473,
0.108894992208016,0.125981178532666,0.133849522076525,0.137284439970011,
0.15835979504214,0.177239737506617,0.197775430489606,0.205671780949368,
0.209139711108688,0.230154029345457,0.251650991472626,0.268037339685372,
0.278233109571886,0.284061823569534,0.306331531552178,0.323002739849292,
0.328158313657825,0.333183194180196,0.355703971982396,0.373016364740632,
0.376940817211796),.UNSPECIFIED.);
#185=B_SPLINE_CURVE_WITH_KNOTS('',3,(#2338,#2339,#2340,#2341,#2342,#2343,
#2344,#2345,#2346,#2347,#2348,#2349,#2350,#2351,#2352,#2353,#2354,#2355,
#2356,#2357,#2358,#2359,#2360,#2361,#2362),.UNSPECIFIED.,.F.,.F.,(4,3,3,
3,3,3,3,3,4),(-10.1295685708716,-9.97755487586332,-8.97979938827699,-7.98204390069066,
-6.98428841310432,-5.98653292551798,-4.98877743793165,-3.99102195034532,
-3.84638326369162),.UNSPECIFIED.);
#186=B_SPLINE_CURVE_WITH_KNOTS('',3,(#2563,#2564,#2565,#2566,#2567,#2568,
#2569,#2570,#2571,#2572,#2573,#2574,#2575,#2576,#2577,#2578,#2579,#2580,
#2581,#2582,#2583,#2584,#2585,#2586,#2587,#2588,#2589,#2590,#2591,#2592,
#2593,#2594,#2595,#2596,#2597,#2598,#2599,#2600,#2601,#2602,#2603,#2604,
#2605,#2606,#2607,#2608,#2609,#2610,#2611,#2612,#2613,#2614,#2615,#2616,
#2617,#2618,#2619,#2620,#2621,#2622,#2623,#2624,#2625,#2626,#2627,#2628,
#2629,#2630,#2631,#2632,#2633,#2634,#2635,#2636,#2637,#2638,#2639,#2640,
#2641,#2642,#2643,#2644),.UNSPECIFIED.,.F.,.F.,(4,3,3,3,3,3,3,3,3,3,3,3,
3,3,3,3,3,3,3,3,3,3,3,3,3,3,3,4),(0.,0.0185800769616398,0.0384125345297378,
0.0557659349018236,0.0644690353499595,0.0684496159253612,0.088491144990222,
0.108895004227378,0.12598118754714,0.133849536512756,0.137284447704049,
0.158359803240601,0.177239737506424,0.19777542785774,0.205671780388685,
0.209139710894885,0.230154026093667,0.25165098653071,0.268037341567172,
0.278233114436106,0.284061822255606,0.306331530060478,0.323002738730395,
0.32815831230192,0.333183193592105,0.35570397176622,0.373016364740147,0.376940817211526),
 .UNSPECIFIED.);
#187=B_SPLINE_CURVE_WITH_KNOTS('',3,(#2645,#2646,#2647,#2648,#2649,#2650,
#2651,#2652,#2653,#2654,#2655,#2656,#2657,#2658,#2659,#2660,#2661,#2662,
#2663,#2664,#2665,#2666),.UNSPECIFIED.,.F.,.F.,(4,3,3,3,3,3,3,4),(7.59300756235196,
7.9820439006907,8.97979938827704,9.97755487586337,10.9753103634497,11.973065851036,
12.9708213386224,13.8761928695316),.UNSPECIFIED.);
#188=B_SPLINE_CURVE_WITH_KNOTS('',3,(#2667,#2668,#2669,#2670,#2671,#2672,
#2673,#2674,#2675,#2676,#2677,#2678,#2679,#2680,#2681,#2682,#2683,#2684,
#2685,#2686,#2687,#2688,#2689,#2690,#2691,#2692,#2693,#2694,#2695,#2696,
#2697,#2698,#2699,#2700,#2701,#2702,#2703,#2704,#2705,#2706,#2707,#2708,
#2709,#2710,#2711,#2712,#2713,#2714,#2715,#2716,#2717,#2718,#2719,#2720,
#2721,#2722,#2723,#2724,#2725,#2726,#2727,#2728,#2729,#2730,#2731,#2732,
#2733,#2734,#2735,#2736,#2737,#2738,#2739,#2740,#2741,#2742,#2743,#2744,
#2745,#2746,#2747,#2748,#2749,#2750,#2751,#2752,#2753,#2754),
 .UNSPECIFIED.,.F.,.F.,(4,3,3,3,3,3,3,3,3,3,3,3,3,3,3,3,3,3,3,3,3,3,3,3,
3,3,3,3,3,4),(0.,0.0219514929376076,0.0445270291276945,0.0636109376496108,
0.0720919289184911,0.0767416996649347,0.0810453672209754,0.10299170271006,
0.124771731952851,0.142878373290394,0.150425061175153,0.153921136311151,
0.157566394413742,0.178340489975821,0.197198297303025,0.219473681207968,
0.224386134324994,0.229388797597579,0.250052840382592,0.27071356413957,
0.285703238065794,0.291945474908773,0.296703770516867,0.300589147846367,
0.320365413771033,0.334291317711501,0.338761450611028,0.357791778802446,
0.375401368542572,0.378621596831439),.UNSPECIFIED.);
#189=B_SPLINE_CURVE_WITH_KNOTS('',3,(#2764,#2765,#2766,#2767,#2768,#2769,
#2770,#2771,#2772,#2773,#2774,#2775,#2776,#2777,#2778,#2779,#2780,#2781,
#2782,#2783,#2784,#2785,#2786,#2787,#2788,#2789,#2790,#2791,#2792,#2793,
#2794,#2795,#2796,#2797,#2798,#2799,#2800,#2801,#2802,#2803,#2804,#2805,
#2806,#2807,#2808,#2809,#2810,#2811,#2812,#2813,#2814,#2815,#2816,#2817,
#2818,#2819,#2820,#2821,#2822,#2823,#2824,#2825,#2826,#2827,#2828,#2829,
#2830,#2831,#2832,#2833,#2834,#2835,#2836,#2837,#2838,#2839,#2840,#2841,
#2842,#2843,#2844,#2845),.UNSPECIFIED.,.F.,.F.,(4,3,3,3,3,3,3,3,3,3,3,3,
3,3,3,3,3,3,3,3,3,3,3,3,3,3,3,4),(0.,0.0185798941273627,0.0384123745497507,
0.0557657949193402,0.0644687900278357,0.0684495514664419,0.0884909396414718,
0.108894722329977,0.125980976124099,0.133849197911642,0.137284267818375,
0.158359612288444,0.177239737506467,0.197775489387805,0.205671793316345,
0.209139714999746,0.230154101137613,0.251651101065298,0.268037297969886,
0.278233001855547,0.284061852891329,0.306331564798723,0.323002764784199,
0.328158343373888,0.333183207125809,0.355703976843945,0.373016364740627,
0.376940817212428),.UNSPECIFIED.);
#190=B_SPLINE_CURVE_WITH_KNOTS('',3,(#2846,#2847,#2848,#2849,#2850,#2851,
#2852,#2853,#2854,#2855,#2856,#2857,#2858,#2859,#2860,#2861,#2862,#2863,
#2864,#2865,#2866,#2867,#2868,#2869,#2870,#2871,#2872,#2873,#2874,#2875,
#2876,#2877,#2878,#2879,#2880,#2881,#2882,#2883,#2884,#2885,#2886,#2887,
#2888,#2889,#2890,#2891,#2892,#2893,#2894,#2895,#2896,#2897,#2898,#2899,
#2900,#2901,#2902,#2903,#2904,#2905,#2906,#2907,#2908,#2909,#2910,#2911,
#2912,#2913,#2914,#2915,#2916,#2917,#2918,#2919,#2920,#2921,#2922,#2923,
#2924,#2925,#2926,#2927,#2928,#2929,#2930),.UNSPECIFIED.,.F.,.F.,(4,3,3,
3,3,3,3,3,3,3,3,3,3,3,3,3,3,3,3,3,3,3,3,3,3,3,3,3,4),(0.,0.021951343854512,
0.0445268514502869,0.0636107821818679,0.0720918828050031,0.0767415987710543,
0.0810453402259551,0.102991663466689,0.124771719543489,0.14287836398335,
0.150425025294359,0.153920992015755,0.157566359968467,0.17834048338469,
0.197198297302935,0.214836451452119,0.222816734477107,0.226942599332741,
0.230421419517361,0.251031941217876,0.271729444222255,0.288372965790793,
0.296844918083407,0.300626630505597,0.320398220057448,0.338303530496408,
0.357340771221043,0.375401368541324,0.378621596830466),.UNSPECIFIED.);
#191=B_SPLINE_CURVE_WITH_KNOTS('',3,(#2933,#2934,#2935,#2936,#2937,#2938,
#2939,#2940,#2941,#2942,#2943),.UNSPECIFIED.,.F.,.F.,(4,1,1,1,1,1,1,1,4),
(15.7079632679487,15.8526019546033,16.8503574421897,17.8481129297761,18.8458684173625,
19.8436239049488,20.8413793925352,21.8391348801216,21.9911485751286),
 .UNSPECIFIED.);
#192=B_SPLINE_CURVE_WITH_KNOTS('',3,(#2944,#2945,#2946,#2947,#2948,#2949,
#2950,#2951,#2952,#2953),.UNSPECIFIED.,.F.,.F.,(4,1,1,1,1,1,1,4),(15.7079632679487,
16.3936519879498,17.3914074755362,18.3891629631226,19.386918450709,20.3846739382954,
21.3824294258818,21.9911485751287),.UNSPECIFIED.);
#193=B_SPLINE_CURVE_WITH_KNOTS('',3,(#3154,#3155,#3156,#3157,#3158,#3159,
#3160,#3161,#3162,#3163,#3164,#3165,#3166,#3167,#3168,#3169,#3170,#3171,
#3172,#3173,#3174,#3175,#3176,#3177,#3178,#3179,#3180,#3181,#3182,#3183,
#3184,#3185,#3186,#3187,#3188,#3189,#3190,#3191,#3192,#3193,#3194,#3195,
#3196,#3197,#3198,#3199,#3200,#3201,#3202,#3203,#3204,#3205,#3206,#3207,
#3208,#3209,#3210,#3211,#3212,#3213,#3214,#3215,#3216,#3217,#3218,#3219,
#3220,#3221,#3222,#3223,#3224,#3225,#3226,#3227,#3228,#3229,#3230,#3231,
#3232,#3233,#3234,#3235,#3236,#3237,#3238,#3239,#3240,#3241),
 .UNSPECIFIED.,.F.,.F.,(4,3,3,3,3,3,3,3,3,3,3,3,3,3,3,3,3,3,3,3,3,3,3,3,
3,3,3,3,3,4),(0.,0.02195133737027,0.0445268437181527,0.0636107754162336,
0.0720918807984709,0.0767415943806188,0.081045339085823,0.102991661789639,
0.124771719028737,0.142878363597253,0.150425023745881,0.153920985702347,
0.15756635846345,0.17834048308679,0.1971982973028,0.219473681207692,0.224386124611338,
0.229388797445006,0.250052827100682,0.270713536071751,0.285703248973345,
0.29194549357789,0.29670352226562,0.3005891160631,0.320365393063268,0.334291305566913,
0.338761447499741,0.357791805958916,0.375401368541937,0.378621596830845),
 .UNSPECIFIED.);
#194=B_SPLINE_CURVE_WITH_KNOTS('',3,(#3242,#3243,#3244,#3245,#3246,#3247,
#3248,#3249,#3250,#3251,#3252,#3253,#3254,#3255,#3256,#3257,#3258,#3259,
#3260,#3261,#3262,#3263,#3264,#3265,#3266),.UNSPECIFIED.,.F.,.F.,(4,3,3,
3,3,3,3,3,4),(-10.1295685708706,-9.97755487586387,-8.97979938827748,-7.98204390069109,
-6.9842884131047,-5.98653292551831,-4.98877743793192,-3.99102195034552,
-3.84638326369098),.UNSPECIFIED.);
#195=B_SPLINE_CURVE_WITH_KNOTS('',3,(#3467,#3468,#3469,#3470,#3471,#3472,
#3473,#3474,#3475,#3476,#3477,#3478,#3479,#3480,#3481,#3482,#3483,#3484,
#3485,#3486,#3487,#3488,#3489,#3490,#3491,#3492,#3493,#3494,#3495,#3496,
#3497,#3498,#3499,#3500,#3501,#3502,#3503,#3504,#3505,#3506,#3507,#3508,
#3509,#3510,#3511,#3512,#3513,#3514,#3515,#3516,#3517,#3518,#3519,#3520,
#3521,#3522,#3523,#3524,#3525,#3526,#3527,#3528,#3529,#3530,#3531,#3532,
#3533,#3534,#3535,#3536,#3537,#3538,#3539,#3540,#3541,#3542,#3543,#3544,
#3545,#3546,#3547,#3548),.UNSPECIFIED.,.F.,.F.,(4,3,3,3,3,3,3,3,3,3,3,3,
3,3,3,3,3,3,3,3,3,3,3,3,3,3,3,4),(0.,0.0185799017484582,0.038412381218218,
0.0557658007542578,0.0644688002539833,0.0684495541431553,0.0884909481905241,
0.108894734076154,0.12598098493375,0.133849212022068,0.137284275244089,
0.158359620182789,0.177239737506537,0.197775486830931,0.205671792786602,
0.209139714858357,0.230154098049182,0.251651096336191,0.2680372997696,0.278233006500746,
0.284061851609923,0.30633156334716,0.323002763695511,0.328158342143172,
0.33318320657867,0.355703976629798,0.373016364740563,0.37694081721193),
 .UNSPECIFIED.);
#196=B_SPLINE_CURVE_WITH_KNOTS('',3,(#3549,#3550,#3551,#3552,#3553,#3554,
#3555,#3556,#3557,#3558,#3559,#3560,#3561,#3562,#3563,#3564,#3565,#3566,
#3567,#3568,#3569,#3570),.UNSPECIFIED.,.F.,.F.,(4,3,3,3,3,3,3,4),(7.59300756235133,
7.98204390069113,8.97979938827753,9.97755487586392,10.9753103634503,11.9730658510367,
12.9708213386231,13.8761928695309),.UNSPECIFIED.);
#197=LINE('',#989,#237);
#198=LINE('',#1016,#238);
#199=LINE('',#1064,#239);
#200=LINE('',#1115,#240);
#201=LINE('',#1166,#241);
#202=LINE('',#1214,#242);
#203=LINE('',#1265,#243);
#204=LINE('',#1304,#244);
#205=LINE('',#1329,#245);
#206=LINE('',#1354,#246);
#207=LINE('',#1378,#247);
#208=LINE('',#1403,#248);
#209=LINE('',#1428,#249);
#210=LINE('',#1452,#250);
#211=LINE('',#1469,#251);
#212=LINE('',#1496,#252);
#213=LINE('',#1544,#253);
#214=LINE('',#1595,#254);
#215=LINE('',#1646,#255);
#216=LINE('',#1694,#256);
#217=LINE('',#1745,#257);
#218=LINE('',#1784,#258);
#219=LINE('',#1809,#259);
#220=LINE('',#1834,#260);
#221=LINE('',#1858,#261);
#222=LINE('',#1883,#262);
#223=LINE('',#1908,#263);
#224=LINE('',#1932,#264);
#225=LINE('',#2758,#265);
#226=LINE('',#2760,#266);
#227=LINE('',#2762,#267);
#228=LINE('',#2763,#268);
#229=LINE('',#3574,#269);
#230=LINE('',#3576,#270);
#231=LINE('',#3577,#271);
#232=LINE('',#3580,#272);
#233=LINE('',#3582,#273);
#234=LINE('',#3583,#274);
#235=LINE('',#3585,#275);
#236=LINE('',#3586,#276);
#237=VECTOR('',#855,1.666);
#238=VECTOR('',#860,1.666);
#239=VECTOR('',#863,1.666);
#240=VECTOR('',#866,1.666);
#241=VECTOR('',#869,1.666);
#242=VECTOR('',#872,1.666);
#243=VECTOR('',#875,1.666);
#244=VECTOR('',#880,2.05475000000002);
#245=VECTOR('',#885,2.05475000000002);
#246=VECTOR('',#888,2.05475000000002);
#247=VECTOR('',#891,2.05475000000002);
#248=VECTOR('',#894,2.05475000000002);
#249=VECTOR('',#897,2.05475000000002);
#250=VECTOR('',#900,2.05475000000002);
#251=VECTOR('',#905,1.666);
#252=VECTOR('',#910,1.666);
#253=VECTOR('',#913,1.666);
#254=VECTOR('',#916,1.666);
#255=VECTOR('',#919,1.666);
#256=VECTOR('',#922,1.666);
#257=VECTOR('',#925,1.666);
#258=VECTOR('',#930,2.05475);
#259=VECTOR('',#935,2.05475);
#260=VECTOR('',#938,2.05475);
#261=VECTOR('',#941,2.05475);
#262=VECTOR('',#944,2.05475);
#263=VECTOR('',#947,2.05475);
#264=VECTOR('',#950,2.05475);
#265=VECTOR('',#957,10.);
#266=VECTOR('',#958,10.);
#267=VECTOR('',#959,10.);
#268=VECTOR('',#960,10.);
#269=VECTOR('',#969,10.);
#270=VECTOR('',#970,10.);
#271=VECTOR('',#971,10.);
#272=VECTOR('',#974,10.);
#273=VECTOR('',#975,10.);
#274=VECTOR('',#976,10.);
#275=VECTOR('',#979,10.);
#276=VECTOR('',#980,10.);
#277=VERTEX_POINT('',#987);
#278=VERTEX_POINT('',#988);
#279=VERTEX_POINT('',#990);
#280=VERTEX_POINT('',#998);
#281=VERTEX_POINT('',#1014);
#282=VERTEX_POINT('',#1015);
#283=VERTEX_POINT('',#1062);
#284=VERTEX_POINT('',#1063);
#285=VERTEX_POINT('',#1113);
#286=VERTEX_POINT('',#1114);
#287=VERTEX_POINT('',#1164);
#288=VERTEX_POINT('',#1165);
#289=VERTEX_POINT('',#1212);
#290=VERTEX_POINT('',#1213);
#291=VERTEX_POINT('',#1263);
#292=VERTEX_POINT('',#1264);
#293=VERTEX_POINT('',#1266);
#294=VERTEX_POINT('',#1280);
#295=VERTEX_POINT('',#1302);
#296=VERTEX_POINT('',#1303);
#297=VERTEX_POINT('',#1305);
#298=VERTEX_POINT('',#1315);
#299=VERTEX_POINT('',#1327);
#300=VERTEX_POINT('',#1328);
#301=VERTEX_POINT('',#1352);
#302=VERTEX_POINT('',#1353);
#303=VERTEX_POINT('',#1376);
#304=VERTEX_POINT('',#1377);
#305=VERTEX_POINT('',#1401);
#306=VERTEX_POINT('',#1402);
#307=VERTEX_POINT('',#1426);
#308=VERTEX_POINT('',#1427);
#309=VERTEX_POINT('',#1450);
#310=VERTEX_POINT('',#1451);
#311=VERTEX_POINT('',#1453);
#312=VERTEX_POINT('',#1459);
#313=VERTEX_POINT('',#1467);
#314=VERTEX_POINT('',#1468);
#315=VERTEX_POINT('',#1470);
#316=VERTEX_POINT('',#1478);
#317=VERTEX_POINT('',#1494);
#318=VERTEX_POINT('',#1495);
#319=VERTEX_POINT('',#1542);
#320=VERTEX_POINT('',#1543);
#321=VERTEX_POINT('',#1593);
#322=VERTEX_POINT('',#1594);
#323=VERTEX_POINT('',#1644);
#324=VERTEX_POINT('',#1645);
#325=VERTEX_POINT('',#1692);
#326=VERTEX_POINT('',#1693);
#327=VERTEX_POINT('',#1743);
#328=VERTEX_POINT('',#1744);
#329=VERTEX_POINT('',#1746);
#330=VERTEX_POINT('',#1760);
#331=VERTEX_POINT('',#1782);
#332=VERTEX_POINT('',#1783);
#333=VERTEX_POINT('',#1785);
#334=VERTEX_POINT('',#1795);
#335=VERTEX_POINT('',#1807);
#336=VERTEX_POINT('',#1808);
#337=VERTEX_POINT('',#1832);
#338=VERTEX_POINT('',#1833);
#339=VERTEX_POINT('',#1856);
#340=VERTEX_POINT('',#1857);
#341=VERTEX_POINT('',#1881);
#342=VERTEX_POINT('',#1882);
#343=VERTEX_POINT('',#1906);
#344=VERTEX_POINT('',#1907);
#345=VERTEX_POINT('',#1930);
#346=VERTEX_POINT('',#1931);
#347=VERTEX_POINT('',#1933);
#348=VERTEX_POINT('',#1939);
#349=VERTEX_POINT('',#2756);
#350=VERTEX_POINT('',#2757);
#351=VERTEX_POINT('',#2759);
#352=VERTEX_POINT('',#2761);
#353=VERTEX_POINT('',#3573);
#354=VERTEX_POINT('',#3575);
#355=VERTEX_POINT('',#3579);
#356=VERTEX_POINT('',#3581);
#357=EDGE_CURVE('',#277,#278,#197,.T.);
#358=EDGE_CURVE('',#278,#279,#125,.T.);
#359=EDGE_CURVE('',#280,#279,#117,.T.);
#360=EDGE_CURVE('',#280,#277,#126,.T.);
#361=EDGE_CURVE('',#281,#282,#198,.T.);
#362=EDGE_CURVE('',#282,#278,#127,.T.);
#363=EDGE_CURVE('',#277,#281,#128,.T.);
#364=EDGE_CURVE('',#283,#284,#199,.T.);
#365=EDGE_CURVE('',#284,#282,#129,.T.);
#366=EDGE_CURVE('',#281,#283,#130,.T.);
#367=EDGE_CURVE('',#285,#286,#200,.T.);
#368=EDGE_CURVE('',#286,#284,#131,.T.);
#369=EDGE_CURVE('',#283,#285,#132,.T.);
#370=EDGE_CURVE('',#287,#288,#201,.T.);
#371=EDGE_CURVE('',#288,#286,#133,.T.);
#372=EDGE_CURVE('',#285,#287,#134,.T.);
#373=EDGE_CURVE('',#289,#290,#202,.T.);
#374=EDGE_CURVE('',#290,#288,#135,.T.);
#375=EDGE_CURVE('',#287,#289,#136,.T.);
#376=EDGE_CURVE('',#291,#292,#203,.T.);
#377=EDGE_CURVE('',#291,#293,#137,.T.);
#378=EDGE_CURVE('',#294,#293,#118,.T.);
#379=EDGE_CURVE('',#294,#292,#138,.T.);
#380=EDGE_CURVE('',#295,#296,#204,.T.);
#381=EDGE_CURVE('',#296,#297,#139,.T.);
#382=EDGE_CURVE('',#298,#297,#119,.T.);
#383=EDGE_CURVE('',#295,#298,#140,.T.);
#384=EDGE_CURVE('',#299,#300,#205,.T.);
#385=EDGE_CURVE('',#300,#296,#141,.T.);
#386=EDGE_CURVE('',#299,#295,#142,.T.);
#387=EDGE_CURVE('',#301,#302,#206,.T.);
#388=EDGE_CURVE('',#302,#300,#143,.T.);
#389=EDGE_CURVE('',#301,#299,#144,.T.);
#390=EDGE_CURVE('',#303,#304,#207,.T.);
#391=EDGE_CURVE('',#304,#302,#145,.T.);
#392=EDGE_CURVE('',#303,#301,#146,.T.);
#393=EDGE_CURVE('',#305,#306,#208,.T.);
#394=EDGE_CURVE('',#306,#304,#147,.T.);
#395=EDGE_CURVE('',#305,#303,#148,.T.);
#396=EDGE_CURVE('',#307,#308,#209,.T.);
#397=EDGE_CURVE('',#308,#306,#149,.T.);
#398=EDGE_CURVE('',#307,#305,#150,.T.);
#399=EDGE_CURVE('',#309,#310,#210,.T.);
#400=EDGE_CURVE('',#311,#309,#151,.T.);
#401=EDGE_CURVE('',#312,#311,#120,.T.);
#402=EDGE_CURVE('',#312,#310,#152,.T.);
#403=EDGE_CURVE('',#313,#314,#211,.T.);
#404=EDGE_CURVE('',#314,#315,#153,.T.);
#405=EDGE_CURVE('',#316,#315,#121,.T.);
#406=EDGE_CURVE('',#316,#313,#154,.T.);
#407=EDGE_CURVE('',#317,#318,#212,.T.);
#408=EDGE_CURVE('',#318,#314,#155,.T.);
#409=EDGE_CURVE('',#313,#317,#156,.T.);
#410=EDGE_CURVE('',#319,#320,#213,.T.);
#411=EDGE_CURVE('',#320,#318,#157,.T.);
#412=EDGE_CURVE('',#317,#319,#158,.T.);
#413=EDGE_CURVE('',#321,#322,#214,.T.);
#414=EDGE_CURVE('',#322,#320,#159,.T.);
#415=EDGE_CURVE('',#319,#321,#160,.T.);
#416=EDGE_CURVE('',#323,#324,#215,.T.);
#417=EDGE_CURVE('',#324,#322,#161,.T.);
#418=EDGE_CURVE('',#321,#323,#162,.T.);
#419=EDGE_CURVE('',#325,#326,#216,.T.);
#420=EDGE_CURVE('',#326,#324,#163,.T.);
#421=EDGE_CURVE('',#323,#325,#164,.T.);
#422=EDGE_CURVE('',#327,#328,#217,.T.);
#423=EDGE_CURVE('',#327,#329,#165,.T.);
#424=EDGE_CURVE('',#330,#329,#122,.T.);
#425=EDGE_CURVE('',#330,#328,#166,.T.);
#426=EDGE_CURVE('',#331,#332,#218,.T.);
#427=EDGE_CURVE('',#332,#333,#167,.T.);
#428=EDGE_CURVE('',#334,#333,#123,.T.);
#429=EDGE_CURVE('',#331,#334,#168,.T.);
#430=EDGE_CURVE('',#335,#336,#219,.T.);
#431=EDGE_CURVE('',#336,#332,#169,.T.);
#432=EDGE_CURVE('',#335,#331,#170,.T.);
#433=EDGE_CURVE('',#337,#338,#220,.T.);
#434=EDGE_CURVE('',#338,#336,#171,.T.);
#435=EDGE_CURVE('',#337,#335,#172,.T.);
#436=EDGE_CURVE('',#339,#340,#221,.T.);
#437=EDGE_CURVE('',#340,#338,#173,.T.);
#438=EDGE_CURVE('',#339,#337,#174,.T.);
#439=EDGE_CURVE('',#341,#342,#222,.T.);
#440=EDGE_CURVE('',#342,#340,#175,.T.);
#441=EDGE_CURVE('',#341,#339,#176,.T.);
#442=EDGE_CURVE('',#343,#344,#223,.T.);
#443=EDGE_CURVE('',#344,#342,#177,.T.);
#444=EDGE_CURVE('',#343,#341,#178,.T.);
#445=EDGE_CURVE('',#345,#346,#224,.T.);
#446=EDGE_CURVE('',#347,#345,#179,.T.);
#447=EDGE_CURVE('',#348,#347,#124,.T.);
#448=EDGE_CURVE('',#348,#346,#180,.T.);
#449=EDGE_CURVE('',#346,#344,#181,.T.);
#450=EDGE_CURVE('',#345,#343,#182,.T.);
#451=EDGE_CURVE('',#333,#316,#183,.T.);
#452=EDGE_CURVE('',#329,#348,#184,.T.);
#453=EDGE_CURVE('',#325,#327,#185,.T.);
#454=EDGE_CURVE('',#315,#334,#186,.T.);
#455=EDGE_CURVE('',#328,#326,#187,.T.);
#456=EDGE_CURVE('',#347,#330,#188,.T.);
#457=EDGE_CURVE('',#349,#350,#225,.T.);
#458=EDGE_CURVE('',#350,#351,#226,.T.);
#459=EDGE_CURVE('',#352,#351,#227,.T.);
#460=EDGE_CURVE('',#349,#352,#228,.T.);
#461=EDGE_CURVE('',#293,#312,#189,.T.);
#462=EDGE_CURVE('',#311,#294,#190,.T.);
#463=EDGE_CURVE('',#310,#308,#191,.T.);
#464=EDGE_CURVE('',#309,#307,#192,.T.);
#465=EDGE_CURVE('',#297,#280,#193,.T.);
#466=EDGE_CURVE('',#289,#291,#194,.T.);
#467=EDGE_CURVE('',#279,#298,#195,.T.);
#468=EDGE_CURVE('',#292,#290,#196,.T.);
#469=EDGE_CURVE('',#353,#350,#229,.T.);
#470=EDGE_CURVE('',#353,#354,#230,.T.);
#471=EDGE_CURVE('',#351,#354,#231,.T.);
#472=EDGE_CURVE('',#349,#355,#232,.T.);
#473=EDGE_CURVE('',#356,#352,#233,.T.);
#474=EDGE_CURVE('',#355,#356,#234,.T.);
#475=EDGE_CURVE('',#355,#353,#235,.T.);
#476=EDGE_CURVE('',#354,#356,#236,.T.);
#477=ORIENTED_EDGE('',*,*,#357,.T.);
#478=ORIENTED_EDGE('',*,*,#358,.T.);
#479=ORIENTED_EDGE('',*,*,#359,.F.);
#480=ORIENTED_EDGE('',*,*,#360,.T.);
#481=ORIENTED_EDGE('',*,*,#361,.T.);
#482=ORIENTED_EDGE('',*,*,#362,.T.);
#483=ORIENTED_EDGE('',*,*,#357,.F.);
#484=ORIENTED_EDGE('',*,*,#363,.T.);
#485=ORIENTED_EDGE('',*,*,#364,.T.);
#486=ORIENTED_EDGE('',*,*,#365,.T.);
#487=ORIENTED_EDGE('',*,*,#361,.F.);
#488=ORIENTED_EDGE('',*,*,#366,.T.);
#489=ORIENTED_EDGE('',*,*,#367,.T.);
#490=ORIENTED_EDGE('',*,*,#368,.T.);
#491=ORIENTED_EDGE('',*,*,#364,.F.);
#492=ORIENTED_EDGE('',*,*,#369,.T.);
#493=ORIENTED_EDGE('',*,*,#370,.T.);
#494=ORIENTED_EDGE('',*,*,#371,.T.);
#495=ORIENTED_EDGE('',*,*,#367,.F.);
#496=ORIENTED_EDGE('',*,*,#372,.T.);
#497=ORIENTED_EDGE('',*,*,#373,.T.);
#498=ORIENTED_EDGE('',*,*,#374,.T.);
#499=ORIENTED_EDGE('',*,*,#370,.F.);
#500=ORIENTED_EDGE('',*,*,#375,.T.);
#501=ORIENTED_EDGE('',*,*,#376,.F.);
#502=ORIENTED_EDGE('',*,*,#377,.T.);
#503=ORIENTED_EDGE('',*,*,#378,.F.);
#504=ORIENTED_EDGE('',*,*,#379,.T.);
#505=ORIENTED_EDGE('',*,*,#380,.T.);
#506=ORIENTED_EDGE('',*,*,#381,.T.);
#507=ORIENTED_EDGE('',*,*,#382,.F.);
#508=ORIENTED_EDGE('',*,*,#383,.F.);
#509=ORIENTED_EDGE('',*,*,#384,.T.);
#510=ORIENTED_EDGE('',*,*,#385,.T.);
#511=ORIENTED_EDGE('',*,*,#380,.F.);
#512=ORIENTED_EDGE('',*,*,#386,.F.);
#513=ORIENTED_EDGE('',*,*,#387,.T.);
#514=ORIENTED_EDGE('',*,*,#388,.T.);
#515=ORIENTED_EDGE('',*,*,#384,.F.);
#516=ORIENTED_EDGE('',*,*,#389,.F.);
#517=ORIENTED_EDGE('',*,*,#390,.T.);
#518=ORIENTED_EDGE('',*,*,#391,.T.);
#519=ORIENTED_EDGE('',*,*,#387,.F.);
#520=ORIENTED_EDGE('',*,*,#392,.F.);
#521=ORIENTED_EDGE('',*,*,#393,.T.);
#522=ORIENTED_EDGE('',*,*,#394,.T.);
#523=ORIENTED_EDGE('',*,*,#390,.F.);
#524=ORIENTED_EDGE('',*,*,#395,.F.);
#525=ORIENTED_EDGE('',*,*,#396,.T.);
#526=ORIENTED_EDGE('',*,*,#397,.T.);
#527=ORIENTED_EDGE('',*,*,#393,.F.);
#528=ORIENTED_EDGE('',*,*,#398,.F.);
#529=ORIENTED_EDGE('',*,*,#399,.F.);
#530=ORIENTED_EDGE('',*,*,#400,.F.);
#531=ORIENTED_EDGE('',*,*,#401,.F.);
#532=ORIENTED_EDGE('',*,*,#402,.T.);
#533=ORIENTED_EDGE('',*,*,#403,.T.);
#534=ORIENTED_EDGE('',*,*,#404,.T.);
#535=ORIENTED_EDGE('',*,*,#405,.F.);
#536=ORIENTED_EDGE('',*,*,#406,.T.);
#537=ORIENTED_EDGE('',*,*,#407,.T.);
#538=ORIENTED_EDGE('',*,*,#408,.T.);
#539=ORIENTED_EDGE('',*,*,#403,.F.);
#540=ORIENTED_EDGE('',*,*,#409,.T.);
#541=ORIENTED_EDGE('',*,*,#410,.T.);
#542=ORIENTED_EDGE('',*,*,#411,.T.);
#543=ORIENTED_EDGE('',*,*,#407,.F.);
#544=ORIENTED_EDGE('',*,*,#412,.T.);
#545=ORIENTED_EDGE('',*,*,#413,.T.);
#546=ORIENTED_EDGE('',*,*,#414,.T.);
#547=ORIENTED_EDGE('',*,*,#410,.F.);
#548=ORIENTED_EDGE('',*,*,#415,.T.);
#549=ORIENTED_EDGE('',*,*,#416,.T.);
#550=ORIENTED_EDGE('',*,*,#417,.T.);
#551=ORIENTED_EDGE('',*,*,#413,.F.);
#552=ORIENTED_EDGE('',*,*,#418,.T.);
#553=ORIENTED_EDGE('',*,*,#419,.T.);
#554=ORIENTED_EDGE('',*,*,#420,.T.);
#555=ORIENTED_EDGE('',*,*,#416,.F.);
#556=ORIENTED_EDGE('',*,*,#421,.T.);
#557=ORIENTED_EDGE('',*,*,#422,.F.);
#558=ORIENTED_EDGE('',*,*,#423,.T.);
#559=ORIENTED_EDGE('',*,*,#424,.F.);
#560=ORIENTED_EDGE('',*,*,#425,.T.);
#561=ORIENTED_EDGE('',*,*,#426,.T.);
#562=ORIENTED_EDGE('',*,*,#427,.T.);
#563=ORIENTED_EDGE('',*,*,#428,.F.);
#564=ORIENTED_EDGE('',*,*,#429,.F.);
#565=ORIENTED_EDGE('',*,*,#430,.T.);
#566=ORIENTED_EDGE('',*,*,#431,.T.);
#567=ORIENTED_EDGE('',*,*,#426,.F.);
#568=ORIENTED_EDGE('',*,*,#432,.F.);
#569=ORIENTED_EDGE('',*,*,#433,.T.);
#570=ORIENTED_EDGE('',*,*,#434,.T.);
#571=ORIENTED_EDGE('',*,*,#430,.F.);
#572=ORIENTED_EDGE('',*,*,#435,.F.);
#573=ORIENTED_EDGE('',*,*,#436,.T.);
#574=ORIENTED_EDGE('',*,*,#437,.T.);
#575=ORIENTED_EDGE('',*,*,#433,.F.);
#576=ORIENTED_EDGE('',*,*,#438,.F.);
#577=ORIENTED_EDGE('',*,*,#439,.T.);
#578=ORIENTED_EDGE('',*,*,#440,.T.);
#579=ORIENTED_EDGE('',*,*,#436,.F.);
#580=ORIENTED_EDGE('',*,*,#441,.F.);
#581=ORIENTED_EDGE('',*,*,#442,.T.);
#582=ORIENTED_EDGE('',*,*,#443,.T.);
#583=ORIENTED_EDGE('',*,*,#439,.F.);
#584=ORIENTED_EDGE('',*,*,#444,.F.);
#585=ORIENTED_EDGE('',*,*,#445,.F.);
#586=ORIENTED_EDGE('',*,*,#446,.F.);
#587=ORIENTED_EDGE('',*,*,#447,.F.);
#588=ORIENTED_EDGE('',*,*,#448,.T.);
#589=ORIENTED_EDGE('',*,*,#445,.T.);
#590=ORIENTED_EDGE('',*,*,#449,.T.);
#591=ORIENTED_EDGE('',*,*,#442,.F.);
#592=ORIENTED_EDGE('',*,*,#450,.F.);
#593=ORIENTED_EDGE('',*,*,#451,.F.);
#594=ORIENTED_EDGE('',*,*,#427,.F.);
#595=ORIENTED_EDGE('',*,*,#431,.F.);
#596=ORIENTED_EDGE('',*,*,#434,.F.);
#597=ORIENTED_EDGE('',*,*,#437,.F.);
#598=ORIENTED_EDGE('',*,*,#440,.F.);
#599=ORIENTED_EDGE('',*,*,#443,.F.);
#600=ORIENTED_EDGE('',*,*,#449,.F.);
#601=ORIENTED_EDGE('',*,*,#448,.F.);
#602=ORIENTED_EDGE('',*,*,#452,.F.);
#603=ORIENTED_EDGE('',*,*,#423,.F.);
#604=ORIENTED_EDGE('',*,*,#453,.F.);
#605=ORIENTED_EDGE('',*,*,#421,.F.);
#606=ORIENTED_EDGE('',*,*,#418,.F.);
#607=ORIENTED_EDGE('',*,*,#415,.F.);
#608=ORIENTED_EDGE('',*,*,#412,.F.);
#609=ORIENTED_EDGE('',*,*,#409,.F.);
#610=ORIENTED_EDGE('',*,*,#406,.F.);
#611=ORIENTED_EDGE('',*,*,#454,.F.);
#612=ORIENTED_EDGE('',*,*,#404,.F.);
#613=ORIENTED_EDGE('',*,*,#408,.F.);
#614=ORIENTED_EDGE('',*,*,#411,.F.);
#615=ORIENTED_EDGE('',*,*,#414,.F.);
#616=ORIENTED_EDGE('',*,*,#417,.F.);
#617=ORIENTED_EDGE('',*,*,#420,.F.);
#618=ORIENTED_EDGE('',*,*,#455,.F.);
#619=ORIENTED_EDGE('',*,*,#425,.F.);
#620=ORIENTED_EDGE('',*,*,#456,.F.);
#621=ORIENTED_EDGE('',*,*,#446,.T.);
#622=ORIENTED_EDGE('',*,*,#450,.T.);
#623=ORIENTED_EDGE('',*,*,#444,.T.);
#624=ORIENTED_EDGE('',*,*,#441,.T.);
#625=ORIENTED_EDGE('',*,*,#438,.T.);
#626=ORIENTED_EDGE('',*,*,#435,.T.);
#627=ORIENTED_EDGE('',*,*,#432,.T.);
#628=ORIENTED_EDGE('',*,*,#429,.T.);
#629=ORIENTED_EDGE('',*,*,#457,.T.);
#630=ORIENTED_EDGE('',*,*,#458,.T.);
#631=ORIENTED_EDGE('',*,*,#459,.F.);
#632=ORIENTED_EDGE('',*,*,#460,.F.);
#633=ORIENTED_EDGE('',*,*,#461,.T.);
#634=ORIENTED_EDGE('',*,*,#401,.T.);
#635=ORIENTED_EDGE('',*,*,#462,.T.);
#636=ORIENTED_EDGE('',*,*,#378,.T.);
#637=ORIENTED_EDGE('',*,*,#452,.T.);
#638=ORIENTED_EDGE('',*,*,#447,.T.);
#639=ORIENTED_EDGE('',*,*,#456,.T.);
#640=ORIENTED_EDGE('',*,*,#424,.T.);
#641=ORIENTED_EDGE('',*,*,#422,.T.);
#642=ORIENTED_EDGE('',*,*,#455,.T.);
#643=ORIENTED_EDGE('',*,*,#419,.F.);
#644=ORIENTED_EDGE('',*,*,#453,.T.);
#645=ORIENTED_EDGE('',*,*,#399,.T.);
#646=ORIENTED_EDGE('',*,*,#463,.T.);
#647=ORIENTED_EDGE('',*,*,#396,.F.);
#648=ORIENTED_EDGE('',*,*,#464,.F.);
#649=ORIENTED_EDGE('',*,*,#465,.F.);
#650=ORIENTED_EDGE('',*,*,#381,.F.);
#651=ORIENTED_EDGE('',*,*,#385,.F.);
#652=ORIENTED_EDGE('',*,*,#388,.F.);
#653=ORIENTED_EDGE('',*,*,#391,.F.);
#654=ORIENTED_EDGE('',*,*,#394,.F.);
#655=ORIENTED_EDGE('',*,*,#397,.F.);
#656=ORIENTED_EDGE('',*,*,#463,.F.);
#657=ORIENTED_EDGE('',*,*,#402,.F.);
#658=ORIENTED_EDGE('',*,*,#461,.F.);
#659=ORIENTED_EDGE('',*,*,#377,.F.);
#660=ORIENTED_EDGE('',*,*,#466,.F.);
#661=ORIENTED_EDGE('',*,*,#375,.F.);
#662=ORIENTED_EDGE('',*,*,#372,.F.);
#663=ORIENTED_EDGE('',*,*,#369,.F.);
#664=ORIENTED_EDGE('',*,*,#366,.F.);
#665=ORIENTED_EDGE('',*,*,#363,.F.);
#666=ORIENTED_EDGE('',*,*,#360,.F.);
#667=ORIENTED_EDGE('',*,*,#467,.F.);
#668=ORIENTED_EDGE('',*,*,#358,.F.);
#669=ORIENTED_EDGE('',*,*,#362,.F.);
#670=ORIENTED_EDGE('',*,*,#365,.F.);
#671=ORIENTED_EDGE('',*,*,#368,.F.);
#672=ORIENTED_EDGE('',*,*,#371,.F.);
#673=ORIENTED_EDGE('',*,*,#374,.F.);
#674=ORIENTED_EDGE('',*,*,#468,.F.);
#675=ORIENTED_EDGE('',*,*,#379,.F.);
#676=ORIENTED_EDGE('',*,*,#462,.F.);
#677=ORIENTED_EDGE('',*,*,#400,.T.);
#678=ORIENTED_EDGE('',*,*,#464,.T.);
#679=ORIENTED_EDGE('',*,*,#398,.T.);
#680=ORIENTED_EDGE('',*,*,#395,.T.);
#681=ORIENTED_EDGE('',*,*,#392,.T.);
#682=ORIENTED_EDGE('',*,*,#389,.T.);
#683=ORIENTED_EDGE('',*,*,#386,.T.);
#684=ORIENTED_EDGE('',*,*,#383,.T.);
#685=ORIENTED_EDGE('',*,*,#376,.T.);
#686=ORIENTED_EDGE('',*,*,#468,.T.);
#687=ORIENTED_EDGE('',*,*,#373,.F.);
#688=ORIENTED_EDGE('',*,*,#466,.T.);
#689=ORIENTED_EDGE('',*,*,#469,.F.);
#690=ORIENTED_EDGE('',*,*,#470,.T.);
#691=ORIENTED_EDGE('',*,*,#471,.F.);
#692=ORIENTED_EDGE('',*,*,#458,.F.);
#693=ORIENTED_EDGE('',*,*,#472,.F.);
#694=ORIENTED_EDGE('',*,*,#460,.T.);
#695=ORIENTED_EDGE('',*,*,#473,.F.);
#696=ORIENTED_EDGE('',*,*,#474,.F.);
#697=ORIENTED_EDGE('',*,*,#475,.F.);
#698=ORIENTED_EDGE('',*,*,#474,.T.);
#699=ORIENTED_EDGE('',*,*,#476,.F.);
#700=ORIENTED_EDGE('',*,*,#470,.F.);
#701=ORIENTED_EDGE('',*,*,#451,.T.);
#702=ORIENTED_EDGE('',*,*,#405,.T.);
#703=ORIENTED_EDGE('',*,*,#454,.T.);
#704=ORIENTED_EDGE('',*,*,#428,.T.);
#705=ORIENTED_EDGE('',*,*,#465,.T.);
#706=ORIENTED_EDGE('',*,*,#359,.T.);
#707=ORIENTED_EDGE('',*,*,#467,.T.);
#708=ORIENTED_EDGE('',*,*,#382,.T.);
#709=ORIENTED_EDGE('',*,*,#475,.T.);
#710=ORIENTED_EDGE('',*,*,#469,.T.);
#711=ORIENTED_EDGE('',*,*,#457,.F.);
#712=ORIENTED_EDGE('',*,*,#472,.T.);
#713=ORIENTED_EDGE('',*,*,#476,.T.);
#714=ORIENTED_EDGE('',*,*,#473,.T.);
#715=ORIENTED_EDGE('',*,*,#459,.T.);
#716=ORIENTED_EDGE('',*,*,#471,.T.);
#717=CYLINDRICAL_SURFACE('',#805,1.666);
#718=CYLINDRICAL_SURFACE('',#807,1.666);
#719=CYLINDRICAL_SURFACE('',#808,1.666);
#720=CYLINDRICAL_SURFACE('',#809,1.666);
#721=CYLINDRICAL_SURFACE('',#810,1.666);
#722=CYLINDRICAL_SURFACE('',#811,1.666);
#723=CYLINDRICAL_SURFACE('',#812,1.666);
#724=CYLINDRICAL_SURFACE('',#814,2.05475000000002);
#725=CYLINDRICAL_SURFACE('',#816,2.05475000000002);
#726=CYLINDRICAL_SURFACE('',#817,2.05475000000002);
#727=CYLINDRICAL_SURFACE('',#818,2.05475000000002);
#728=CYLINDRICAL_SURFACE('',#819,2.05475000000002);
#729=CYLINDRICAL_SURFACE('',#820,2.05475000000002);
#730=CYLINDRICAL_SURFACE('',#821,2.05475000000002);
#731=CYLINDRICAL_SURFACE('',#823,1.666);
#732=CYLINDRICAL_SURFACE('',#825,1.666);
#733=CYLINDRICAL_SURFACE('',#826,1.666);
#734=CYLINDRICAL_SURFACE('',#827,1.666);
#735=CYLINDRICAL_SURFACE('',#828,1.666);
#736=CYLINDRICAL_SURFACE('',#829,1.666);
#737=CYLINDRICAL_SURFACE('',#830,1.666);
#738=CYLINDRICAL_SURFACE('',#832,2.05475);
#739=CYLINDRICAL_SURFACE('',#834,2.05475);
#740=CYLINDRICAL_SURFACE('',#835,2.05475);
#741=CYLINDRICAL_SURFACE('',#836,2.05475);
#742=CYLINDRICAL_SURFACE('',#837,2.05475);
#743=CYLINDRICAL_SURFACE('',#838,2.05475);
#744=CYLINDRICAL_SURFACE('',#839,2.05475);
#745=CYLINDRICAL_SURFACE('',#841,2.05475);
#746=CYLINDRICAL_SURFACE('',#843,1.666);
#747=CYLINDRICAL_SURFACE('',#844,2.05475000000002);
#748=CYLINDRICAL_SURFACE('',#845,1.666);
#749=ADVANCED_FACE('',(#29),#717,.F.);
#750=ADVANCED_FACE('',(#30),#718,.F.);
#751=ADVANCED_FACE('',(#31),#719,.F.);
#752=ADVANCED_FACE('',(#32),#720,.F.);
#753=ADVANCED_FACE('',(#33),#721,.F.);
#754=ADVANCED_FACE('',(#34),#722,.F.);
#755=ADVANCED_FACE('',(#35),#723,.F.);
#756=ADVANCED_FACE('',(#36),#724,.F.);
#757=ADVANCED_FACE('',(#37),#725,.F.);
#758=ADVANCED_FACE('',(#38),#726,.F.);
#759=ADVANCED_FACE('',(#39),#727,.F.);
#760=ADVANCED_FACE('',(#40),#728,.F.);
#761=ADVANCED_FACE('',(#41),#729,.F.);
#762=ADVANCED_FACE('',(#42),#730,.F.);
#763=ADVANCED_FACE('',(#43),#731,.F.);
#764=ADVANCED_FACE('',(#44),#732,.F.);
#765=ADVANCED_FACE('',(#45),#733,.F.);
#766=ADVANCED_FACE('',(#46),#734,.F.);
#767=ADVANCED_FACE('',(#47),#735,.F.);
#768=ADVANCED_FACE('',(#48),#736,.F.);
#769=ADVANCED_FACE('',(#49),#737,.F.);
#770=ADVANCED_FACE('',(#50),#738,.F.);
#771=ADVANCED_FACE('',(#51),#739,.F.);
#772=ADVANCED_FACE('',(#52),#740,.F.);
#773=ADVANCED_FACE('',(#53),#741,.F.);
#774=ADVANCED_FACE('',(#54),#742,.F.);
#775=ADVANCED_FACE('',(#55),#743,.F.);
#776=ADVANCED_FACE('',(#56),#744,.F.);
#777=ADVANCED_FACE('',(#57),#745,.F.);
#778=ADVANCED_FACE('',(#58),#25,.F.);
#779=ADVANCED_FACE('',(#59),#26,.F.);
#780=ADVANCED_FACE('',(#60,#15,#16),#19,.T.);
#781=ADVANCED_FACE('',(#61),#746,.F.);
#782=ADVANCED_FACE('',(#62),#747,.F.);
#783=ADVANCED_FACE('',(#63),#27,.F.);
#784=ADVANCED_FACE('',(#64),#28,.F.);
#785=ADVANCED_FACE('',(#65),#748,.F.);
#786=ADVANCED_FACE('',(#66),#20,.T.);
#787=ADVANCED_FACE('',(#67),#21,.T.);
#788=ADVANCED_FACE('',(#68,#17,#18),#22,.T.);
#789=ADVANCED_FACE('',(#69),#23,.T.);
#790=ADVANCED_FACE('',(#70),#24,.T.);
#791=CLOSED_SHELL('',(#749,#750,#751,#752,#753,#754,#755,#756,#757,#758,
#759,#760,#761,#762,#763,#764,#765,#766,#767,#768,#769,#770,#771,#772,#773,
#774,#775,#776,#777,#778,#779,#780,#781,#782,#783,#784,#785,#786,#787,#788,
#789,#790));
#792=DERIVED_UNIT_ELEMENT(#794,1.);
#793=DERIVED_UNIT_ELEMENT(#3594,-3.);
#794=(
MASS_UNIT()
NAMED_UNIT(*)
SI_UNIT(.KILO.,.GRAM.)
);
#795=DERIVED_UNIT((#792,#793));
#796=MEASURE_REPRESENTATION_ITEM('density measure',
POSITIVE_RATIO_MEASURE(7850.),#795);
#797=PROPERTY_DEFINITION_REPRESENTATION(#802,#799);
#798=PROPERTY_DEFINITION_REPRESENTATION(#803,#800);
#799=REPRESENTATION('material name',(#801),#3591);
#800=REPRESENTATION('density',(#796),#3591);
#801=DESCRIPTIVE_REPRESENTATION_ITEM('Steel','Steel');
#802=PROPERTY_DEFINITION('material property','material name',#3601);
#803=PROPERTY_DEFINITION('material property','density of part',#3601);
#804=AXIS2_PLACEMENT_3D('',#985,#851,#852);
#805=AXIS2_PLACEMENT_3D('',#986,#853,#854);
#806=AXIS2_PLACEMENT_3D('',#999,#856,#857);
#807=AXIS2_PLACEMENT_3D('',#1013,#858,#859);
#808=AXIS2_PLACEMENT_3D('',#1061,#861,#862);
#809=AXIS2_PLACEMENT_3D('',#1112,#864,#865);
#810=AXIS2_PLACEMENT_3D('',#1163,#867,#868);
#811=AXIS2_PLACEMENT_3D('',#1211,#870,#871);
#812=AXIS2_PLACEMENT_3D('',#1262,#873,#874);
#813=AXIS2_PLACEMENT_3D('',#1281,#876,#877);
#814=AXIS2_PLACEMENT_3D('',#1301,#878,#879);
#815=AXIS2_PLACEMENT_3D('',#1316,#881,#882);
#816=AXIS2_PLACEMENT_3D('',#1326,#883,#884);
#817=AXIS2_PLACEMENT_3D('',#1351,#886,#887);
#818=AXIS2_PLACEMENT_3D('',#1375,#889,#890);
#819=AXIS2_PLACEMENT_3D('',#1400,#892,#893);
#820=AXIS2_PLACEMENT_3D('',#1425,#895,#896);
#821=AXIS2_PLACEMENT_3D('',#1449,#898,#899);
#822=AXIS2_PLACEMENT_3D('',#1460,#901,#902);
#823=AXIS2_PLACEMENT_3D('',#1466,#903,#904);
#824=AXIS2_PLACEMENT_3D('',#1479,#906,#907);
#825=AXIS2_PLACEMENT_3D('',#1493,#908,#909);
#826=AXIS2_PLACEMENT_3D('',#1541,#911,#912);
#827=AXIS2_PLACEMENT_3D('',#1592,#914,#915);
#828=AXIS2_PLACEMENT_3D('',#1643,#917,#918);
#829=AXIS2_PLACEMENT_3D('',#1691,#920,#921);
#830=AXIS2_PLACEMENT_3D('',#1742,#923,#924);
#831=AXIS2_PLACEMENT_3D('',#1761,#926,#927);
#832=AXIS2_PLACEMENT_3D('',#1781,#928,#929);
#833=AXIS2_PLACEMENT_3D('',#1796,#931,#932);
#834=AXIS2_PLACEMENT_3D('',#1806,#933,#934);
#835=AXIS2_PLACEMENT_3D('',#1831,#936,#937);
#836=AXIS2_PLACEMENT_3D('',#1855,#939,#940);
#837=AXIS2_PLACEMENT_3D('',#1880,#942,#943);
#838=AXIS2_PLACEMENT_3D('',#1905,#945,#946);
#839=AXIS2_PLACEMENT_3D('',#1929,#948,#949);
#840=AXIS2_PLACEMENT_3D('',#1940,#951,#952);
#841=AXIS2_PLACEMENT_3D('',#1946,#953,#954);
#842=AXIS2_PLACEMENT_3D('',#2755,#955,#956);
#843=AXIS2_PLACEMENT_3D('',#2931,#961,#962);
#844=AXIS2_PLACEMENT_3D('',#2932,#963,#964);
#845=AXIS2_PLACEMENT_3D('',#3571,#965,#966);
#846=AXIS2_PLACEMENT_3D('',#3572,#967,#968);
#847=AXIS2_PLACEMENT_3D('',#3578,#972,#973);
#848=AXIS2_PLACEMENT_3D('',#3584,#977,#978);
#849=AXIS2_PLACEMENT_3D('',#3587,#981,#982);
#850=AXIS2_PLACEMENT_3D('',#3588,#983,#984);
#851=DIRECTION('axis',(0.,0.,1.));
#852=DIRECTION('refdir',(1.,0.,0.));
#853=DIRECTION('center_axis',(0.,0.,-1.));
#854=DIRECTION('ref_axis',(0.0958317707638289,0.995397544558087,0.));
#855=DIRECTION('',(0.,0.,-1.));
#856=DIRECTION('center_axis',(0.,0.,1.));
#857=DIRECTION('ref_axis',(1.,0.,0.));
#858=DIRECTION('center_axis',(0.,0.,-1.));
#859=DIRECTION('ref_axis',(1.,0.,0.));
#860=DIRECTION('',(0.,0.,-1.));
#861=DIRECTION('center_axis',(0.,0.,-1.));
#862=DIRECTION('ref_axis',(1.,0.,0.));
#863=DIRECTION('',(0.,0.,-1.));
#864=DIRECTION('center_axis',(0.,0.,-1.));
#865=DIRECTION('ref_axis',(1.,0.,0.));
#866=DIRECTION('',(0.,0.,-1.));
#867=DIRECTION('center_axis',(0.,0.,-1.));
#868=DIRECTION('ref_axis',(1.,0.,0.));
#869=DIRECTION('',(0.,0.,-1.));
#870=DIRECTION('center_axis',(0.,0.,-1.));
#871=DIRECTION('ref_axis',(1.,0.,0.));
#872=DIRECTION('',(0.,0.,-1.));
#873=DIRECTION('center_axis',(0.,0.,-1.));
#874=DIRECTION('ref_axis',(0.938423334983829,-0.345487545879483,0.));
#875=DIRECTION('',(0.,0.,-1.));
#876=DIRECTION('center_axis',(0.,0.,-1.));
#877=DIRECTION('ref_axis',(1.,0.,0.));
#878=DIRECTION('center_axis',(0.,0.,-1.));
#879=DIRECTION('ref_axis',(0.978777519678031,0.204925759661693,0.));
#880=DIRECTION('',(1.22464679914735E-16,-8.48477627655642E-30,-1.));
#881=DIRECTION('center_axis',(0.,0.,1.));
#882=DIRECTION('ref_axis',(1.,-6.91609914354636E-14,0.));
#883=DIRECTION('center_axis',(0.,0.,-1.));
#884=DIRECTION('ref_axis',(1.,-6.91609914354636E-14,0.));
#885=DIRECTION('',(1.22464679914735E-16,-8.48477627655642E-30,-1.));
#886=DIRECTION('center_axis',(0.,0.,-1.));
#887=DIRECTION('ref_axis',(1.,-6.91609914354636E-14,0.));
#888=DIRECTION('',(1.22464679914735E-16,-8.48477627655642E-30,-1.));
#889=DIRECTION('center_axis',(0.,0.,-1.));
#890=DIRECTION('ref_axis',(1.,-6.91609914354636E-14,0.));
#891=DIRECTION('',(1.22464679914735E-16,-8.48477627655642E-30,-1.));
#892=DIRECTION('center_axis',(0.,0.,-1.));
#893=DIRECTION('ref_axis',(1.,-6.91609914354636E-14,0.));
#894=DIRECTION('',(1.22464679914735E-16,-8.48477627655642E-30,-1.));
#895=DIRECTION('center_axis',(0.,0.,-1.));
#896=DIRECTION('ref_axis',(1.,-6.91609914354636E-14,0.));
#897=DIRECTION('',(1.22464679914735E-16,-8.48477627655642E-30,-1.));
#898=DIRECTION('center_axis',(0.,0.,-1.));
#899=DIRECTION('ref_axis',(-0.609376591097936,-0.792880930671093,0.));
#900=DIRECTION('',(1.22464679914735E-16,-8.48477627655642E-30,-1.));
#901=DIRECTION('center_axis',(0.,0.,-1.));
#902=DIRECTION('ref_axis',(1.,-6.91609914354636E-14,0.));
#903=DIRECTION('center_axis',(0.,0.,-1.));
#904=DIRECTION('ref_axis',(0.0958352542664836,0.995397209178164,0.));
#905=DIRECTION('',(0.,0.,-1.));
#906=DIRECTION('center_axis',(0.,0.,1.));
#907=DIRECTION('ref_axis',(1.,0.,0.));
#908=DIRECTION('center_axis',(0.,0.,-1.));
#909=DIRECTION('ref_axis',(1.,0.,0.));
#910=DIRECTION('',(0.,0.,-1.));
#911=DIRECTION('center_axis',(0.,0.,-1.));
#912=DIRECTION('ref_axis',(1.,0.,0.));
#913=DIRECTION('',(0.,0.,-1.));
#914=DIRECTION('center_axis',(0.,0.,-1.));
#915=DIRECTION('ref_axis',(1.,0.,0.));
#916=DIRECTION('',(0.,0.,-1.));
#917=DIRECTION('center_axis',(0.,0.,-1.));
#918=DIRECTION('ref_axis',(1.,0.,0.));
#919=DIRECTION('',(0.,0.,-1.));
#920=DIRECTION('center_axis',(0.,0.,-1.));
#921=DIRECTION('ref_axis',(1.,0.,0.));
#922=DIRECTION('',(0.,0.,-1.));
#923=DIRECTION('center_axis',(0.,0.,-1.));
#924=DIRECTION('ref_axis',(0.93842320262887,-0.345487905385667,0.));
#925=DIRECTION('',(0.,0.,-1.));
#926=DIRECTION('center_axis',(0.,0.,-1.));
#927=DIRECTION('ref_axis',(1.,0.,0.));
#928=DIRECTION('center_axis',(0.,0.,-1.));
#929=DIRECTION('ref_axis',(0.978777521985354,0.204925748641333,0.));
#930=DIRECTION('',(1.22464679914735E-16,-4.24988693719155E-30,-1.));
#931=DIRECTION('center_axis',(0.,0.,1.));
#932=DIRECTION('ref_axis',(1.,-3.4580495717732E-14,0.));
#933=DIRECTION('center_axis',(0.,0.,-1.));
#934=DIRECTION('ref_axis',(1.,-3.4580495717732E-14,0.));
#935=DIRECTION('',(1.22464679914735E-16,-4.24988693719155E-30,-1.));
#936=DIRECTION('center_axis',(0.,0.,-1.));
#937=DIRECTION('ref_axis',(1.,-3.4580495717732E-14,0.));
#938=DIRECTION('',(1.22464679914735E-16,-4.24988693719155E-30,-1.));
#939=DIRECTION('center_axis',(0.,0.,-1.));
#940=DIRECTION('ref_axis',(1.,-3.4580495717732E-14,0.));
#941=DIRECTION('',(1.22464679914735E-16,-4.24988693719155E-30,-1.));
#942=DIRECTION('center_axis',(0.,0.,-1.));
#943=DIRECTION('ref_axis',(1.,-3.4580495717732E-14,0.));
#944=DIRECTION('',(1.22464679914735E-16,-4.24988693719155E-30,-1.));
#945=DIRECTION('center_axis',(0.,0.,-1.));
#946=DIRECTION('ref_axis',(1.,-3.4580495717732E-14,0.));
#947=DIRECTION('',(1.22464679914735E-16,-4.24988693719155E-30,-1.));
#948=DIRECTION('center_axis',(0.,0.,-1.));
#949=DIRECTION('ref_axis',(-0.60937689484746,-0.792880697221258,0.));
#950=DIRECTION('',(1.22464679914735E-16,-4.24988693719155E-30,-1.));
#951=DIRECTION('center_axis',(0.,0.,-1.));
#952=DIRECTION('ref_axis',(1.,-3.4580495717732E-14,0.));
#953=DIRECTION('center_axis',(0.,0.,-1.));
#954=DIRECTION('ref_axis',(1.,-3.4580495717732E-14,0.));
#955=DIRECTION('center_axis',(0.,0.,1.));
#956=DIRECTION('ref_axis',(0.999992205139756,-0.00394837431454201,0.));
#957=DIRECTION('',(0.999992205139756,-0.00394837431454201,0.));
#958=DIRECTION('',(0.00394837431454209,0.999992205139756,0.));
#959=DIRECTION('',(0.999992205139756,-0.00394837431454201,0.));
#960=DIRECTION('',(0.00394837431454209,0.999992205139756,0.));
#961=DIRECTION('center_axis',(0.,0.,-1.));
#962=DIRECTION('ref_axis',(1.,0.,0.));
#963=DIRECTION('center_axis',(0.,0.,-1.));
#964=DIRECTION('ref_axis',(1.,-6.91609914354636E-14,0.));
#965=DIRECTION('center_axis',(0.,0.,-1.));
#966=DIRECTION('ref_axis',(1.,0.,0.));
#967=DIRECTION('center_axis',(0.999992205139756,-0.00394837431454209,0.));
#968=DIRECTION('ref_axis',(0.,0.,-1.));
#969=DIRECTION('',(0.,0.,1.));
#970=DIRECTION('',(0.00394837431454209,0.999992205139756,0.));
#971=DIRECTION('',(0.,0.,-1.));
#972=DIRECTION('center_axis',(-0.999992205139756,0.00394837431454209,0.));
#973=DIRECTION('ref_axis',(0.,0.,1.));
#974=DIRECTION('',(0.,0.,-1.));
#975=DIRECTION('',(0.,0.,1.));
#976=DIRECTION('',(0.00394837431454209,0.999992205139756,0.));
#977=DIRECTION('center_axis',(0.,0.,-1.));
#978=DIRECTION('ref_axis',(-0.999992205139756,0.00394837431454201,0.));
#979=DIRECTION('',(0.999992205139756,-0.00394837431454201,0.));
#980=DIRECTION('',(-0.999992205139756,0.00394837431454201,0.));
#981=DIRECTION('center_axis',(-0.00394837431454201,-0.999992205139756,0.));
#982=DIRECTION('ref_axis',(0.999992205139756,-0.00394837431454201,0.));
#983=DIRECTION('center_axis',(0.00394837431454209,0.999992205139756,0.));
#984=DIRECTION('ref_axis',(0.,0.,1.));
#985=CARTESIAN_POINT('',(0.,0.,0.));
#986=CARTESIAN_POINT('Origin',(41.5474360481644,-365.251381407302,311.571));
#987=CARTESIAN_POINT('',(39.883072694804,-365.25023423048,315.942480363391));
#988=CARTESIAN_POINT('',(39.8836952951424,-365.252794199782,315.74951963661));
#989=CARTESIAN_POINT('',(39.8814360481644,-365.251381407302,311.571));
#990=CARTESIAN_POINT('',(41.6000598725738,-363.586212727227,315.571));
#991=CARTESIAN_POINT('Ctrl Pts',(39.8836952951424,-365.252794199782,315.74951963661));
#992=CARTESIAN_POINT('Ctrl Pts',(39.8856289145937,-364.916001070207,315.727065891904));
#993=CARTESIAN_POINT('Ctrl Pts',(39.985047727962,-364.578375892763,315.704612147198));
#994=CARTESIAN_POINT('Ctrl Pts',(40.1746874829484,-364.303717734111,315.682158402492));
#995=CARTESIAN_POINT('Ctrl Pts',(40.487627892807,-363.850481350495,315.645105601662));
#996=CARTESIAN_POINT('Ctrl Pts',(41.0462494764727,-363.568710824033,315.608052800831));
#997=CARTESIAN_POINT('Ctrl Pts',(41.6000598725733,-363.586212727227,315.571));
#998=CARTESIAN_POINT('',(43.185844983193,-365.571168226827,315.571));
#999=CARTESIAN_POINT('Origin',(41.5474360481644,-365.251381407302,315.571));
#1000=CARTESIAN_POINT('Ctrl Pts',(43.1858454850283,-365.571168311959,315.571));
#1001=CARTESIAN_POINT('Ctrl Pts',(43.2887801026509,-365.04011264972,315.60734343011));
#1002=CARTESIAN_POINT('Ctrl Pts',(43.1099433818621,-364.453016802201,315.64368686022));
#1003=CARTESIAN_POINT('Ctrl Pts',(42.7270358041932,-364.070579190688,315.68003029033));
#1004=CARTESIAN_POINT('Ctrl Pts',(42.3366544293743,-363.680676955079,315.717083091161));
#1005=CARTESIAN_POINT('Ctrl Pts',(41.7341581214376,-363.503500185056,315.754135891992));
#1006=CARTESIAN_POINT('Ctrl Pts',(41.1950068209935,-363.620039690458,315.791188692823));
#1007=CARTESIAN_POINT('Ctrl Pts',(40.6558555205494,-363.736579195861,315.828241493653));
#1008=CARTESIAN_POINT('Ctrl Pts',(40.1800492275978,-364.14683497669,315.865294294484));
#1009=CARTESIAN_POINT('Ctrl Pts',(39.9855736357668,-364.66305934779,315.902347095315));
#1010=CARTESIAN_POINT('Ctrl Pts',(39.9153590511191,-364.849439959674,315.91572485134));
#1011=CARTESIAN_POINT('Ctrl Pts',(39.8818170568181,-365.049634004237,315.929102607365));
#1012=CARTESIAN_POINT('Ctrl Pts',(39.883072694804,-365.25023423048,315.942480363391));
#1013=CARTESIAN_POINT('Origin',(41.5474360481644,-365.251381407302,311.571));
#1014=CARTESIAN_POINT('',(39.8828549549039,-365.2526251,316.642480363391));
#1015=CARTESIAN_POINT('',(39.8790948441413,-365.252301262408,316.44951963661));
#1016=CARTESIAN_POINT('',(39.8814360481644,-365.251381407302,311.571));
#1017=CARTESIAN_POINT('Ctrl Pts',(39.8790948441413,-365.252301262408,316.44951963661));
#1018=CARTESIAN_POINT('Ctrl Pts',(39.8824066547367,-364.753493921061,316.416049363556));
#1019=CARTESIAN_POINT('Ctrl Pts',(40.120942957214,-364.251940849937,316.382579090502));
#1020=CARTESIAN_POINT('Ctrl Pts',(40.5116690297385,-363.942695162007,316.349108817447));
#1021=CARTESIAN_POINT('Ctrl Pts',(40.9442169005378,-363.600349019084,316.312056016617));
#1022=CARTESIAN_POINT('Ctrl Pts',(41.563277739727,-363.493681140683,316.275003215786));
#1023=CARTESIAN_POINT('Ctrl Pts',(42.0854745950083,-363.671518009163,316.237950414955));
#1024=CARTESIAN_POINT('Ctrl Pts',(42.6076714502896,-363.849354877644,316.200897614124));
#1025=CARTESIAN_POINT('Ctrl Pts',(43.033004321663,-364.311696493005,316.163844813293));
#1026=CARTESIAN_POINT('Ctrl Pts',(43.1666735093242,-364.84689818301,316.126792012462));
#1027=CARTESIAN_POINT('Ctrl Pts',(43.3003426969855,-365.382099873016,316.089739211632));
#1028=CARTESIAN_POINT('Ctrl Pts',(43.1423482009346,-365.990161637665,316.052686410801));
#1029=CARTESIAN_POINT('Ctrl Pts',(42.7651911472429,-366.392676310886,316.01563360997));
#1030=CARTESIAN_POINT('Ctrl Pts',(42.3880340935512,-366.795190984106,315.978580809139));
#1031=CARTESIAN_POINT('Ctrl Pts',(41.7917144822187,-366.992158565896,315.941528008308));
#1032=CARTESIAN_POINT('Ctrl Pts',(41.2488602982359,-366.893514432054,315.904475207477));
#1033=CARTESIAN_POINT('Ctrl Pts',(40.7060061142531,-366.794870298212,315.867422406647));
#1034=CARTESIAN_POINT('Ctrl Pts',(40.2166173576201,-366.400614448738,315.830369605816));
#1035=CARTESIAN_POINT('Ctrl Pts',(40.0055525973292,-365.891135403616,315.793316804985));
#1036=CARTESIAN_POINT('Ctrl Pts',(39.9223916428968,-365.6903971866,315.77871774886));
#1037=CARTESIAN_POINT('Ctrl Pts',(39.8824380875246,-365.471771562603,315.764118692735));
#1038=CARTESIAN_POINT('Ctrl Pts',(39.8836952951424,-365.252794199782,315.74951963661));
#1039=CARTESIAN_POINT('Ctrl Pts',(39.883072694804,-365.25023423048,315.942480363391));
#1040=CARTESIAN_POINT('Ctrl Pts',(39.8852948377045,-365.605242898254,315.966155408196));
#1041=CARTESIAN_POINT('Ctrl Pts',(39.9965014893915,-365.961523707492,315.989830453002));
#1042=CARTESIAN_POINT('Ctrl Pts',(40.2063002901083,-366.24476407557,316.013505497808));
#1043=CARTESIAN_POINT('Ctrl Pts',(40.5346474269914,-366.688051470876,316.050558298638));
#1044=CARTESIAN_POINT('Ctrl Pts',(41.104486591468,-366.952433300116,316.087611099469));
#1045=CARTESIAN_POINT('Ctrl Pts',(41.6549727947973,-366.916887122753,316.1246639003));
#1046=CARTESIAN_POINT('Ctrl Pts',(42.2054589981267,-366.88134094539,316.161716701131));
#1047=CARTESIAN_POINT('Ctrl Pts',(42.7365922403089,-366.545866761423,316.198769501962));
#1048=CARTESIAN_POINT('Ctrl Pts',(43.0051985985448,-366.064042102531,316.235822302793));
#1049=CARTESIAN_POINT('Ctrl Pts',(43.2738049567807,-365.58221744364,316.272875103623));
#1050=CARTESIAN_POINT('Ctrl Pts',(43.2798844310704,-364.954042309823,316.309927904454));
#1051=CARTESIAN_POINT('Ctrl Pts',(43.0206607905714,-364.467104708518,316.346980705285));
#1052=CARTESIAN_POINT('Ctrl Pts',(42.7614371500724,-363.980167107214,316.384033506116));
#1053=CARTESIAN_POINT('Ctrl Pts',(42.2369103947846,-363.634467038421,316.421086306947));
#1054=CARTESIAN_POINT('Ctrl Pts',(41.6872110608511,-363.588268293828,316.458139107778));
#1055=CARTESIAN_POINT('Ctrl Pts',(41.1375117269175,-363.542069549236,316.495191908608));
#1056=CARTESIAN_POINT('Ctrl Pts',(40.562639814338,-363.795372128843,316.532244709439));
#1057=CARTESIAN_POINT('Ctrl Pts',(40.2257791157062,-364.232212089825,316.56929751027));
#1058=CARTESIAN_POINT('Ctrl Pts',(40.0040016658933,-364.519812432983,316.593691794644));
#1059=CARTESIAN_POINT('Ctrl Pts',(39.8853890064265,-364.886966151615,316.618086079017));
#1060=CARTESIAN_POINT('Ctrl Pts',(39.8828549549039,-365.2526251,316.642480363391));
#1061=CARTESIAN_POINT('Origin',(41.5474360481644,-365.251381407302,311.571));
#1062=CARTESIAN_POINT('',(39.8786071182938,-365.251830464663,317.342480363391));
#1063=CARTESIAN_POINT('',(39.8806522697383,-365.249905292216,317.14951963661));
#1064=CARTESIAN_POINT('',(39.8814360481644,-365.251381407302,311.571));
#1065=CARTESIAN_POINT('Ctrl Pts',(39.8806522697383,-365.249905292216,317.14951963661));
#1066=CARTESIAN_POINT('Ctrl Pts',(39.8796298156145,-365.138847265725,317.142085636038));
#1067=CARTESIAN_POINT('Ctrl Pts',(39.8897807397124,-365.027975158857,317.134651635467));
#1068=CARTESIAN_POINT('Ctrl Pts',(39.9117885477485,-364.919508810759,317.127217634895));
#1069=CARTESIAN_POINT('Ctrl Pts',(40.021480620008,-364.378887115324,317.090164834064));
#1070=CARTESIAN_POINT('Ctrl Pts',(40.4257284201908,-363.898030703007,317.053112033233));
#1071=CARTESIAN_POINT('Ctrl Pts',(40.9394629667377,-363.697080657049,317.016059232403));
#1072=CARTESIAN_POINT('Ctrl Pts',(41.4531975132846,-363.496130611092,316.979006431572));
#1073=CARTESIAN_POINT('Ctrl Pts',(42.0764188061957,-363.575086931494,316.941953630741));
#1074=CARTESIAN_POINT('Ctrl Pts',(42.5238100033335,-363.89780252406,316.90490082991));
#1075=CARTESIAN_POINT('Ctrl Pts',(42.9712012004713,-364.220518116627,316.867848029079));
#1076=CARTESIAN_POINT('Ctrl Pts',(43.2427623018359,-364.786992981358,316.830795228248));
#1077=CARTESIAN_POINT('Ctrl Pts',(43.2141691091945,-365.337889216866,316.793742427417));
#1078=CARTESIAN_POINT('Ctrl Pts',(43.1855759165532,-365.888785452375,316.756689626587));
#1079=CARTESIAN_POINT('Ctrl Pts',(42.8568284299058,-366.42410305866,316.719636825756));
#1080=CARTESIAN_POINT('Ctrl Pts',(42.3784322108042,-366.698767745636,316.682584024925));
#1081=CARTESIAN_POINT('Ctrl Pts',(41.9000359917026,-366.973432432612,316.645531224094));
#1082=CARTESIAN_POINT('Ctrl Pts',(41.2719910401467,-366.98744420028,316.608478423263));
#1083=CARTESIAN_POINT('Ctrl Pts',(40.7818194419571,-366.734389109426,316.571425622432));
#1084=CARTESIAN_POINT('Ctrl Pts',(40.2916478437675,-366.481334018571,316.534372821602));
#1085=CARTESIAN_POINT('Ctrl Pts',(39.9393495989441,-365.961212069195,316.497320020771));
#1086=CARTESIAN_POINT('Ctrl Pts',(39.8862179277371,-365.412138890785,316.46026721994));
#1087=CARTESIAN_POINT('Ctrl Pts',(39.8810807806483,-365.3590505987,316.456684692163));
#1088=CARTESIAN_POINT('Ctrl Pts',(39.8787403608233,-365.305691659094,316.453102164387));
#1089=CARTESIAN_POINT('Ctrl Pts',(39.8790948441413,-365.252301262408,316.44951963661));
#1090=CARTESIAN_POINT('Ctrl Pts',(39.8828549549039,-365.2526251,316.642480363391));
#1091=CARTESIAN_POINT('Ctrl Pts',(39.8815400020891,-365.442370359382,316.655138879848));
#1092=CARTESIAN_POINT('Ctrl Pts',(39.9114816430052,-365.631713120602,316.667797396305));
#1093=CARTESIAN_POINT('Ctrl Pts',(39.9744843026411,-365.809328669003,316.680455912763));
#1094=CARTESIAN_POINT('Ctrl Pts',(40.1588996728919,-366.329227944842,316.717508713593));
#1095=CARTESIAN_POINT('Ctrl Pts',(40.6265798980776,-366.748649154164,316.754561514424));
#1096=CARTESIAN_POINT('Ctrl Pts',(41.163416432323,-366.875577045666,316.791614315255));
#1097=CARTESIAN_POINT('Ctrl Pts',(41.7002529665685,-367.002504937167,316.828667116086));
#1098=CARTESIAN_POINT('Ctrl Pts',(42.3062458098736,-366.836939510847,316.865719916917));
#1099=CARTESIAN_POINT('Ctrl Pts',(42.70396501616,-366.454678278076,316.902772717748));
#1100=CARTESIAN_POINT('Ctrl Pts',(43.1016842224464,-366.072417045306,316.939825518578));
#1101=CARTESIAN_POINT('Ctrl Pts',(43.2911297917141,-365.473460006085,316.976878319409));
#1102=CARTESIAN_POINT('Ctrl Pts',(43.1855716434025,-364.932015927094,317.01393112024));
#1103=CARTESIAN_POINT('Ctrl Pts',(43.080013495091,-364.390571848104,317.050983921071));
#1104=CARTESIAN_POINT('Ctrl Pts',(42.6794516292002,-363.906640729345,317.088036721902));
#1105=CARTESIAN_POINT('Ctrl Pts',(42.1672673900305,-363.701771240841,317.125089522733));
#1106=CARTESIAN_POINT('Ctrl Pts',(41.6550831508608,-363.496901752337,317.162142323563));
#1107=CARTESIAN_POINT('Ctrl Pts',(41.0312765384122,-363.571093894089,317.199195124394));
#1108=CARTESIAN_POINT('Ctrl Pts',(40.5814326988956,-363.890381740092,317.236247925225));
#1109=CARTESIAN_POINT('Ctrl Pts',(40.1515236070587,-364.19552040345,317.271658737947));
#1110=CARTESIAN_POINT('Ctrl Pts',(39.8805006596887,-364.724513347913,317.307069550669));
#1111=CARTESIAN_POINT('Ctrl Pts',(39.8786071182938,-365.251830464663,317.342480363391));
#1112=CARTESIAN_POINT('Origin',(41.5474360481644,-365.251381407302,311.571));
#1113=CARTESIAN_POINT('',(39.8815302886019,-365.249860228658,318.042480363391));
#1114=CARTESIAN_POINT('',(39.8839299426409,-365.251362694982,317.84951963661));
#1115=CARTESIAN_POINT('',(39.8814360481644,-365.251381407302,311.571));
#1116=CARTESIAN_POINT('Ctrl Pts',(39.8839299426409,-365.251362694982,317.84951963661));
#1117=CARTESIAN_POINT('Ctrl Pts',(39.8839022054111,-364.974350095476,317.83106910769));
#1118=CARTESIAN_POINT('Ctrl Pts',(39.9493167429451,-364.697349815581,317.81261857877));
#1119=CARTESIAN_POINT('Ctrl Pts',(40.0802461041712,-364.45587164507,317.79416804985));
#1120=CARTESIAN_POINT('Ctrl Pts',(40.3431816311392,-363.970929311127,317.757115249019));
#1121=CARTESIAN_POINT('Ctrl Pts',(40.8703361428594,-363.629246397705,317.720062448188));
#1122=CARTESIAN_POINT('Ctrl Pts',(41.4203728387504,-363.587248884291,317.683009647357));
#1123=CARTESIAN_POINT('Ctrl Pts',(41.9704095346413,-363.545251370878,317.645956846527));
#1124=CARTESIAN_POINT('Ctrl Pts',(42.5433284147029,-363.802939257472,317.608904045696));
#1125=CARTESIAN_POINT('Ctrl Pts',(42.8768412805285,-364.242340358084,317.571851244865));
#1126=CARTESIAN_POINT('Ctrl Pts',(43.2103541463542,-364.681741458696,317.534798444034));
#1127=CARTESIAN_POINT('Ctrl Pts',(43.3044609979438,-365.302855773326,317.497745643203));
#1128=CARTESIAN_POINT('Ctrl Pts',(43.1160787367526,-365.821330732588,317.460692842373));
#1129=CARTESIAN_POINT('Ctrl Pts',(42.9276964755614,-366.339805691851,317.423640041542));
#1130=CARTESIAN_POINT('Ctrl Pts',(42.4568251015893,-366.755641295746,317.386587240711));
#1131=CARTESIAN_POINT('Ctrl Pts',(41.9190344244698,-366.878463691637,317.34953443988));
#1132=CARTESIAN_POINT('Ctrl Pts',(41.3812437473504,-367.001286087528,317.312481639049));
#1133=CARTESIAN_POINT('Ctrl Pts',(40.7765337670835,-366.831095275414,317.275428838218));
#1134=CARTESIAN_POINT('Ctrl Pts',(40.3817469491182,-366.445806380081,317.238376037388));
#1135=CARTESIAN_POINT('Ctrl Pts',(40.0661672454504,-366.137819005926,317.208757237128));
#1136=CARTESIAN_POINT('Ctrl Pts',(39.8847259665554,-365.692386493568,317.179138436869));
#1137=CARTESIAN_POINT('Ctrl Pts',(39.8806522697383,-365.249905292216,317.14951963661));
#1138=CARTESIAN_POINT('Ctrl Pts',(39.8786071182938,-365.251830464663,317.342480363391));
#1139=CARTESIAN_POINT('Ctrl Pts',(39.8785193153823,-365.276281991438,317.3441223515));
#1140=CARTESIAN_POINT('Ctrl Pts',(39.8790101803543,-365.300729914936,317.345764339609));
#1141=CARTESIAN_POINT('Ctrl Pts',(39.8800907046445,-365.325151749433,317.347406327718));
#1142=CARTESIAN_POINT('Ctrl Pts',(39.9044736164946,-365.876250362517,317.384459128548));
#1143=CARTESIAN_POINT('Ctrl Pts',(40.2291205067793,-366.414064038431,317.421511929379));
#1144=CARTESIAN_POINT('Ctrl Pts',(40.7054046671093,-366.692376103246,317.45856473021));
#1145=CARTESIAN_POINT('Ctrl Pts',(41.1816888274393,-366.970688168061,317.495617531041));
#1146=CARTESIAN_POINT('Ctrl Pts',(41.8096102578146,-366.989498621777,317.532670331872));
#1147=CARTESIAN_POINT('Ctrl Pts',(42.3017000179485,-366.7401958432,317.569723132703));
#1148=CARTESIAN_POINT('Ctrl Pts',(42.7937897780825,-366.490893064624,317.606775933534));
#1149=CARTESIAN_POINT('Ctrl Pts',(43.1500478679752,-365.973477053755,317.643828734364));
#1150=CARTESIAN_POINT('Ctrl Pts',(43.2073756421815,-365.424826223424,317.680881535195));
#1151=CARTESIAN_POINT('Ctrl Pts',(43.2647034163877,-364.876175393094,317.717934336026));
#1152=CARTESIAN_POINT('Ctrl Pts',(43.0231008749074,-364.296289743303,317.754987136857));
#1153=CARTESIAN_POINT('Ctrl Pts',(42.5931761650849,-363.950646934723,317.792039937688));
#1154=CARTESIAN_POINT('Ctrl Pts',(42.1632514552623,-363.605004126144,317.829092738518));
#1155=CARTESIAN_POINT('Ctrl Pts',(41.5450045770975,-363.493604158776,317.866145539349));
#1156=CARTESIAN_POINT('Ctrl Pts',(41.0214753594216,-363.667447092325,317.90319834018));
#1157=CARTESIAN_POINT('Ctrl Pts',(40.4979461417457,-363.841290025874,317.940251141011));
#1158=CARTESIAN_POINT('Ctrl Pts',(40.0691345845588,-364.300375860339,317.977303941842));
#1159=CARTESIAN_POINT('Ctrl Pts',(39.9313550631813,-364.834530342482,318.014356742673));
#1160=CARTESIAN_POINT('Ctrl Pts',(39.8964961688913,-364.969674044837,318.023731282912));
#1161=CARTESIAN_POINT('Ctrl Pts',(39.8802666660531,-365.109623002459,318.033105823151));
#1162=CARTESIAN_POINT('Ctrl Pts',(39.8815302886019,-365.249860228658,318.042480363391));
#1163=CARTESIAN_POINT('Origin',(41.5474360481644,-365.251381407302,311.571));
#1164=CARTESIAN_POINT('',(39.8838157568318,-365.251834585941,318.742480363391));
#1165=CARTESIAN_POINT('',(39.8807210207584,-365.252866958019,318.54951963661));
#1166=CARTESIAN_POINT('',(39.8814360481644,-365.251381407302,311.571));
#1167=CARTESIAN_POINT('Ctrl Pts',(39.8807210207584,-365.252866958019,318.54951963661));
#1168=CARTESIAN_POINT('Ctrl Pts',(39.8847818645683,-364.812605988097,318.520052579342));
#1169=CARTESIAN_POINT('Ctrl Pts',(40.0641678426644,-364.369419369126,318.490585522073));
#1170=CARTESIAN_POINT('Ctrl Pts',(40.3768761158251,-364.061729543211,318.461118464805));
#1171=CARTESIAN_POINT('Ctrl Pts',(40.7700852937238,-363.674830718076,318.424065663974));
#1172=CARTESIAN_POINT('Ctrl Pts',(41.374094823205,-363.50217041622,318.387012863143));
#1173=CARTESIAN_POINT('Ctrl Pts',(41.9123828815825,-363.622794313536,318.349960062313));
#1174=CARTESIAN_POINT('Ctrl Pts',(42.4506709399599,-363.743418210853,318.312907261482));
#1175=CARTESIAN_POINT('Ctrl Pts',(42.9232375272336,-364.157326307344,318.275854460651));
#1176=CARTESIAN_POINT('Ctrl Pts',(43.113736761686,-364.675027186361,318.23880165982));
#1177=CARTESIAN_POINT('Ctrl Pts',(43.3042359961385,-365.192728065378,318.201748858989));
#1178=CARTESIAN_POINT('Ctrl Pts',(43.2126678777697,-365.814221726922,318.164696058158));
#1179=CARTESIAN_POINT('Ctrl Pts',(42.8809532402316,-366.254981931234,318.127643257328));
#1180=CARTESIAN_POINT('Ctrl Pts',(42.5492386026935,-366.695742135546,318.090590456497));
#1181=CARTESIAN_POINT('Ctrl Pts',(41.9773774459861,-366.955768882626,318.053537655666));
#1182=CARTESIAN_POINT('Ctrl Pts',(41.4271737348813,-366.916019232538,318.016484854835));
#1183=CARTESIAN_POINT('Ctrl Pts',(40.8769700237764,-366.87626958245,317.979432054004));
#1184=CARTESIAN_POINT('Ctrl Pts',(40.3484237582742,-366.536743535195,317.942379253173));
#1185=CARTESIAN_POINT('Ctrl Pts',(40.0835088966309,-366.052879634335,317.905326452343));
#1186=CARTESIAN_POINT('Ctrl Pts',(39.9505090105492,-365.809956895709,317.886724180432));
#1187=CARTESIAN_POINT('Ctrl Pts',(39.8839579079905,-365.530653533803,317.868121908521));
#1188=CARTESIAN_POINT('Ctrl Pts',(39.8839299426409,-365.251362694982,317.84951963661));
#1189=CARTESIAN_POINT('Ctrl Pts',(39.8815302886019,-365.249860228658,318.042480363391));
#1190=CARTESIAN_POINT('Ctrl Pts',(39.8852611248137,-365.663909599856,318.070158623982));
#1191=CARTESIAN_POINT('Ctrl Pts',(40.0414832522104,-366.080471869486,318.097836884574));
#1192=CARTESIAN_POINT('Ctrl Pts',(40.3209520169332,-366.383291068639,318.125515145165));
#1193=CARTESIAN_POINT('Ctrl Pts',(40.6950759776307,-366.788674182829,318.162567945996));
#1194=CARTESIAN_POINT('Ctrl Pts',(41.2900713845937,-366.990217281388,318.199620746827));
#1195=CARTESIAN_POINT('Ctrl Pts',(41.8335431737269,-366.895651845134,318.236673547658));
#1196=CARTESIAN_POINT('Ctrl Pts',(42.3770149628601,-366.80108640888,318.273726348488));
#1197=CARTESIAN_POINT('Ctrl Pts',(42.8689631341633,-366.410412437813,318.310779149319));
#1198=CARTESIAN_POINT('Ctrl Pts',(43.0841687156837,-365.902484524506,318.34783195015));
#1199=CARTESIAN_POINT('Ctrl Pts',(43.299374297204,-365.394556611198,318.384884750981));
#1200=CARTESIAN_POINT('Ctrl Pts',(43.2378372889413,-364.769374755649,318.421937551812));
#1201=CARTESIAN_POINT('Ctrl Pts',(42.9277299716922,-364.313153692357,318.458990352643));
#1202=CARTESIAN_POINT('Ctrl Pts',(42.617622654443,-363.856932629065,318.496043153473));
#1203=CARTESIAN_POINT('Ctrl Pts',(42.0589450282073,-363.56967235803,318.533095954304));
#1204=CARTESIAN_POINT('Ctrl Pts',(41.5074654994285,-363.582883605934,318.570148755135));
#1205=CARTESIAN_POINT('Ctrl Pts',(40.9559859706497,-363.596094853839,318.607201555966));
#1206=CARTESIAN_POINT('Ctrl Pts',(40.4117045393277,-363.909777620684,318.644254356797));
#1207=CARTESIAN_POINT('Ctrl Pts',(40.1237988889011,-364.380324690602,318.681307157628));
#1208=CARTESIAN_POINT('Ctrl Pts',(39.9653573208419,-364.639278328688,318.701698226215));
#1209=CARTESIAN_POINT('Ctrl Pts',(39.8845610010811,-364.945739448638,318.722089294803));
#1210=CARTESIAN_POINT('Ctrl Pts',(39.8838157568318,-365.251834585941,318.742480363391));
#1211=CARTESIAN_POINT('Origin',(41.5474360481644,-365.251381407302,311.571));
#1212=CARTESIAN_POINT('',(39.8798682937117,-365.25267253497,319.442480363391));
#1213=CARTESIAN_POINT('',(39.8790478302593,-365.25049535186,319.24951963661));
#1214=CARTESIAN_POINT('',(39.8814360481644,-365.251381407302,311.571));
#1215=CARTESIAN_POINT('Ctrl Pts',(39.8790478302593,-365.25049535186,319.24951963661));
#1216=CARTESIAN_POINT('Ctrl Pts',(39.8787185628891,-365.199370315483,319.246088851824));
#1217=CARTESIAN_POINT('Ctrl Pts',(39.8808647930557,-365.148273296361,319.242658067038));
#1218=CARTESIAN_POINT('Ctrl Pts',(39.8855767881048,-365.097413989621,319.239227282253));
#1219=CARTESIAN_POINT('Ctrl Pts',(39.9364667812035,-364.548128656762,319.202174481422));
#1220=CARTESIAN_POINT('Ctrl Pts',(40.2866328425748,-364.026570582656,319.165121680591));
#1221=CARTESIAN_POINT('Ctrl Pts',(40.7757652592491,-363.771514425183,319.12806887976));
#1222=CARTESIAN_POINT('Ctrl Pts',(41.2648976759233,-363.51645826771,319.091016078929));
#1223=CARTESIAN_POINT('Ctrl Pts',(41.8929964479007,-363.527904026871,319.053963278098));
#1224=CARTESIAN_POINT('Ctrl Pts',(42.3725114751202,-363.800611731198,319.016910477268));
#1225=CARTESIAN_POINT('Ctrl Pts',(42.8520265023396,-364.073319435526,318.979857676437));
#1226=CARTESIAN_POINT('Ctrl Pts',(43.1829577848012,-364.607289085021,318.942804875606));
#1227=CARTESIAN_POINT('Ctrl Pts',(43.213801538717,-365.158063832588,318.905752074775));
#1228=CARTESIAN_POINT('Ctrl Pts',(43.2446452926329,-365.708838580156,318.868699273944));
#1229=CARTESIAN_POINT('Ctrl Pts',(42.975401518003,-366.276418425796,318.831646473114));
#1230=CARTESIAN_POINT('Ctrl Pts',(42.5293328112684,-366.600959436706,318.794593672283));
#1231=CARTESIAN_POINT('Ctrl Pts',(42.0832641045338,-366.925500447616,318.757540871452));
#1232=CARTESIAN_POINT('Ctrl Pts',(41.4603704656944,-367.007002623796,318.720488070621));
#1233=CARTESIAN_POINT('Ctrl Pts',(40.9458190560145,-366.808153422751,318.68343526979));
#1234=CARTESIAN_POINT('Ctrl Pts',(40.4312676463345,-366.609304221707,318.646382468959));
#1235=CARTESIAN_POINT('Ctrl Pts',(40.025058465814,-366.130103643439,318.609329668128));
#1236=CARTESIAN_POINT('Ctrl Pts',(39.913158288712,-365.589934680099,318.572276867297));
#1237=CARTESIAN_POINT('Ctrl Pts',(39.8902491960371,-365.479347001315,318.564691123735));
#1238=CARTESIAN_POINT('Ctrl Pts',(39.8796756323605,-365.366203922345,318.557105380173));
#1239=CARTESIAN_POINT('Ctrl Pts',(39.8807210207584,-365.252866958019,318.54951963661));
#1240=CARTESIAN_POINT('Ctrl Pts',(39.8838157568318,-365.251834585941,318.742480363391));
#1241=CARTESIAN_POINT('Ctrl Pts',(39.883206810808,-365.501947776269,318.759142095634));
#1242=CARTESIAN_POINT('Ctrl Pts',(39.9360453778727,-365.751816611826,318.775803827877));
#1243=CARTESIAN_POINT('Ctrl Pts',(40.0436439750034,-365.975323367032,318.79246556012));
#1244=CARTESIAN_POINT('Ctrl Pts',(40.2829245810635,-366.472363600551,318.829518360951));
#1245=CARTESIAN_POINT('Ctrl Pts',(40.7930156627149,-366.839032694598,318.866571161782));
#1246=CARTESIAN_POINT('Ctrl Pts',(41.3403922497697,-366.907465766229,318.903623962613));
#1247=CARTESIAN_POINT('Ctrl Pts',(41.8877688368245,-366.975898837859,318.940676763444));
#1248=CARTESIAN_POINT('Ctrl Pts',(42.4724309292827,-366.746095887073,318.977729564274));
#1249=CARTESIAN_POINT('Ctrl Pts',(42.8267141309144,-366.323263023911,319.014782365105));
#1250=CARTESIAN_POINT('Ctrl Pts',(43.1809973325461,-365.900430160748,319.051835165936));
#1251=CARTESIAN_POINT('Ctrl Pts',(43.3049016433515,-365.28456738521,319.088887966767));
#1252=CARTESIAN_POINT('Ctrl Pts',(43.1417024519521,-364.75762319645,319.125940767598));
#1253=CARTESIAN_POINT('Ctrl Pts',(42.9785032605527,-364.23067900769,319.162993568428));
#1254=CARTESIAN_POINT('Ctrl Pts',(42.5282005669486,-363.792653405707,319.200046369259));
#1255=CARTESIAN_POINT('Ctrl Pts',(41.9969474652982,-363.644078751779,319.23709917009));
#1256=CARTESIAN_POINT('Ctrl Pts',(41.4656943636477,-363.495504097851,319.274151970921));
#1257=CARTESIAN_POINT('Ctrl Pts',(40.853490853951,-363.636380391977,319.311204771752));
#1258=CARTESIAN_POINT('Ctrl Pts',(40.4406103643176,-364.002213664211,319.348257572583));
#1259=CARTESIAN_POINT('Ctrl Pts',(40.0906345538428,-364.312310167106,319.379665169519));
#1260=CARTESIAN_POINT('Ctrl Pts',(39.8838725183613,-364.784038467651,319.411072766455));
#1261=CARTESIAN_POINT('Ctrl Pts',(39.8798682937117,-365.25267253497,319.442480363391));
#1262=CARTESIAN_POINT('Origin',(41.5474360481644,-365.251381407302,311.571));
#1263=CARTESIAN_POINT('',(39.8797268134291,-365.250170758109,320.142480363391));
#1264=CARTESIAN_POINT('',(39.8833975218881,-365.250445591749,319.94951963661));
#1265=CARTESIAN_POINT('',(39.8814360481644,-365.251381407302,311.571));
#1266=CARTESIAN_POINT('',(42.816506928018,-364.172022754255,320.571));
#1267=CARTESIAN_POINT('Ctrl Pts',(39.8797268134291,-365.250170758109,320.142480363391));
#1268=CARTESIAN_POINT('Ctrl Pts',(39.8836363479718,-365.722749382529,320.174161839768));
#1269=CARTESIAN_POINT('Ctrl Pts',(40.0943815083294,-366.198363740466,320.205843316145));
#1270=CARTESIAN_POINT('Ctrl Pts',(40.4497234511774,-366.508670758883,320.237524792523));
#1271=CARTESIAN_POINT('Ctrl Pts',(40.8653105935932,-366.871587689044,320.274577593354));
#1272=CARTESIAN_POINT('Ctrl Pts',(41.47868115939,-367.008392730981,320.311630394184));
#1273=CARTESIAN_POINT('Ctrl Pts',(42.0086045990052,-366.855754874387,320.348683195015));
#1274=CARTESIAN_POINT('Ctrl Pts',(42.5385280386204,-366.703117017792,320.385735995846));
#1275=CARTESIAN_POINT('Ctrl Pts',(42.985004352054,-366.261036262667,320.422788796677));
#1276=CARTESIAN_POINT('Ctrl Pts',(43.1442437426661,-365.733781232992,320.459841597508));
#1277=CARTESIAN_POINT('Ctrl Pts',(43.3034831332781,-365.206526203316,320.496894398339));
#1278=CARTESIAN_POINT('Ctrl Pts',(43.1754856010686,-364.594096899092,320.533947199169));
#1279=CARTESIAN_POINT('Ctrl Pts',(42.816506928018,-364.172022754255,320.571));
#1280=CARTESIAN_POINT('',(40.275885381064,-364.169805960196,320.571));
#1281=CARTESIAN_POINT('Origin',(41.5474360481644,-365.251381407302,320.571));
#1282=CARTESIAN_POINT('Ctrl Pts',(40.2758850044972,-364.169805623563,320.571));
#1283=CARTESIAN_POINT('Ctrl Pts',(40.6269023571209,-363.758220241665,320.53465656989));
#1284=CARTESIAN_POINT('Ctrl Pts',(41.197415216454,-363.531992158161,320.49831313978));
#1285=CARTESIAN_POINT('Ctrl Pts',(41.7351559185777,-363.592915369157,320.46196970967));
#1286=CARTESIAN_POINT('Ctrl Pts',(42.2833925344971,-363.65502771233,320.424916908839));
#1287=CARTESIAN_POINT('Ctrl Pts',(42.7975651785154,-364.015610295491,320.387864108009));
#1288=CARTESIAN_POINT('Ctrl Pts',(43.0426062478827,-364.509796879314,320.350811307178));
#1289=CARTESIAN_POINT('Ctrl Pts',(43.2876473172499,-365.003983463137,320.313758506347));
#1290=CARTESIAN_POINT('Ctrl Pts',(43.2635568119662,-365.63177404762,320.276705705516));
#1291=CARTESIAN_POINT('Ctrl Pts',(42.9812099204935,-366.105681774494,320.239652904685));
#1292=CARTESIAN_POINT('Ctrl Pts',(42.6988630290207,-366.579589501367,320.202600103854));
#1293=CARTESIAN_POINT('Ctrl Pts',(42.158259751359,-366.89961437063,320.165547303023));
#1294=CARTESIAN_POINT('Ctrl Pts',(41.6069626634109,-366.919287404877,320.128494502193));
#1295=CARTESIAN_POINT('Ctrl Pts',(41.0556655754628,-366.938960439123,320.091441701362));
#1296=CARTESIAN_POINT('Ctrl Pts',(40.4936746772283,-366.658281638353,320.054388900531));
#1297=CARTESIAN_POINT('Ctrl Pts',(40.178243289916,-366.205731550511,320.0173360997));
#1298=CARTESIAN_POINT('Ctrl Pts',(39.9858022278329,-365.929635946038,319.994730612003));
#1299=CARTESIAN_POINT('Ctrl Pts',(39.8851325828636,-365.589568477259,319.972125124307));
#1300=CARTESIAN_POINT('Ctrl Pts',(39.8833975218881,-365.250445591749,319.94951963661));
#1301=CARTESIAN_POINT('Origin',(41.5474360481644,-365.251381407302,322.116925280538));
#1302=CARTESIAN_POINT('',(39.4897985397812,-365.252515904469,316.225074719463));
#1303=CARTESIAN_POINT('',(39.494704595393,-365.249966544412,316.166925280538));
#1304=CARTESIAN_POINT('',(39.4926860481644,-365.251381407302,322.116925280538));
#1305=CARTESIAN_POINT('',(40.3259199858268,-366.90362112113,315.571));
#1306=CARTESIAN_POINT('Ctrl Pts',(39.4947045953929,-365.249966544412,316.166925280538));
#1307=CARTESIAN_POINT('Ctrl Pts',(39.4931559626489,-365.002557591907,316.153547524513));
#1308=CARTESIAN_POINT('Ctrl Pts',(39.6491052394982,-364.071780602351,316.103116967657));
#1309=CARTESIAN_POINT('Ctrl Pts',(41.0346436660066,-362.877123958553,316.01563360997));
#1310=CARTESIAN_POINT('Ctrl Pts',(43.2638980874946,-363.532683325069,315.904475207478));
#1311=CARTESIAN_POINT('Ctrl Pts',(43.9234892719216,-365.762423905559,315.793316804985));
#1312=CARTESIAN_POINT('Ctrl Pts',(42.4040987573136,-367.521977917911,315.682158402492));
#1313=CARTESIAN_POINT('Ctrl Pts',(40.8754303995867,-367.309879239254,315.608052800831));
#1314=CARTESIAN_POINT('Ctrl Pts',(40.3259199858266,-366.90362112113,315.571));
#1315=CARTESIAN_POINT('',(39.6610915379256,-366.076349393841,315.571));
#1316=CARTESIAN_POINT('Origin',(41.5474360481644,-365.251381407302,315.571));
#1317=CARTESIAN_POINT('Ctrl Pts',(39.4897985397812,-365.252515904469,316.225074719463));
#1318=CARTESIAN_POINT('Ctrl Pts',(39.4938831393135,-364.637315193404,316.191604446408));
#1319=CARTESIAN_POINT('Ctrl Pts',(40.1137671771169,-363.333929756169,316.121081372523));
#1320=CARTESIAN_POINT('Ctrl Pts',(42.3304888543243,-362.951975377303,316.013505497808));
#1321=CARTESIAN_POINT('Ctrl Pts',(43.9042332434979,-364.662653229938,315.902347095315));
#1322=CARTESIAN_POINT('Ctrl Pts',(43.3196488663781,-366.912500008294,315.791188692822));
#1323=CARTESIAN_POINT('Ctrl Pts',(41.1273288177163,-367.63663513699,315.680739661051));
#1324=CARTESIAN_POINT('Ctrl Pts',(39.9292149295494,-366.687265175602,315.60734343011));
#1325=CARTESIAN_POINT('Ctrl Pts',(39.6610909734804,-366.076349657433,315.571));
#1326=CARTESIAN_POINT('Origin',(41.5474360481644,-365.251381407302,322.116925280538));
#1327=CARTESIAN_POINT('',(39.4917193802646,-365.249560850595,316.925074719463));
#1328=CARTESIAN_POINT('',(39.4944360473378,-365.252915307404,316.866925280538));
#1329=CARTESIAN_POINT('',(39.4926860481644,-365.251381407302,322.116925280538));
#1330=CARTESIAN_POINT('Ctrl Pts',(39.4944360473378,-365.252915307404,316.866925280538));
#1331=CARTESIAN_POINT('Ctrl Pts',(39.4975614028997,-364.801932279677,316.842530996164));
#1332=CARTESIAN_POINT('Ctrl Pts',(39.866053552388,-363.661301392726,316.78108391096));
#1333=CARTESIAN_POINT('Ctrl Pts',(41.7508730609438,-362.83080396684,316.682584024925));
#1334=CARTESIAN_POINT('Ctrl Pts',(43.6916377976079,-364.109904596525,316.571425622432));
#1335=CARTESIAN_POINT('Ctrl Pts',(43.6691435602788,-366.434171444442,316.46026721994));
#1336=CARTESIAN_POINT('Ctrl Pts',(41.7039346238315,-367.675435993371,316.349108817447));
#1337=CARTESIAN_POINT('Ctrl Pts',(39.849258210735,-366.81494276421,316.25132817098));
#1338=CARTESIAN_POINT('Ctrl Pts',(39.4974452605339,-365.687814119507,316.190600325344));
#1339=CARTESIAN_POINT('Ctrl Pts',(39.4947045953929,-365.249966544412,316.166925280538));
#1340=CARTESIAN_POINT('Ctrl Pts',(39.4917193802646,-365.249560850595,316.925074719463));
#1341=CARTESIAN_POINT('Ctrl Pts',(39.4904583432832,-365.112588173565,316.917640718891));
#1342=CARTESIAN_POINT('Ctrl Pts',(39.5653784113784,-364.294283779183,316.873153917488));
#1343=CARTESIAN_POINT('Ctrl Pts',(40.662561749753,-362.989174280736,316.791614315255));
#1344=CARTESIAN_POINT('Ctrl Pts',(42.9684992376444,-363.281315035861,316.680455912762));
#1345=CARTESIAN_POINT('Ctrl Pts',(43.9732834627866,-365.377289036413,316.56929751027));
#1346=CARTESIAN_POINT('Ctrl Pts',(42.7569078958201,-367.357980245622,316.458139107777));
#1347=CARTESIAN_POINT('Ctrl Pts',(40.4331227261754,-367.409824206513,316.346980705285));
#1348=CARTESIAN_POINT('Ctrl Pts',(39.5221023424251,-366.064822620839,316.269292575847));
#1349=CARTESIAN_POINT('Ctrl Pts',(39.4893613401427,-365.318364594499,316.228657247239));
#1350=CARTESIAN_POINT('Ctrl Pts',(39.4897985397812,-365.252515904469,316.225074719463));
#1351=CARTESIAN_POINT('Origin',(41.5474360481644,-365.251381407302,322.116925280538));
#1352=CARTESIAN_POINT('',(39.495761876301,-365.251358328587,317.625074719463));
#1353=CARTESIAN_POINT('',(39.4891970063567,-365.251935249207,317.566925280538));
#1354=CARTESIAN_POINT('',(39.4926860481644,-365.251381407302,322.116925280538));
#1355=CARTESIAN_POINT('Ctrl Pts',(39.4891970063567,-365.251935249207,317.566925280538));
#1356=CARTESIAN_POINT('Ctrl Pts',(39.49153239302,-364.6015721966,317.531514467816));
#1357=CARTESIAN_POINT('Ctrl Pts',(40.1755608171204,-363.266459381716,317.459050854263));
#1358=CARTESIAN_POINT('Ctrl Pts',(42.4495696143075,-362.996001230649,317.34953443988));
#1359=CARTESIAN_POINT('Ctrl Pts',(43.9316605397679,-364.786560893802,317.238376037387));
#1360=CARTESIAN_POINT('Ctrl Pts',(43.2307062478362,-367.002719914821,317.127217634895));
#1361=CARTESIAN_POINT('Ctrl Pts',(40.9885145405471,-367.615316961156,317.016059232402));
#1362=CARTESIAN_POINT('Ctrl Pts',(39.6378356447897,-366.404012002432,316.929295114284));
#1363=CARTESIAN_POINT('Ctrl Pts',(39.4928142590447,-365.486936358854,316.879583796995));
#1364=CARTESIAN_POINT('Ctrl Pts',(39.4944360473378,-365.252915307404,316.866925280538));
#1365=CARTESIAN_POINT('Ctrl Pts',(39.495761876301,-365.251358328587,317.625074719463));
#1366=CARTESIAN_POINT('Ctrl Pts',(39.4957276667734,-364.909706684628,317.606624190543));
#1367=CARTESIAN_POINT('Ctrl Pts',(39.7384269450866,-363.881987609367,317.551120860792));
#1368=CARTESIAN_POINT('Ctrl Pts',(41.3625018960226,-362.829319656208,317.45856473021));
#1369=CARTESIAN_POINT('Ctrl Pts',(43.4823189466947,-363.782772570337,317.347406327717));
#1370=CARTESIAN_POINT('Ctrl Pts',(43.8305171219117,-366.080914175353,317.236247925225));
#1371=CARTESIAN_POINT('Ctrl Pts',(42.0882789064211,-367.619518389825,317.125089522732));
#1372=CARTESIAN_POINT('Ctrl Pts',(40.0004686546739,-367.031920807713,317.021365120812));
#1373=CARTESIAN_POINT('Ctrl Pts',(39.4967436470923,-365.795292092179,316.954693519722));
#1374=CARTESIAN_POINT('Ctrl Pts',(39.4917193802646,-365.249560850595,316.925074719463));
#1375=CARTESIAN_POINT('Origin',(41.5474360481644,-365.251381407302,322.116925280538));
#1376=CARTESIAN_POINT('',(39.4918041738772,-365.253213601381,318.325074719463));
#1377=CARTESIAN_POINT('',(39.49280227898,-365.249505271757,318.266925280538));
#1378=CARTESIAN_POINT('',(39.4926860481644,-365.251381407302,322.116925280538));
#1379=CARTESIAN_POINT('Ctrl Pts',(39.49280227898,-365.249505271757,318.266925280538));
#1380=CARTESIAN_POINT('Ctrl Pts',(39.4912437985286,-365.076544623178,318.257550740299));
#1381=CARTESIAN_POINT('Ctrl Pts',(39.5903756100885,-364.22171907286,318.211123399228));
#1382=CARTESIAN_POINT('Ctrl Pts',(40.7819265415114,-362.946044141782,318.127643257328));
#1383=CARTESIAN_POINT('Ctrl Pts',(43.0694585455496,-363.358227364378,318.016484854835));
#1384=CARTESIAN_POINT('Ctrl Pts',(43.9633952000031,-365.503821672137,317.905326452342));
#1385=CARTESIAN_POINT('Ctrl Pts',(42.6452295753807,-367.418276441044,317.79416804985));
#1386=CARTESIAN_POINT('Ctrl Pts',(40.3219014378112,-367.348677197756,317.683009647357));
#1387=CARTESIAN_POINT('Ctrl Pts',(39.5033555787999,-365.992664956416,317.607262057587));
#1388=CARTESIAN_POINT('Ctrl Pts',(39.4890887152208,-365.282092376842,317.568567268647));
#1389=CARTESIAN_POINT('Ctrl Pts',(39.4891970063567,-365.251935249207,317.566925280538));
#1390=CARTESIAN_POINT('Ctrl Pts',(39.4918041738772,-365.253213601382,318.325074719463));
#1391=CARTESIAN_POINT('Ctrl Pts',(39.496812588534,-364.71022066744,318.295607662194));
#1392=CARTESIAN_POINT('Ctrl Pts',(39.9962568550863,-363.476305853097,318.229087804095));
#1393=CARTESIAN_POINT('Ctrl Pts',(42.0785979321477,-362.88105425294,318.125515145165));
#1394=CARTESIAN_POINT('Ctrl Pts',(43.8271084877309,-364.412526632166,318.014356742673));
#1395=CARTESIAN_POINT('Ctrl Pts',(43.4883037016238,-366.71207183215,317.90319834018));
#1396=CARTESIAN_POINT('Ctrl Pts',(41.3724002591066,-367.674178600269,317.792039937688));
#1397=CARTESIAN_POINT('Ctrl Pts',(39.7413678956984,-366.626440668061,317.699332064115));
#1398=CARTESIAN_POINT('Ctrl Pts',(39.4957963671786,-365.595819823825,317.643676991373));
#1399=CARTESIAN_POINT('Ctrl Pts',(39.495761876301,-365.251358328587,317.625074719463));
#1400=CARTESIAN_POINT('Origin',(41.5474360481644,-365.251381407302,322.116925280538));
#1401=CARTESIAN_POINT('',(39.489740555523,-365.250288596725,319.025074719463));
#1402=CARTESIAN_POINT('',(39.4956210459941,-365.251940332156,318.966925280538));
#1403=CARTESIAN_POINT('',(39.4926860481644,-365.251381407302,322.116925280538));
#1404=CARTESIAN_POINT('Ctrl Pts',(39.4956210459941,-365.251940332156,318.966925280538));
#1405=CARTESIAN_POINT('Ctrl Pts',(39.4965401880238,-364.874419933973,318.94653421195));
#1406=CARTESIAN_POINT('Ctrl Pts',(39.7772640126775,-363.809632107563,318.889090342532));
#1407=CARTESIAN_POINT('Ctrl Pts',(41.4892609126515,-362.822966214684,318.794593672283));
#1408=CARTESIAN_POINT('Ctrl Pts',(43.5563848967591,-363.88583783877,318.68343526979));
#1409=CARTESIAN_POINT('Ctrl Pts',(43.7840736741799,-366.199029467262,318.572276867298));
#1410=CARTESIAN_POINT('Ctrl Pts',(41.9638506760069,-367.644534885118,318.461118464805));
#1411=CARTESIAN_POINT('Ctrl Pts',(39.9480133165111,-366.961709265175,318.359334602552));
#1412=CARTESIAN_POINT('Ctrl Pts',(39.4974036809646,-365.760170305051,318.29460354113));
#1413=CARTESIAN_POINT('Ctrl Pts',(39.49280227898,-365.249505271757,318.266925280538));
#1414=CARTESIAN_POINT('Ctrl Pts',(39.489740555523,-365.250288596725,319.025074719463));
#1415=CARTESIAN_POINT('Ctrl Pts',(39.4893344558058,-365.187233873739,319.021643934677));
#1416=CARTESIAN_POINT('Ctrl Pts',(39.5205697630529,-364.443589917685,318.98116034906));
#1417=CARTESIAN_POINT('Ctrl Pts',(40.4243077936129,-363.097508961497,318.903623962613));
#1418=CARTESIAN_POINT('Ctrl Pts',(42.7482921004324,-363.139858613901,318.79246556012));
#1419=CARTESIAN_POINT('Ctrl Pts',(43.9727477774516,-365.115562342531,318.681307157628));
#1420=CARTESIAN_POINT('Ctrl Pts',(42.9765377307756,-367.21562480561,318.570148755135));
#1421=CARTESIAN_POINT('Ctrl Pts',(40.671812572783,-367.517185303517,318.458990352643));
#1422=CARTESIAN_POINT('Ctrl Pts',(39.5672540469742,-366.214149553267,318.377299007418));
#1423=CARTESIAN_POINT('Ctrl Pts',(39.4905148510617,-365.392996991207,318.332660463025));
#1424=CARTESIAN_POINT('Ctrl Pts',(39.4918041738772,-365.253213601382,318.325074719463));
#1425=CARTESIAN_POINT('Origin',(41.5474360481644,-365.251381407302,322.116925280538));
#1426=CARTESIAN_POINT('',(39.4951052187129,-365.250227225424,319.725074719463));
#1427=CARTESIAN_POINT('',(39.4907524686556,-365.252973811008,319.666925280538));
#1428=CARTESIAN_POINT('',(39.4926860481644,-365.251381407302,322.116925280538));
#1429=CARTESIAN_POINT('Ctrl Pts',(39.4907524686556,-365.252973811008,319.666925280538));
#1430=CARTESIAN_POINT('Ctrl Pts',(39.4956910524485,-364.674987106433,319.635517683602));
#1431=CARTESIAN_POINT('Ctrl Pts',(40.0515434718269,-363.406807885152,319.567057285835));
#1432=CARTESIAN_POINT('Ctrl Pts',(42.2016776059608,-362.912032987764,319.461544087238));
#1433=CARTESIAN_POINT('Ctrl Pts',(43.8678110867826,-364.532740861126,319.350385684745));
#1434=CARTESIAN_POINT('Ctrl Pts',(43.4093614181861,-366.811451613893,319.239227282253));
#1435=CARTESIAN_POINT('Ctrl Pts',(41.2460941292095,-367.66172942865,319.12806887976));
#1436=CARTESIAN_POINT('Ctrl Pts',(39.7049606335463,-366.55391546564,319.037301545855));
#1437=CARTESIAN_POINT('Ctrl Pts',(39.4948700064727,-365.560415769028,318.983587012781));
#1438=CARTESIAN_POINT('Ctrl Pts',(39.4956210459941,-365.251940332156,318.966925280538));
#1439=CARTESIAN_POINT('Ctrl Pts',(39.4951052187129,-365.250227225424,319.725074719463));
#1440=CARTESIAN_POINT('Ctrl Pts',(39.4937375782582,-364.982917785628,319.710627406329));
#1441=CARTESIAN_POINT('Ctrl Pts',(39.6665264541367,-364.03174021205,319.659127292364));
#1442=CARTESIAN_POINT('Ctrl Pts',(41.1029906675073,-362.863278017446,319.570574377568));
#1443=CARTESIAN_POINT('Ctrl Pts',(43.313078652044,-363.583122730943,319.459415975075));
#1444=CARTESIAN_POINT('Ctrl Pts',(43.9065147395173,-365.830463558729,319.348257572582));
#1445=CARTESIAN_POINT('Ctrl Pts',(42.3399262588855,-367.547582914638,319.23709917009));
#1446=CARTESIAN_POINT('Ctrl Pts',(40.1184653133433,-367.17414617701,319.129371552384));
#1447=CARTESIAN_POINT('Ctrl Pts',(39.4937203712387,-365.868230857847,319.058696735508));
#1448=CARTESIAN_POINT('Ctrl Pts',(39.489740555523,-365.250288596725,319.025074719463));
#1449=CARTESIAN_POINT('Origin',(41.5474360481644,-365.251381407302,322.116925280538));
#1450=CARTESIAN_POINT('',(39.4948335941832,-365.252477124434,320.425074719463));
#1451=CARTESIAN_POINT('',(39.4905779748917,-365.249888261186,320.366925280538));
#1452=CARTESIAN_POINT('',(39.4926860481644,-365.251381407302,322.116925280538));
#1453=CARTESIAN_POINT('',(41.017265830975,-367.236555732974,320.571));
#1454=CARTESIAN_POINT('Ctrl Pts',(41.0172658309756,-367.236555732974,320.571));
#1455=CARTESIAN_POINT('Ctrl Pts',(40.3570263052241,-367.060228985122,320.533947199169));
#1456=CARTESIAN_POINT('Ctrl Pts',(39.6225750715255,-366.362545752369,320.48530543899));
#1457=CARTESIAN_POINT('Ctrl Pts',(39.4932399427509,-365.46650532724,320.436663678811));
#1458=CARTESIAN_POINT('Ctrl Pts',(39.4948335941832,-365.252477124434,320.425074719463));
#1459=CARTESIAN_POINT('',(42.0785663737637,-367.240544482244,320.571));
#1460=CARTESIAN_POINT('Origin',(41.5474360481644,-365.251381407302,320.571));
#1461=CARTESIAN_POINT('Ctrl Pts',(42.0785665206741,-367.24054509259,320.571));
#1462=CARTESIAN_POINT('Ctrl Pts',(41.4337610319113,-367.411816870253,320.53465656989));
#1463=CARTESIAN_POINT('Ctrl Pts',(40.0534896486098,-367.092249583208,320.466631663403));
#1464=CARTESIAN_POINT('Ctrl Pts',(39.495399773272,-365.832739958982,320.398606756915));
#1465=CARTESIAN_POINT('Ctrl Pts',(39.4905779748917,-365.249888261186,320.366925280538));
#1466=CARTESIAN_POINT('Origin',(25.165029428838,-365.682195031467,307.571));
#1467=CARTESIAN_POINT('',(23.5006687395253,-365.68104830358,315.94248036339));
#1468=CARTESIAN_POINT('',(23.5012918875378,-365.68359617634,315.74951963661));
#1469=CARTESIAN_POINT('',(23.499029428838,-365.682195031467,307.571));
#1470=CARTESIAN_POINT('',(25.2176532532419,-364.017026351391,315.571));
#1471=CARTESIAN_POINT('Ctrl Pts',(23.5012918875378,-365.68359617634,315.74951963661));
#1472=CARTESIAN_POINT('Ctrl Pts',(23.5032256052266,-365.346801868079,315.727065891904));
#1473=CARTESIAN_POINT('Ctrl Pts',(23.6026443269139,-365.009175975958,315.704612147198));
#1474=CARTESIAN_POINT('Ctrl Pts',(23.7922835881351,-364.734519468174,315.682158402492));
#1475=CARTESIAN_POINT('Ctrl Pts',(24.1052231831921,-364.281285808792,315.645105601662));
#1476=CARTESIAN_POINT('Ctrl Pts',(24.6638428571408,-363.999524448199,315.608052800831));
#1477=CARTESIAN_POINT('Ctrl Pts',(25.2176532532414,-364.017026351391,315.571));
#1478=CARTESIAN_POINT('',(26.8034309095302,-366.001987823447,315.571));
#1479=CARTESIAN_POINT('Origin',(25.165029428838,-365.682195031467,315.571));
#1480=CARTESIAN_POINT('Ctrl Pts',(26.8034313270865,-366.001987895205,315.571));
#1481=CARTESIAN_POINT('Ctrl Pts',(26.9063671439923,-365.470931234741,315.60734343011));
#1482=CARTESIAN_POINT('Ctrl Pts',(26.7275306234677,-364.883836081947,315.64368686022));
#1483=CARTESIAN_POINT('Ctrl Pts',(26.3446241763864,-364.501398519957,315.68003029033));
#1484=CARTESIAN_POINT('Ctrl Pts',(25.9542439542225,-364.111496334837,315.717083091161));
#1485=CARTESIAN_POINT('Ctrl Pts',(25.3517497659356,-363.934318944667,315.754135891992));
#1486=CARTESIAN_POINT('Ctrl Pts',(24.8125999119504,-364.050857704259,315.791188692822));
#1487=CARTESIAN_POINT('Ctrl Pts',(24.2734500579651,-364.16739646385,315.828241493653));
#1488=CARTESIAN_POINT('Ctrl Pts',(23.7976445382815,-364.577651373203,315.865294294484));
#1489=CARTESIAN_POINT('Ctrl Pts',(23.6031693698217,-365.093874655747,315.902347095315));
#1490=CARTESIAN_POINT('Ctrl Pts',(23.5329549380309,-365.28025487461,315.91572485134));
#1491=CARTESIAN_POINT('Ctrl Pts',(23.4994130509759,-365.480448497855,315.929102607365));
#1492=CARTESIAN_POINT('Ctrl Pts',(23.5006687395253,-365.68104830358,315.94248036339));
#1493=CARTESIAN_POINT('Origin',(25.165029428838,-365.682195031467,307.571));
#1494=CARTESIAN_POINT('',(23.5004513963461,-365.683438722604,316.64248036339));
#1495=CARTESIAN_POINT('',(23.4966912928912,-365.683114847307,316.44951963661));
#1496=CARTESIAN_POINT('',(23.499029428838,-365.682195031467,307.571));
#1497=CARTESIAN_POINT('Ctrl Pts',(23.4966912928912,-365.683114847307,316.44951963661));
#1498=CARTESIAN_POINT('Ctrl Pts',(23.5000031071829,-365.184308401117,316.416049363556));
#1499=CARTESIAN_POINT('Ctrl Pts',(23.7385389931049,-364.682756211967,316.382579090501));
#1500=CARTESIAN_POINT('Ctrl Pts',(24.1292643368533,-364.373511077569,316.349108817447));
#1501=CARTESIAN_POINT('Ctrl Pts',(24.5618114008723,-364.031165547425,316.312056016617));
#1502=CARTESIAN_POINT('Ctrl Pts',(25.1808710506468,-363.924497879289,316.275003215786));
#1503=CARTESIAN_POINT('Ctrl Pts',(25.7030669698697,-364.102334294677,316.237950414955));
#1504=CARTESIAN_POINT('Ctrl Pts',(26.2252628890926,-364.280170710066,316.200897614124));
#1505=CARTESIAN_POINT('Ctrl Pts',(26.6505950777639,-364.742511208979,316.163844813293));
#1506=CARTESIAN_POINT('Ctrl Pts',(26.7842639942214,-365.277711762304,316.126792012462));
#1507=CARTESIAN_POINT('Ctrl Pts',(26.917932910679,-365.812912315628,316.089739211632));
#1508=CARTESIAN_POINT('Ctrl Pts',(26.7599385549228,-366.420972923363,316.052686410801));
#1509=CARTESIAN_POINT('Ctrl Pts',(26.3827822673797,-366.823486159634,316.01563360997));
#1510=CARTESIAN_POINT('Ctrl Pts',(26.0056259798367,-367.225999395905,315.978580809139));
#1511=CARTESIAN_POINT('Ctrl Pts',(25.4093077605068,-367.422965260712,315.941528008308));
#1512=CARTESIAN_POINT('Ctrl Pts',(24.8664545541037,-367.324320512844,315.904475207477));
#1513=CARTESIAN_POINT('Ctrl Pts',(24.3236013477005,-367.225675764977,315.867422406647));
#1514=CARTESIAN_POINT('Ctrl Pts',(23.8342131542241,-366.831420404436,315.830369605816));
#1515=CARTESIAN_POINT('Ctrl Pts',(23.6231488155685,-366.32193974508,315.793316804985));
#1516=CARTESIAN_POINT('Ctrl Pts',(23.5399880272626,-366.121200892044,315.77871774886));
#1517=CARTESIAN_POINT('Ctrl Pts',(23.5000346160476,-365.902574305527,315.764118692735));
#1518=CARTESIAN_POINT('Ctrl Pts',(23.5012918875378,-365.68359617634,315.74951963661));
#1519=CARTESIAN_POINT('Ctrl Pts',(23.5006687395253,-365.68104830358,315.94248036339));
#1520=CARTESIAN_POINT('Ctrl Pts',(23.5028909719097,-366.036056227156,315.966155408196));
#1521=CARTESIAN_POINT('Ctrl Pts',(23.6140975355566,-366.392336294701,315.989830453002));
#1522=CARTESIAN_POINT('Ctrl Pts',(23.8238960093435,-366.675576084872,316.013505497807));
#1523=CARTESIAN_POINT('Ctrl Pts',(24.152242634561,-367.118862575718,316.050558298638));
#1524=CARTESIAN_POINT('Ctrl Pts',(24.7220807022318,-367.383243901676,316.087611099469));
#1525=CARTESIAN_POINT('Ctrl Pts',(25.2725658943769,-367.347697769309,316.1246639003));
#1526=CARTESIAN_POINT('Ctrl Pts',(25.8230510865219,-367.312151636943,316.161716701131));
#1527=CARTESIAN_POINT('Ctrl Pts',(26.354183403141,-366.976678046252,316.198769501962));
#1528=CARTESIAN_POINT('Ctrl Pts',(26.6227892850444,-366.494854260686,316.235822302792));
#1529=CARTESIAN_POINT('Ctrl Pts',(26.8913951669478,-366.01303047512,316.272875103623));
#1530=CARTESIAN_POINT('Ctrl Pts',(26.8974746141354,-365.384856494679,316.309927904454));
#1531=CARTESIAN_POINT('Ctrl Pts',(26.6382514482175,-364.897919786413,316.346980705285));
#1532=CARTESIAN_POINT('Ctrl Pts',(26.3790282822996,-364.410983078147,316.384033506116));
#1533=CARTESIAN_POINT('Ctrl Pts',(25.8545025032762,-364.065283642056,316.421086306947));
#1534=CARTESIAN_POINT('Ctrl Pts',(25.3048041839655,-364.019084980718,316.458139107777));
#1535=CARTESIAN_POINT('Ctrl Pts',(24.7551058646548,-363.97288631938,316.495191908608));
#1536=CARTESIAN_POINT('Ctrl Pts',(24.1802350050567,-364.226188432796,316.532244709439));
#1537=CARTESIAN_POINT('Ctrl Pts',(23.8433749251321,-364.663027589957,316.56929751027));
#1538=CARTESIAN_POINT('Ctrl Pts',(23.6215978826555,-364.950627403906,316.593691794643));
#1539=CARTESIAN_POINT('Ctrl Pts',(23.5029854422901,-365.317780446985,316.618086079017));
#1540=CARTESIAN_POINT('Ctrl Pts',(23.5004513963461,-365.683438722604,316.64248036339));
#1541=CARTESIAN_POINT('Origin',(25.165029428838,-365.682195031467,307.571));
#1542=CARTESIAN_POINT('',(23.4962035685272,-365.682644088003,317.34248036339));
#1543=CARTESIAN_POINT('',(23.4982487186317,-365.680718919141,317.14951963661));
#1544=CARTESIAN_POINT('',(23.499029428838,-365.682195031467,307.571));
#1545=CARTESIAN_POINT('Ctrl Pts',(23.4982487186317,-365.680718919141,317.14951963661));
#1546=CARTESIAN_POINT('Ctrl Pts',(23.4972262663902,-365.569661097093,317.142085636038));
#1547=CARTESIAN_POINT('Ctrl Pts',(23.5073771718113,-365.458789194318,317.134651635467));
#1548=CARTESIAN_POINT('Ctrl Pts',(23.5293849393575,-365.350323045873,317.127217634895));
#1549=CARTESIAN_POINT('Ctrl Pts',(23.639076809807,-364.809702345553,317.090164834064));
#1550=CARTESIAN_POINT('Ctrl Pts',(24.0433238662926,-364.328846818077,317.053112033233));
#1551=CARTESIAN_POINT('Ctrl Pts',(24.5570574668695,-364.127897142159,317.016059232402));
#1552=CARTESIAN_POINT('Ctrl Pts',(25.0707910674465,-363.926947466241,316.979006431572));
#1553=CARTESIAN_POINT('Ctrl Pts',(25.6940112121147,-364.005903641882,316.941953630741));
#1554=CARTESIAN_POINT('Ctrl Pts',(26.1414015861484,-364.328618639766,316.90490082991));
#1555=CARTESIAN_POINT('Ctrl Pts',(26.5887919601821,-364.65133363765,316.867848029079));
#1556=CARTESIAN_POINT('Ctrl Pts',(26.8603525635811,-365.217807457778,316.830795228248));
#1557=CARTESIAN_POINT('Ctrl Pts',(26.8317594226555,-365.768702679396,316.793742427417));
#1558=CARTESIAN_POINT('Ctrl Pts',(26.8031662817298,-366.319597901014,316.756689626587));
#1559=CARTESIAN_POINT('Ctrl Pts',(26.4744193964794,-366.854914524122,316.719636825756));
#1560=CARTESIAN_POINT('Ctrl Pts',(25.9960240599857,-367.129578702047,316.682584024925));
#1561=CARTESIAN_POINT('Ctrl Pts',(25.5176287234921,-367.404242879972,316.645531224094));
#1562=CARTESIAN_POINT('Ctrl Pts',(24.8895849357551,-367.418254612714,316.608478423263));
#1563=CARTESIAN_POINT('Ctrl Pts',(24.3994142366014,-367.165199986844,316.571425622432));
#1564=CARTESIAN_POINT('Ctrl Pts',(23.9092435374477,-366.912145360975,316.534372821602));
#1565=CARTESIAN_POINT('Ctrl Pts',(23.5569459268773,-366.392024376496,316.497320020771));
#1566=CARTESIAN_POINT('Ctrl Pts',(23.5038143607239,-365.84295218818,316.46026721994));
#1567=CARTESIAN_POINT('Ctrl Pts',(23.4986772237924,-365.789863991823,316.456684692163));
#1568=CARTESIAN_POINT('Ctrl Pts',(23.4963368091775,-365.736505148181,316.453102164386));
#1569=CARTESIAN_POINT('Ctrl Pts',(23.4966912928912,-365.683114847307,316.44951963661));
#1570=CARTESIAN_POINT('Ctrl Pts',(23.5004513963461,-365.683438722604,316.64248036339));
#1571=CARTESIAN_POINT('Ctrl Pts',(23.499136446426,-365.873183632881,316.655138879848));
#1572=CARTESIAN_POINT('Ctrl Pts',(23.5290780327421,-366.062526045746,316.667797396305));
#1573=CARTESIAN_POINT('Ctrl Pts',(23.5920805767497,-366.24014126738,316.680455912763));
#1574=CARTESIAN_POINT('Ctrl Pts',(23.7764956085432,-366.760039586733,316.717508713593));
#1575=CARTESIAN_POINT('Ctrl Pts',(24.2441749723813,-367.179460024533,316.754561514424));
#1576=CARTESIAN_POINT('Ctrl Pts',(24.7810105189378,-367.306387682525,316.791614315255));
#1577=CARTESIAN_POINT('Ctrl Pts',(25.3178460654942,-367.433315340517,316.828667116086));
#1578=CARTESIAN_POINT('Ctrl Pts',(25.923837794769,-367.267750218702,316.865719916917));
#1579=CARTESIAN_POINT('Ctrl Pts',(26.3215562696749,-366.88548968902,316.902772717747));
#1580=CARTESIAN_POINT('Ctrl Pts',(26.7192747445808,-366.503229159337,316.939825518578));
#1581=CARTESIAN_POINT('Ctrl Pts',(26.9087199651179,-365.904273221787,316.976878319409));
#1582=CARTESIAN_POINT('Ctrl Pts',(26.8031620108957,-365.362830138693,317.01393112024));
#1583=CARTESIAN_POINT('Ctrl Pts',(26.6976040566735,-364.821387055599,317.050983921071));
#1584=CARTESIAN_POINT('Ctrl Pts',(26.297042927692,-364.337456826961,317.088036721902));
#1585=CARTESIAN_POINT('Ctrl Pts',(25.784859630643,-364.132587715283,317.125089522733));
#1586=CARTESIAN_POINT('Ctrl Pts',(25.2726763335939,-363.927718603605,317.162142323563));
#1587=CARTESIAN_POINT('Ctrl Pts',(24.6488708684773,-364.001910608888,317.199195124394));
#1588=CARTESIAN_POINT('Ctrl Pts',(24.1990278563636,-364.321197867609,317.236247925225));
#1589=CARTESIAN_POINT('Ctrl Pts',(23.7691195552645,-364.62633596971,317.271658737947));
#1590=CARTESIAN_POINT('Ctrl Pts',(23.4980971064294,-365.155327941173,317.307069550668));
#1591=CARTESIAN_POINT('Ctrl Pts',(23.4962035685272,-365.682644088003,317.34248036339));
#1592=CARTESIAN_POINT('Origin',(25.165029428838,-365.682195031467,307.571));
#1593=CARTESIAN_POINT('',(23.4991267334531,-365.680673855621,318.04248036339));
#1594=CARTESIAN_POINT('',(23.501526385648,-365.682176319182,317.84951963661));
#1595=CARTESIAN_POINT('',(23.499029428838,-365.682195031467,307.571));
#1596=CARTESIAN_POINT('Ctrl Pts',(23.501526385648,-365.682176319182,317.84951963661));
#1597=CARTESIAN_POINT('Ctrl Pts',(23.5014986484685,-365.405164229628,317.83106910769));
#1598=CARTESIAN_POINT('Ctrl Pts',(23.5669130655805,-365.128164459661,317.81261857877));
#1599=CARTESIAN_POINT('Ctrl Pts',(23.6978421857796,-364.886686733686,317.79416804985));
#1600=CARTESIAN_POINT('Ctrl Pts',(23.9607772287123,-364.401745292468,317.757115249019));
#1601=CARTESIAN_POINT('Ctrl Pts',(24.4879307700037,-364.060063008043,317.720062448188));
#1602=CARTESIAN_POINT('Ctrl Pts',(25.037966453333,-364.018065571942,317.683009647357));
#1603=CARTESIAN_POINT('Ctrl Pts',(25.5880021366623,-363.976068135842,317.645956846527));
#1604=CARTESIAN_POINT('Ctrl Pts',(26.1609199620294,-364.233755548067,317.608904045696));
#1605=CARTESIAN_POINT('Ctrl Pts',(26.494432213902,-364.673155839784,317.571851244865));
#1606=CARTESIAN_POINT('Ctrl Pts',(26.8279444657746,-365.112556131501,317.534798444034));
#1607=CARTESIAN_POINT('Ctrl Pts',(26.9220511441526,-365.733669302709,317.497745643203));
#1608=CARTESIAN_POINT('Ctrl Pts',(26.7336692297395,-366.252143307524,317.460692842372));
#1609=CARTESIAN_POINT('Ctrl Pts',(26.5452873153264,-366.770617312339,317.423640041542));
#1610=CARTESIAN_POINT('Ctrl Pts',(26.0744168081222,-367.186452150759,317.386587240711));
#1611=CARTESIAN_POINT('Ctrl Pts',(25.5366271210473,-367.309274320526,317.34953443988));
#1612=CARTESIAN_POINT('Ctrl Pts',(24.9988374339724,-367.432096490294,317.312481639049));
#1613=CARTESIAN_POINT('Ctrl Pts',(24.3941285670269,-367.261905991408,317.275428838218));
#1614=CARTESIAN_POINT('Ctrl Pts',(23.9993424757608,-366.876617805383,317.238376037387));
#1615=CARTESIAN_POINT('Ctrl Pts',(23.6837633529916,-366.568630998226,317.208757237128));
#1616=CARTESIAN_POINT('Ctrl Pts',(23.5023224079492,-366.123199305955,317.179138436869));
#1617=CARTESIAN_POINT('Ctrl Pts',(23.4982487186317,-365.680718919141,317.14951963661));
#1618=CARTESIAN_POINT('Ctrl Pts',(23.4962035685272,-365.682644088003,317.34248036339));
#1619=CARTESIAN_POINT('Ctrl Pts',(23.4961157657777,-365.707095569804,317.344122351499));
#1620=CARTESIAN_POINT('Ctrl Pts',(23.4966066298472,-365.731543448335,317.345764339608));
#1621=CARTESIAN_POINT('Ctrl Pts',(23.4976871521505,-365.755965237914,317.347406327717));
#1622=CARTESIAN_POINT('Ctrl Pts',(23.5220700191616,-366.307062837337,317.384459128548));
#1623=CARTESIAN_POINT('Ctrl Pts',(23.8467163122945,-366.844875524023,317.421511929379));
#1624=CARTESIAN_POINT('Ctrl Pts',(24.3229995965697,-367.123187076924,317.45856473021));
#1625=CARTESIAN_POINT('Ctrl Pts',(24.7992828808449,-367.401498629825,317.495617531041));
#1626=CARTESIAN_POINT('Ctrl Pts',(25.4272031562624,-367.420309048941,317.532670331872));
#1627=CARTESIAN_POINT('Ctrl Pts',(25.9192920112743,-367.171006728918,317.569723132702));
#1628=CARTESIAN_POINT('Ctrl Pts',(26.4113808662861,-366.921704408895,317.606775933533));
#1629=CARTESIAN_POINT('Ctrl Pts',(26.7676383008922,-366.404289349732,317.643828734364));
#1630=CARTESIAN_POINT('Ctrl Pts',(26.8249659696508,-365.85563952856,317.680881535195));
#1631=CARTESIAN_POINT('Ctrl Pts',(26.8822936384093,-365.306989707389,317.717934336026));
#1632=CARTESIAN_POINT('Ctrl Pts',(26.6406915413202,-364.727105124208,317.754987136857));
#1633=CARTESIAN_POINT('Ctrl Pts',(26.2107676222779,-364.381462951387,317.792039937687));
#1634=CARTESIAN_POINT('Ctrl Pts',(25.7808437032355,-364.035820778565,317.829092738518));
#1635=CARTESIAN_POINT('Ctrl Pts',(25.1625979622399,-363.924421016102,317.866145539349));
#1636=CARTESIAN_POINT('Ctrl Pts',(24.6390697075156,-364.098263629894,317.90319834018));
#1637=CARTESIAN_POINT('Ctrl Pts',(24.1155414527914,-364.272106243687,317.940251141011));
#1638=CARTESIAN_POINT('Ctrl Pts',(23.6867306843387,-364.731191233735,317.977303941842));
#1639=CARTESIAN_POINT('Ctrl Pts',(23.5489514163866,-365.265344733384,318.014356742673));
#1640=CARTESIAN_POINT('Ctrl Pts',(23.5140925862148,-365.400488187161,318.023731282912));
#1641=CARTESIAN_POINT('Ctrl Pts',(23.4978631132286,-365.540436887368,318.033105823151));
#1642=CARTESIAN_POINT('Ctrl Pts',(23.4991267334531,-365.680673855621,318.04248036339));
#1643=CARTESIAN_POINT('Origin',(25.165029428838,-365.682195031467,307.571));
#1644=CARTESIAN_POINT('',(23.5014121974867,-365.6826482093,318.74248036339));
#1645=CARTESIAN_POINT('',(23.4983174696725,-365.683680579448,318.54951963661));
#1646=CARTESIAN_POINT('',(23.499029428838,-365.682195031467,307.571));
#1647=CARTESIAN_POINT('Ctrl Pts',(23.4983174696725,-365.683680579448,318.54951963661));
#1648=CARTESIAN_POINT('Ctrl Pts',(23.5023783060067,-365.243420419999,318.520052579341));
#1649=CARTESIAN_POINT('Ctrl Pts',(23.6817639538734,-364.800234616889,318.490585522073));
#1650=CARTESIAN_POINT('Ctrl Pts',(23.9944716513712,-364.492545357399,318.461118464805));
#1651=CARTESIAN_POINT('Ctrl Pts',(24.3876801054144,-364.105647244503,318.424065663974));
#1652=CARTESIAN_POINT('Ctrl Pts',(24.9916885229779,-363.932987260493,318.387012863143));
#1653=CARTESIAN_POINT('Ctrl Pts',(25.529975590425,-364.053610935753,318.349960062312));
#1654=CARTESIAN_POINT('Ctrl Pts',(26.0682626578722,-364.174234611013,318.312907261482));
#1655=CARTESIAN_POINT('Ctrl Pts',(26.540828375203,-364.588141945543,318.275854460651));
#1656=CARTESIAN_POINT('Ctrl Pts',(26.7313272589682,-365.105841871528,318.23880165982));
#1657=CARTESIAN_POINT('Ctrl Pts',(26.9218261427334,-365.623541797514,318.201748858989));
#1658=CARTESIAN_POINT('Ctrl Pts',(26.830258192933,-366.245034314955,318.164696058158));
#1659=CARTESIAN_POINT('Ctrl Pts',(26.4985441660463,-366.685793707876,318.127643257327));
#1660=CARTESIAN_POINT('Ctrl Pts',(26.1668301391596,-367.126553100796,318.090590456496));
#1661=CARTESIAN_POINT('Ctrl Pts',(25.5949700351868,-367.386579369197,318.053537655666));
#1662=CARTESIAN_POINT('Ctrl Pts',(25.0447673369478,-367.346829792285,318.016484854835));
#1663=CARTESIAN_POINT('Ctrl Pts',(24.4945646387089,-367.307080215373,317.979432054004));
#1664=CARTESIAN_POINT('Ctrl Pts',(23.9660193462039,-366.967554793148,317.942379253173));
#1665=CARTESIAN_POINT('Ctrl Pts',(23.7011049722384,-366.483691783031,317.905326452342));
#1666=CARTESIAN_POINT('Ctrl Pts',(23.5681053309936,-366.240769491598,317.886724180432));
#1667=CARTESIAN_POINT('Ctrl Pts',(23.5015543509468,-365.961466643859,317.868121908521));
#1668=CARTESIAN_POINT('Ctrl Pts',(23.501526385648,-365.682176319182,317.84951963661));
#1669=CARTESIAN_POINT('Ctrl Pts',(23.4991267334531,-365.680673855621,318.04248036339));
#1670=CARTESIAN_POINT('Ctrl Pts',(23.5028575628027,-366.09472246524,318.070158623982));
#1671=CARTESIAN_POINT('Ctrl Pts',(23.6590794028537,-366.511283968669,318.097836884573));
#1672=CARTESIAN_POINT('Ctrl Pts',(23.9385476535378,-366.814102610832,318.125515145165));
#1673=CARTESIAN_POINT('Ctrl Pts',(24.3126709260924,-367.219484979382,318.162567945996));
#1674=CARTESIAN_POINT('Ctrl Pts',(24.9076652386529,-367.42102770723,318.199620746827));
#1675=CARTESIAN_POINT('Ctrl Pts',(25.4511360281533,-367.326462444914,318.236673547658));
#1676=CARTESIAN_POINT('Ctrl Pts',(25.9946068176536,-367.231897182599,318.273726348488));
#1677=CARTESIAN_POINT('Ctrl Pts',(26.4865540840937,-366.841223930119,318.310779149319));
#1678=CARTESIAN_POINT('Ctrl Pts',(26.7017592697752,-366.333296951065,318.34783195015));
#1679=CARTESIAN_POINT('Ctrl Pts',(26.9169644554567,-365.82536997201,318.384884750981));
#1680=CARTESIAN_POINT('Ctrl Pts',(26.8554275603796,-365.20018926638,318.421937551812));
#1681=CARTESIAN_POINT('Ctrl Pts',(26.5453208135251,-364.743969042241,318.458990352642));
#1682=CARTESIAN_POINT('Ctrl Pts',(26.2352140666706,-364.287748818102,318.496043153473));
#1683=CARTESIAN_POINT('Ctrl Pts',(25.6765374680388,-364.000489075454,318.533095954304));
#1684=CARTESIAN_POINT('Ctrl Pts',(25.1250589536209,-364.013700299051,318.570148755135));
#1685=CARTESIAN_POINT('Ctrl Pts',(24.5735804392031,-364.026911522648,318.607201555966));
#1686=CARTESIAN_POINT('Ctrl Pts',(24.0293000089992,-364.340593712491,318.644254356797));
#1687=CARTESIAN_POINT('Ctrl Pts',(23.7413948881344,-364.811139916927,318.681307157627));
#1688=CARTESIAN_POINT('Ctrl Pts',(23.5829536115066,-365.070093078716,318.701698226215));
#1689=CARTESIAN_POINT('Ctrl Pts',(23.5021574403624,-365.376553635,318.722089294803));
#1690=CARTESIAN_POINT('Ctrl Pts',(23.5014121974867,-365.6826482093,318.74248036339));
#1691=CARTESIAN_POINT('Origin',(25.165029428838,-365.682195031467,307.571));
#1692=CARTESIAN_POINT('',(23.497464744649,-365.683486157197,319.44248036339));
#1693=CARTESIAN_POINT('',(23.4966442821773,-365.681308977666,319.24951963661));
#1694=CARTESIAN_POINT('',(23.499029428838,-365.682195031467,307.571));
#1695=CARTESIAN_POINT('Ctrl Pts',(23.4966442821773,-365.681308977666,319.24951963661));
#1696=CARTESIAN_POINT('Ctrl Pts',(23.4963150154014,-365.630184035387,319.246088851824));
#1697=CARTESIAN_POINT('Ctrl Pts',(23.4984612416067,-365.579087110315,319.242658067038));
#1698=CARTESIAN_POINT('Ctrl Pts',(23.5031732279735,-365.528227897188,319.239227282253));
#1699=CARTESIAN_POINT('Ctrl Pts',(23.5540631273031,-364.978943575363,319.202174481422));
#1700=CARTESIAN_POINT('Ctrl Pts',(23.9042285442405,-364.457386461591,319.165121680591));
#1701=CARTESIAN_POINT('Ctrl Pts',(24.3933600605223,-364.202330773696,319.12806887976));
#1702=CARTESIAN_POINT('Ctrl Pts',(24.8824915768041,-363.947275085801,319.091016078929));
#1703=CARTESIAN_POINT('Ctrl Pts',(25.5105891924304,-363.958720823784,319.053963278098));
#1704=CARTESIAN_POINT('Ctrl Pts',(25.9901033368928,-364.231428026056,319.016910477267));
#1705=CARTESIAN_POINT('Ctrl Pts',(26.4696174813552,-364.504135228328,318.979857676437));
#1706=CARTESIAN_POINT('Ctrl Pts',(26.8005481546536,-365.038103894889,318.942804875606));
#1707=CARTESIAN_POINT('Ctrl Pts',(26.8313918518019,-365.588877628552,318.905752074775));
#1708=CARTESIAN_POINT('Ctrl Pts',(26.8622355489502,-366.139651362214,318.868699273944));
#1709=CARTESIAN_POINT('Ctrl Pts',(26.5929922699483,-366.707230162978,318.831646473113));
#1710=CARTESIAN_POINT('Ctrl Pts',(26.146924384373,-367.031770576438,318.794593672282));
#1711=CARTESIAN_POINT('Ctrl Pts',(25.7008564987977,-367.356310989897,318.757540871452));
#1712=CARTESIAN_POINT('Ctrl Pts',(25.077964006649,-367.437813016052,318.720488070621));
#1713=CARTESIAN_POINT('Ctrl Pts',(24.563413544205,-367.238964181071,318.68343526979));
#1714=CARTESIAN_POINT('Ctrl Pts',(24.048863081761,-367.04011534609,318.646382468959));
#1715=CARTESIAN_POINT('Ctrl Pts',(23.6426546490217,-366.560915649974,318.609329668128));
#1716=CARTESIAN_POINT('Ctrl Pts',(23.5307546779135,-366.020747681025,318.572276867297));
#1717=CARTESIAN_POINT('Ctrl Pts',(23.5078456274112,-365.91016020582,318.564691123735));
#1718=CARTESIAN_POINT('Ctrl Pts',(23.497272083199,-365.797017335133,318.557105380172));
#1719=CARTESIAN_POINT('Ctrl Pts',(23.4983174696725,-365.683680579448,318.54951963661));
#1720=CARTESIAN_POINT('Ctrl Pts',(23.5014121974867,-365.6826482093,318.74248036339));
#1721=CARTESIAN_POINT('Ctrl Pts',(23.5008032525852,-365.932760939595,318.759142095633));
#1722=CARTESIAN_POINT('Ctrl Pts',(23.5536417224635,-366.182629315561,318.775803827877));
#1723=CARTESIAN_POINT('Ctrl Pts',(23.6612401216833,-366.406135659645,318.79246556012));
#1724=CARTESIAN_POINT('Ctrl Pts',(23.9005202876229,-366.903174978898,318.829518360951));
#1725=CARTESIAN_POINT('Ctrl Pts',(24.410610431028,-367.269843398375,318.866571161782));
#1726=CARTESIAN_POINT('Ctrl Pts',(24.9579860112797,-367.338276344199,318.903623962612));
#1727=CARTESIAN_POINT('Ctrl Pts',(25.5053615915315,-367.406709290023,318.940676763443));
#1728=CARTESIAN_POINT('Ctrl Pts',(26.0900226086298,-367.176906762194,318.977729564274));
#1729=CARTESIAN_POINT('Ctrl Pts',(26.444305158622,-366.754074676603,319.014782365105));
#1730=CARTESIAN_POINT('Ctrl Pts',(26.7985877086141,-366.331242591012,319.051835165936));
#1731=CARTESIAN_POINT('Ctrl Pts',(26.9224917915001,-365.715380947657,319.088887966767));
#1732=CARTESIAN_POINT('Ctrl Pts',(26.7592929003406,-365.188437728388,319.125940767597));
#1733=CARTESIAN_POINT('Ctrl Pts',(26.5960940091812,-364.661494509118,319.162993568428));
#1734=CARTESIAN_POINT('Ctrl Pts',(26.1457921439764,-364.223469713933,319.200046369259));
#1735=CARTESIAN_POINT('Ctrl Pts',(25.6145400196436,-364.074895332528,319.23709917009));
#1736=CARTESIAN_POINT('Ctrl Pts',(25.0832878953109,-363.926320951123,319.274151970921));
#1737=CARTESIAN_POINT('Ctrl Pts',(24.4710855118502,-364.067196983498,319.311204771752));
#1738=CARTESIAN_POINT('Ctrl Pts',(24.0582057820291,-364.433029583712,319.348257572583));
#1739=CARTESIAN_POINT('Ctrl Pts',(23.7082306156055,-364.743125516972,319.379665169518));
#1740=CARTESIAN_POINT('Ctrl Pts',(23.501468960899,-365.214852953104,319.411072766454));
#1741=CARTESIAN_POINT('Ctrl Pts',(23.497464744649,-365.683486157197,319.44248036339));
#1742=CARTESIAN_POINT('Origin',(25.165029428838,-365.682195031467,307.571));
#1743=CARTESIAN_POINT('',(23.497324822446,-365.68098310785,320.14248036339));
#1744=CARTESIAN_POINT('',(23.5009939558275,-365.681259281794,319.94951963661));
#1745=CARTESIAN_POINT('',(23.499029428838,-365.682195031467,307.571));
#1746=CARTESIAN_POINT('',(26.4341003086908,-364.602836378419,320.571));
#1747=CARTESIAN_POINT('Ctrl Pts',(23.497324822446,-365.68098310785,320.14248036339));
#1748=CARTESIAN_POINT('Ctrl Pts',(23.5012348587539,-366.153560320628,320.174161839768));
#1749=CARTESIAN_POINT('Ctrl Pts',(23.7119803499133,-366.629172959522,320.205843316145));
#1750=CARTESIAN_POINT('Ctrl Pts',(24.0673221825625,-366.939478997606,320.237524792522));
#1751=CARTESIAN_POINT('Ctrl Pts',(24.4829091960958,-367.302394781227,320.274577593353));
#1752=CARTESIAN_POINT('Ctrl Pts',(25.096279029797,-367.439199687051,320.311630394184));
#1753=CARTESIAN_POINT('Ctrl Pts',(25.6262034668433,-367.286560496216,320.348683195015));
#1754=CARTESIAN_POINT('Ctrl Pts',(26.1561279038896,-367.133921305381,320.385735995846));
#1755=CARTESIAN_POINT('Ctrl Pts',(26.602606944281,-366.691838017886,320.422788796677));
#1756=CARTESIAN_POINT('Ctrl Pts',(26.761844713744,-366.164585322355,320.459841597507));
#1757=CARTESIAN_POINT('Ctrl Pts',(26.921082483207,-365.637332626823,320.496894398338));
#1758=CARTESIAN_POINT('Ctrl Pts',(26.7930789817416,-365.024910523255,320.533947199169));
#1759=CARTESIAN_POINT('Ctrl Pts',(26.4341003086908,-364.602836378419,320.571));
#1760=CARTESIAN_POINT('',(23.893478741458,-364.600629140055,320.571));
#1761=CARTESIAN_POINT('Origin',(25.165029428838,-365.682195031467,320.571));
#1762=CARTESIAN_POINT('Ctrl Pts',(23.8934784276688,-364.600628860756,320.571));
#1763=CARTESIAN_POINT('Ctrl Pts',(24.2444958133185,-364.189041916498,320.53465656989));
#1764=CARTESIAN_POINT('Ctrl Pts',(24.8150080039559,-363.962814110799,320.49831313978));
#1765=CARTESIAN_POINT('Ctrl Pts',(25.3527479616617,-364.02373646857,320.46196970967));
#1766=CARTESIAN_POINT('Ctrl Pts',(25.9009838186333,-364.085847941862,320.424916908839));
#1767=CARTESIAN_POINT('Ctrl Pts',(26.4151556249968,-364.44642847953,320.387864108008));
#1768=CARTESIAN_POINT('Ctrl Pts',(26.6601963752044,-364.940613466498,320.350811307177));
#1769=CARTESIAN_POINT('Ctrl Pts',(26.9052371254121,-365.434798453465,320.313758506347));
#1770=CARTESIAN_POINT('Ctrl Pts',(26.881146819464,-366.062587889733,320.276705705516));
#1771=CARTESIAN_POINT('Ctrl Pts',(26.5988005155032,-366.536494606445,320.239652904685));
#1772=CARTESIAN_POINT('Ctrl Pts',(26.3164542115424,-367.010401323158,320.202600103854));
#1773=CARTESIAN_POINT('Ctrl Pts',(25.7758519095688,-367.330425320315,320.165547303023));
#1774=CARTESIAN_POINT('Ctrl Pts',(25.2245558485795,-367.350098190695,320.128494502192));
#1775=CARTESIAN_POINT('Ctrl Pts',(24.6732597875902,-367.369771061074,320.091441701362));
#1776=CARTESIAN_POINT('Ctrl Pts',(24.111269967585,-367.089092804675,320.054388900531));
#1777=CARTESIAN_POINT('Ctrl Pts',(23.7958391760368,-366.636543536258,320.0173360997));
#1778=CARTESIAN_POINT('Ctrl Pts',(23.6033984774221,-366.360448431706,319.994730612003));
#1779=CARTESIAN_POINT('Ctrl Pts',(23.5027290163442,-366.020381565225,319.972125124307));
#1780=CARTESIAN_POINT('Ctrl Pts',(23.5009939558275,-365.681259281794,319.94951963661));
#1781=CARTESIAN_POINT('Origin',(25.165029428838,-365.682195031467,322.116925280538));
#1782=CARTESIAN_POINT('',(23.1073957044463,-365.683329480205,316.225074719462));
#1783=CARTESIAN_POINT('',(23.1123012617521,-365.680780722268,316.166925280538));
#1784=CARTESIAN_POINT('',(23.110279428838,-365.682195031467,322.116925280538));
#1785=CARTESIAN_POINT('',(23.9435133665056,-367.334434745299,315.571));
#1786=CARTESIAN_POINT('Ctrl Pts',(23.1123012617521,-365.680780722268,316.166925280538));
#1787=CARTESIAN_POINT('Ctrl Pts',(23.1107525666459,-365.433372288406,316.153547524513));
#1788=CARTESIAN_POINT('Ctrl Pts',(23.2667013448697,-364.502597257709,316.103116967657));
#1789=CARTESIAN_POINT('Ctrl Pts',(24.6522375196357,-363.307943151634,316.01563360997));
#1790=CARTESIAN_POINT('Ctrl Pts',(26.8814840983555,-363.96350481271,315.904475207477));
#1791=CARTESIAN_POINT('Ctrl Pts',(27.5410745958347,-366.193242725016,315.793316804985));
#1792=CARTESIAN_POINT('Ctrl Pts',(26.0216754204119,-367.952807441984,315.682158402492));
#1793=CARTESIAN_POINT('Ctrl Pts',(24.4930237802669,-367.740692863421,315.608052800831));
#1794=CARTESIAN_POINT('Ctrl Pts',(23.9435133665056,-367.334434745299,315.571));
#1795=CARTESIAN_POINT('',(23.2786882936989,-366.507151726146,315.571));
#1796=CARTESIAN_POINT('Origin',(25.165029428838,-365.682195031467,315.571));
#1797=CARTESIAN_POINT('Ctrl Pts',(23.1073957044463,-365.683329480205,316.225074719462));
#1798=CARTESIAN_POINT('Ctrl Pts',(23.1114803085374,-365.068129873176,316.191604446408));
#1799=CARTESIAN_POINT('Ctrl Pts',(23.73136326384,-363.764746727925,316.121081372523));
#1800=CARTESIAN_POINT('Ctrl Pts',(25.9480806820107,-363.38279310197,316.013505497808));
#1801=CARTESIAN_POINT('Ctrl Pts',(27.5218225451663,-365.093466823716,315.902347095315));
#1802=CARTESIAN_POINT('Ctrl Pts',(26.9372386871409,-367.343309321453,315.791188692823));
#1803=CARTESIAN_POINT('Ctrl Pts',(24.7449237560624,-368.067438137799,315.680739661051));
#1804=CARTESIAN_POINT('Ctrl Pts',(23.5468112631128,-367.118069319323,315.60734343011));
#1805=CARTESIAN_POINT('Ctrl Pts',(23.2786878237854,-366.507151944363,315.571));
#1806=CARTESIAN_POINT('Origin',(25.165029428838,-365.682195031467,322.116925280538));
#1807=CARTESIAN_POINT('',(23.1093165451066,-365.680374478165,316.925074719462));
#1808=CARTESIAN_POINT('',(23.11203320299,-365.683728929645,316.866925280538));
#1809=CARTESIAN_POINT('',(23.110279428838,-365.682195031467,322.116925280538));
#1810=CARTESIAN_POINT('Ctrl Pts',(23.11203320299,-365.683728929645,316.866925280538));
#1811=CARTESIAN_POINT('Ctrl Pts',(23.1151585516716,-365.232746731669,316.842530996164));
#1812=CARTESIAN_POINT('Ctrl Pts',(23.4836500204815,-364.092117943445,316.78108391096));
#1813=CARTESIAN_POINT('Ctrl Pts',(25.3684660766493,-363.261622046052,316.682584024925));
#1814=CARTESIAN_POINT('Ctrl Pts',(27.309227201106,-364.540720334723,316.571425622432));
#1815=CARTESIAN_POINT('Ctrl Pts',(27.2867330640555,-366.864982915115,316.46026721994));
#1816=CARTESIAN_POINT('Ctrl Pts',(25.321527552219,-368.106245268906,316.349108817447));
#1817=CARTESIAN_POINT('Ctrl Pts',(23.4668547089344,-367.245753677796,316.25132817098));
#1818=CARTESIAN_POINT('Ctrl Pts',(23.1150420372573,-366.118627379512,316.190600325343));
#1819=CARTESIAN_POINT('Ctrl Pts',(23.1123012617521,-365.680780722268,316.166925280538));
#1820=CARTESIAN_POINT('Ctrl Pts',(23.1093165451066,-365.680374478165,316.925074719462));
#1821=CARTESIAN_POINT('Ctrl Pts',(23.1080555104469,-365.543402053282,316.917640718891));
#1822=CARTESIAN_POINT('Ctrl Pts',(23.1829754406964,-364.725099165222,316.873153917488));
#1823=CARTESIAN_POINT('Ctrl Pts',(24.2801567605749,-363.419992068354,316.791614315255));
#1824=CARTESIAN_POINT('Ctrl Pts',(26.5860899999334,-363.712132287858,316.680455912762));
#1825=CARTESIAN_POINT('Ctrl Pts',(27.5908723825881,-365.808102423345,316.56929751027));
#1826=CARTESIAN_POINT('Ctrl Pts',(26.3744990408086,-367.788789994771,316.458139107777));
#1827=CARTESIAN_POINT('Ctrl Pts',(24.0507181773286,-367.840633826435,316.346980705285));
#1828=CARTESIAN_POINT('Ctrl Pts',(23.1396994337141,-366.495634735919,316.269292575847));
#1829=CARTESIAN_POINT('Ctrl Pts',(23.1069585043198,-365.749178052066,316.228657247239));
#1830=CARTESIAN_POINT('Ctrl Pts',(23.1073957044463,-365.683329480205,316.225074719462));
#1831=CARTESIAN_POINT('Origin',(25.165029428838,-365.682195031467,322.116925280538));
#1832=CARTESIAN_POINT('',(23.1133590338832,-365.682171952795,317.625074719462));
#1833=CARTESIAN_POINT('',(23.1067941728515,-365.682748872354,317.566925280538));
#1834=CARTESIAN_POINT('',(23.110279428838,-365.682195031467,322.116925280538));
#1835=CARTESIAN_POINT('Ctrl Pts',(23.1067941728515,-365.682748872354,317.566925280538));
#1836=CARTESIAN_POINT('Ctrl Pts',(23.1091295552071,-365.032387015991,317.531514467816));
#1837=CARTESIAN_POINT('Ctrl Pts',(23.7931567210679,-363.697276656839,317.459050854263));
#1838=CARTESIAN_POINT('Ctrl Pts',(26.0671613357982,-363.426819003254,317.34953443988));
#1839=CARTESIAN_POINT('Ctrl Pts',(27.5492495346721,-365.217375372931,317.238376037387));
#1840=CARTESIAN_POINT('Ctrl Pts',(26.8482965330541,-367.433530317735,317.127217634895));
#1841=CARTESIAN_POINT('Ctrl Pts',(24.6061089477108,-368.046126237391,317.016059232402));
#1842=CARTESIAN_POINT('Ctrl Pts',(23.2554325395577,-366.834823506855,316.929295114283));
#1843=CARTESIAN_POINT('Ctrl Pts',(23.1104114182672,-365.917749550528,316.879583796995));
#1844=CARTESIAN_POINT('Ctrl Pts',(23.11203320299,-365.683728929645,316.866925280538));
#1845=CARTESIAN_POINT('Ctrl Pts',(23.1133590338832,-365.682171952795,317.625074719462));
#1846=CARTESIAN_POINT('Ctrl Pts',(23.1133248244177,-365.340520937782,317.606624190542));
#1847=CARTESIAN_POINT('Ctrl Pts',(23.356023655945,-364.312803754442,317.551120860792));
#1848=CARTESIAN_POINT('Ctrl Pts',(24.9800956171506,-363.260137739118,317.45856473021));
#1849=CARTESIAN_POINT('Ctrl Pts',(27.0999087654216,-364.213588898065,317.347406327718));
#1850=CARTESIAN_POINT('Ctrl Pts',(27.4481062997503,-366.511726272389,317.236247925225));
#1851=CARTESIAN_POINT('Ctrl Pts',(25.7058712913268,-368.050327654582,317.125089522733));
#1852=CARTESIAN_POINT('Ctrl Pts',(23.6180648834098,-367.462731153914,317.021365120811));
#1853=CARTESIAN_POINT('Ctrl Pts',(23.1143408026848,-366.226104715143,316.954693519722));
#1854=CARTESIAN_POINT('Ctrl Pts',(23.1093165451066,-365.680374478165,316.925074719462));
#1855=CARTESIAN_POINT('Origin',(25.165029428838,-365.682195031467,322.116925280538));
#1856=CARTESIAN_POINT('',(23.1094013387447,-365.684027222171,318.325074719462));
#1857=CARTESIAN_POINT('',(23.1103994388368,-365.680318899372,318.266925280538));
#1858=CARTESIAN_POINT('',(23.110279428838,-365.682195031467,322.116925280538));
#1859=CARTESIAN_POINT('Ctrl Pts',(23.1103994388368,-365.680318899372,318.266925280538));
#1860=CARTESIAN_POINT('Ctrl Pts',(23.1088409612519,-365.507358568929,318.257550740298));
#1861=CARTESIAN_POINT('Ctrl Pts',(23.2079725904729,-364.652534590932,318.211123399228));
#1862=CARTESIAN_POINT('Ctrl Pts',(24.3995213302165,-363.376862006261,318.127643257327));
#1863=CARTESIAN_POINT('Ctrl Pts',(26.6870491266946,-363.789044470705,318.016484854835));
#1864=CARTESIAN_POINT('Ctrl Pts',(27.5809841368875,-365.934634831971,317.905326452342));
#1865=CARTESIAN_POINT('Ctrl Pts',(26.2628209368449,-367.849086079537,317.79416804985));
#1866=CARTESIAN_POINT('Ctrl Pts',(23.9394970726537,-367.779486964268,317.683009647357));
#1867=CARTESIAN_POINT('Ctrl Pts',(23.1209527192657,-366.423477217109,317.607262057587));
#1868=CARTESIAN_POINT('Ctrl Pts',(23.1066858819154,-365.712905944521,317.568567268647));
#1869=CARTESIAN_POINT('Ctrl Pts',(23.1067941728515,-365.682748872354,317.566925280538));
#1870=CARTESIAN_POINT('Ctrl Pts',(23.1094013387447,-365.684027222171,318.325074719462));
#1871=CARTESIAN_POINT('Ctrl Pts',(23.1144097441816,-365.141035287822,318.295607662194));
#1872=CARTESIAN_POINT('Ctrl Pts',(23.6138530913137,-363.907122744989,318.229087804095));
#1873=CARTESIAN_POINT('Ctrl Pts',(25.696190335004,-363.311872240619,318.125515145165));
#1874=CARTESIAN_POINT('Ctrl Pts',(27.4446976717726,-364.843341800568,318.014356742672));
#1875=CARTESIAN_POINT('Ctrl Pts',(27.1058935093732,-367.142882767337,317.90319834018));
#1876=CARTESIAN_POINT('Ctrl Pts',(24.9899939620054,-368.104987764328,317.792039937687));
#1877=CARTESIAN_POINT('Ctrl Pts',(23.3589646011524,-367.057251760892,317.699332064115));
#1878=CARTESIAN_POINT('Ctrl Pts',(23.1133935246982,-366.026632813918,317.643676991373));
#1879=CARTESIAN_POINT('Ctrl Pts',(23.1133590338832,-365.682171952795,317.625074719462));
#1880=CARTESIAN_POINT('Origin',(25.165029428838,-365.682195031467,322.116925280538));
#1881=CARTESIAN_POINT('',(23.1073377240954,-365.681102222915,319.025074719462));
#1882=CARTESIAN_POINT('',(23.1132182006752,-365.682753955327,318.966925280538));
#1883=CARTESIAN_POINT('',(23.110279428838,-365.682195031467,322.116925280538));
#1884=CARTESIAN_POINT('Ctrl Pts',(23.1132182006753,-365.682753955327,318.966925280538));
#1885=CARTESIAN_POINT('Ctrl Pts',(23.1141373410108,-365.305234251521,318.94653421195));
#1886=CARTESIAN_POINT('Ctrl Pts',(23.3948606493022,-364.240448383544,318.889090342532));
#1887=CARTESIAN_POINT('Ctrl Pts',(25.1068544003319,-363.253784305582,318.794593672282));
#1888=CARTESIAN_POINT('Ctrl Pts',(27.1739745822746,-364.316653974621,318.68343526979));
#1889=CARTESIAN_POINT('Ctrl Pts',(27.4016629409055,-366.629841348378,318.572276867297));
#1890=CARTESIAN_POINT('Ctrl Pts',(25.5814432907534,-368.07534410744,318.461118464805));
#1891=CARTESIAN_POINT('Ctrl Pts',(23.5656096390789,-367.392519743458,318.359334602552));
#1892=CARTESIAN_POINT('Ctrl Pts',(23.1150008323578,-366.190982993378,318.294603541129));
#1893=CARTESIAN_POINT('Ctrl Pts',(23.1103994388368,-365.680318899372,318.266925280538));
#1894=CARTESIAN_POINT('Ctrl Pts',(23.1073377240954,-365.681102222915,319.025074719462));
#1895=CARTESIAN_POINT('Ctrl Pts',(23.1069316251112,-365.618047615984,319.021643934677));
#1896=CARTESIAN_POINT('Ctrl Pts',(23.1381668747083,-364.874405028665,318.98116034906));
#1897=CARTESIAN_POINT('Ctrl Pts',(24.0419032420584,-363.528326550989,318.903623962612));
#1898=CARTESIAN_POINT('Ctrl Pts',(26.3658832703445,-363.570676125035,318.79246556012));
#1899=CARTESIAN_POINT('Ctrl Pts',(27.5903366934416,-365.546376216781,318.681307157627));
#1900=CARTESIAN_POINT('Ctrl Pts',(26.5941284806041,-367.646434813786,318.570148755135));
#1901=CARTESIAN_POINT('Ctrl Pts',(24.2894075654014,-367.947994756597,318.458990352642));
#1902=CARTESIAN_POINT('Ctrl Pts',(23.1848510729484,-366.644961405081,318.377299007418));
#1903=CARTESIAN_POINT('Ctrl Pts',(23.1081120183027,-365.823810354672,318.332660463025));
#1904=CARTESIAN_POINT('Ctrl Pts',(23.1094013387447,-365.684027222171,318.325074719462));
#1905=CARTESIAN_POINT('Origin',(25.165029428838,-365.682195031467,322.116925280538));
#1906=CARTESIAN_POINT('',(23.1127023651115,-365.681040930842,319.725074719462));
#1907=CARTESIAN_POINT('',(23.1083496360185,-365.683787432784,319.666925280538));
#1908=CARTESIAN_POINT('',(23.110279428838,-365.682195031467,322.116925280538));
#1909=CARTESIAN_POINT('Ctrl Pts',(23.1083496360185,-365.683787432784,319.666925280538));
#1910=CARTESIAN_POINT('Ctrl Pts',(23.1132882094517,-365.105801792861,319.635517683602));
#1911=CARTESIAN_POINT('Ctrl Pts',(23.6691396051674,-363.837624895442,319.567057285835));
#1912=CARTESIAN_POINT('Ctrl Pts',(25.8192697838205,-363.342850917356,319.461544087237));
#1913=CARTESIAN_POINT('Ctrl Pts',(27.4854001995401,-364.963555805542,319.350385684745));
#1914=CARTESIAN_POINT('Ctrl Pts',(27.0269513742523,-367.242262369196,319.239227282252));
#1915=CARTESIAN_POINT('Ctrl Pts',(24.8636880641391,-368.092538618997,319.12806887976));
#1916=CARTESIAN_POINT('Ctrl Pts',(23.32255740319,-366.984726694059,319.037301545855));
#1917=CARTESIAN_POINT('Ctrl Pts',(23.1124671625382,-365.99122882482,318.983587012781));
#1918=CARTESIAN_POINT('Ctrl Pts',(23.1132182006753,-365.682753955327,318.966925280538));
#1919=CARTESIAN_POINT('Ctrl Pts',(23.1127023651115,-365.681040930842,319.725074719462));
#1920=CARTESIAN_POINT('Ctrl Pts',(23.1113347250185,-365.413731965628,319.710627406328));
#1921=CARTESIAN_POINT('Ctrl Pts',(23.2841232727814,-364.46255608339,319.659127292363));
#1922=CARTESIAN_POINT('Ctrl Pts',(24.720584875805,-363.294096072851,319.570574377568));
#1923=CARTESIAN_POINT('Ctrl Pts',(26.9306687744324,-364.01393942066,319.459415975075));
#1924=CARTESIAN_POINT('Ctrl Pts',(27.5241037804572,-366.261276123475,319.348257572582));
#1925=CARTESIAN_POINT('Ctrl Pts',(25.9575181787514,-367.978392309955,319.23709917009));
#1926=CARTESIAN_POINT('Ctrl Pts',(23.7360613253626,-367.604956262807,319.129371552383));
#1927=CARTESIAN_POINT('Ctrl Pts',(23.1113175326283,-366.299043346693,319.058696735507));
#1928=CARTESIAN_POINT('Ctrl Pts',(23.1073377240954,-365.681102222915,319.025074719462));
#1929=CARTESIAN_POINT('Origin',(25.165029428838,-365.682195031467,322.116925280538));
#1930=CARTESIAN_POINT('',(23.1124261909584,-365.683307022118,320.425074719462));
#1931=CARTESIAN_POINT('',(23.1081770639017,-365.680700313549,320.366925280538));
#1932=CARTESIAN_POINT('',(23.110279428838,-365.682195031467,322.116925280538));
#1933=CARTESIAN_POINT('',(24.6348592116499,-367.667369357139,320.571));
#1934=CARTESIAN_POINT('Ctrl Pts',(24.6348592116504,-367.667369357139,320.571));
#1935=CARTESIAN_POINT('Ctrl Pts',(23.9746196858989,-367.491042609288,320.533947199169));
#1936=CARTESIAN_POINT('Ctrl Pts',(23.2401671326923,-366.7933744781,320.48530543899));
#1937=CARTESIAN_POINT('Ctrl Pts',(23.1108324048833,-365.89733537346,320.436663678811));
#1938=CARTESIAN_POINT('Ctrl Pts',(23.1124261909584,-365.683307022118,320.425074719462));
#1939=CARTESIAN_POINT('',(25.6961664771994,-367.671348432269,320.571));
#1940=CARTESIAN_POINT('Origin',(25.165029428838,-365.682195031467,320.571));
#1941=CARTESIAN_POINT('Ctrl Pts',(25.6961666005759,-367.671348940035,320.571));
#1942=CARTESIAN_POINT('Ctrl Pts',(25.0513599842675,-367.842622277251,320.53465656989));
#1943=CARTESIAN_POINT('Ctrl Pts',(23.671090232489,-367.523055342206,320.466631663402));
#1944=CARTESIAN_POINT('Ctrl Pts',(23.1129994811308,-366.263550270305,320.398606756915));
#1945=CARTESIAN_POINT('Ctrl Pts',(23.1081770639017,-365.680700313549,320.366925280538));
#1946=CARTESIAN_POINT('Origin',(25.165029428838,-365.682195031467,322.116925280538));
#1947=CARTESIAN_POINT('Ctrl Pts',(23.1081770639017,-365.680700313548,320.366925280538));
#1948=CARTESIAN_POINT('Ctrl Pts',(23.1073594641384,-365.581883068162,320.361553956084));
#1949=CARTESIAN_POINT('Ctrl Pts',(23.1588170309778,-364.802248558379,320.3191298308));
#1950=CARTESIAN_POINT('Ctrl Pts',(24.1558790896956,-363.472513800588,320.239652904685));
#1951=CARTESIAN_POINT('Ctrl Pts',(26.474549877231,-363.63632708804,320.128494502192));
#1952=CARTESIAN_POINT('Ctrl Pts',(27.5941096308859,-365.67321793442,320.0173360997));
#1953=CARTESIAN_POINT('Ctrl Pts',(26.4895880640067,-367.718406689277,319.906177697207));
#1954=CARTESIAN_POINT('Ctrl Pts',(24.1722556456376,-367.89916340862,319.795019294715));
#1955=CARTESIAN_POINT('Ctrl Pts',(23.1618533421009,-366.572502110651,319.715268489158));
#1956=CARTESIAN_POINT('Ctrl Pts',(23.1074619764488,-365.787674616268,319.672570484433));
#1957=CARTESIAN_POINT('Ctrl Pts',(23.1083496360185,-365.683787432784,319.666925280538));
#1958=CARTESIAN_POINT('Ctrl Pts',(23.1124261909584,-365.683307022118,320.425074719462));
#1959=CARTESIAN_POINT('Ctrl Pts',(23.115928137488,-365.213033216898,320.39961087798));
#1960=CARTESIAN_POINT('Ctrl Pts',(23.5086593081972,-364.051986315121,320.337094235667));
#1961=CARTESIAN_POINT('Ctrl Pts',(25.4385635004505,-363.268631380724,320.237524792523));
#1962=CARTESIAN_POINT('Ctrl Pts',(27.3410146153222,-364.60279019184,320.12636639003));
#1963=CARTESIAN_POINT('Ctrl Pts',(27.2518797603157,-366.925629947249,320.015207987538));
#1964=CARTESIAN_POINT('Ctrl Pts',(25.2516350184549,-368.109728341293,319.904049585045));
#1965=CARTESIAN_POINT('Ctrl Pts',(23.4425137720487,-367.206187068872,319.807338495687));
#1966=CARTESIAN_POINT('Ctrl Pts',(23.1148422904395,-366.099295139654,319.747680207159));
#1967=CARTESIAN_POINT('Ctrl Pts',(23.1127023651115,-365.681040930842,319.725074719462));
#1968=CARTESIAN_POINT('Ctrl Pts',(26.4341003086908,-364.602836378419,320.571));
#1969=CARTESIAN_POINT('Ctrl Pts',(26.7930789817416,-365.024910523255,320.533947199169));
#1970=CARTESIAN_POINT('Ctrl Pts',(27.0490859846723,-366.249754730391,320.459841597508));
#1971=CARTESIAN_POINT('Ctrl Pts',(25.7096488634983,-367.576004592875,320.348683195015));
#1972=CARTESIAN_POINT('Ctrl Pts',(23.8695393623946,-367.165589875402,320.237524792522));
#1973=CARTESIAN_POINT('Ctrl Pts',(23.2161267822985,-365.398509891153,320.12636639003));
#1974=CARTESIAN_POINT('Ctrl Pts',(24.3468060610262,-363.890576133477,320.015207987537));
#1975=CARTESIAN_POINT('Ctrl Pts',(26.2267941530248,-364.023396640544,319.904049585045));
#1976=CARTESIAN_POINT('Ctrl Pts',(27.1345379416068,-365.674916363171,319.792891182553));
#1977=CARTESIAN_POINT('Ctrl Pts',(26.2389871785356,-367.333164065126,319.68173278006));
#1978=CARTESIAN_POINT('Ctrl Pts',(24.3600842419238,-367.47972237851,319.570574377568));
#1979=CARTESIAN_POINT('Ctrl Pts',(23.2182118998449,-365.980440520032,319.459415975075));
#1980=CARTESIAN_POINT('Ctrl Pts',(23.8588831283895,-364.208073015873,319.348257572583));
#1981=CARTESIAN_POINT('Ctrl Pts',(25.6954902787715,-363.785444918748,319.23709917009));
#1982=CARTESIAN_POINT('Ctrl Pts',(27.046395874386,-365.099519304303,319.125940767598));
#1983=CARTESIAN_POINT('Ctrl Pts',(26.6746836257282,-366.947104234366,319.014782365105));
#1984=CARTESIAN_POINT('Ctrl Pts',(24.9207005744331,-367.636511817852,318.903623962612));
#1985=CARTESIAN_POINT('Ctrl Pts',(23.3904301442178,-366.536506559421,318.79246556012));
#1986=CARTESIAN_POINT('Ctrl Pts',(23.4850195787954,-364.654275902333,318.681307157627));
#1987=CARTESIAN_POINT('Ctrl Pts',(25.1178608694069,-363.713229332806,318.570148755135));
#1988=CARTESIAN_POINT('Ctrl Pts',(26.7938906653025,-364.57500856075,318.458990352643));
#1989=CARTESIAN_POINT('Ctrl Pts',(26.9785013505338,-366.45055067764,318.34783195015));
#1990=CARTESIAN_POINT('Ctrl Pts',(25.5026595512135,-367.622570435078,318.236673547658));
#1991=CARTESIAN_POINT('Ctrl Pts',(23.7176766135318,-367.017942251533,318.125515145165));
#1992=CARTESIAN_POINT('Ctrl Pts',(23.2579199158859,-365.190276223782,318.014356742673));
#1993=CARTESIAN_POINT('Ctrl Pts',(24.5443522212442,-363.813021253639,317.90319834018));
#1994=CARTESIAN_POINT('Ctrl Pts',(26.3990894442312,-364.147220541028,317.792039937687));
#1995=CARTESIAN_POINT('Ctrl Pts',(27.1238957354984,-365.886874290569,317.680881535195));
#1996=CARTESIAN_POINT('Ctrl Pts',(26.05512343168,-367.439119468058,317.569723132702));
#1997=CARTESIAN_POINT('Ctrl Pts',(24.1713626054273,-367.382688210709,317.45856473021));
#1998=CARTESIAN_POINT('Ctrl Pts',(23.1974237260288,-365.769250150651,317.347406327717));
#1999=CARTESIAN_POINT('Ctrl Pts',(24.0250654033606,-364.076102614171,317.236247925225));
#2000=CARTESIAN_POINT('Ctrl Pts',(25.8964817987106,-363.853526598323,317.125089522733));
#2001=CARTESIAN_POINT('Ctrl Pts',(27.098165185655,-365.305317284237,317.01393112024));
#2002=CARTESIAN_POINT('Ctrl Pts',(26.5298295240438,-367.102185096887,316.902772717747));
#2003=CARTESIAN_POINT('Ctrl Pts',(24.7118543362195,-367.598880462332,316.791614315255));
#2004=CARTESIAN_POINT('Ctrl Pts',(23.3088162447051,-366.340619148934,316.680455912763));
#2005=CARTESIAN_POINT('Ctrl Pts',(23.6053641454586,-364.479490546211,316.56929751027));
#2006=CARTESIAN_POINT('Ctrl Pts',(25.3299767242528,-363.719584205964,316.458139107777));
#2007=CARTESIAN_POINT('Ctrl Pts',(26.903554061323,-364.756682514238,316.346980705285));
#2008=CARTESIAN_POINT('Ctrl Pts',(26.8853157197602,-366.641204455561,316.235822302792));
#2009=CARTESIAN_POINT('Ctrl Pts',(25.2919187699027,-367.647625227634,316.1246639003));
#2010=CARTESIAN_POINT('Ctrl Pts',(23.5824045668901,-366.854481249761,316.013505497807));
#2011=CARTESIAN_POINT('Ctrl Pts',(23.3218390185979,-364.987906282556,315.902347095315));
#2012=CARTESIAN_POINT('Ctrl Pts',(24.7492555776488,-363.757141554498,315.791188692823));
#2013=CARTESIAN_POINT('Ctrl Pts',(26.5567381425093,-364.288673725006,315.68003029033));
#2014=CARTESIAN_POINT('Ctrl Pts',(27.0915369106321,-366.096554665219,315.568871887837));
#2015=CARTESIAN_POINT('Ctrl Pts',(25.8596016259238,-367.523217187895,315.457713485345));
#2016=CARTESIAN_POINT('Ctrl Pts',(24.620164403643,-367.351233789484,315.383607883683));
#2017=CARTESIAN_POINT('Ctrl Pts',(24.1746190334878,-367.021837987176,315.346555082852));
#2018=CARTESIAN_POINT('Ctrl Pts',(26.5328100534973,-364.518882661658,320.645814972382));
#2019=CARTESIAN_POINT('Ctrl Pts',(26.919710487082,-364.973786203014,320.608762171552));
#2020=CARTESIAN_POINT('Ctrl Pts',(27.1956299994944,-366.293900155153,320.53465656989));
#2021=CARTESIAN_POINT('Ctrl Pts',(25.7520099689853,-367.723307207321,320.423498167397));
#2022=CARTESIAN_POINT('Ctrl Pts',(23.7687747038652,-367.280969976559,320.312339764905));
#2023=CARTESIAN_POINT('Ctrl Pts',(23.0645389664037,-365.376444545356,320.201181362412));
#2024=CARTESIAN_POINT('Ctrl Pts',(24.2831637372493,-363.751222022514,320.09002295992));
#2025=CARTESIAN_POINT('Ctrl Pts',(26.3093793944268,-363.894373456376,319.978864557427));
#2026=CARTESIAN_POINT('Ctrl Pts',(27.2877285046998,-365.674350220254,319.867706154935));
#2027=CARTESIAN_POINT('Ctrl Pts',(26.322520807026,-367.461578273176,319.756547752442));
#2028=CARTESIAN_POINT('Ctrl Pts',(24.2974747098284,-367.619536055213,319.64538934995));
#2029=CARTESIAN_POINT('Ctrl Pts',(23.0667862667124,-366.003638385914,319.534230947457));
#2030=CARTESIAN_POINT('Ctrl Pts',(23.7572896161247,-364.093414165621,319.423072544965));
#2031=CARTESIAN_POINT('Ctrl Pts',(25.7367501137879,-363.637913584951,319.311914142472));
#2032=CARTESIAN_POINT('Ctrl Pts',(27.1927306494374,-365.05419813805,319.20075573998));
#2033=CARTESIAN_POINT('Ctrl Pts',(26.7921062085695,-367.045490279309,319.089597337487));
#2034=CARTESIAN_POINT('Ctrl Pts',(24.9016964043351,-367.788520751567,318.978438934995));
#2035=CARTESIAN_POINT('Ctrl Pts',(23.252399837716,-366.60295586044,318.867280532502));
#2036=CARTESIAN_POINT('Ctrl Pts',(23.3543465437406,-364.574323208966,318.75612213001));
#2037=CARTESIAN_POINT('Ctrl Pts',(25.1141920463819,-363.560080990398,318.644963727518));
#2038=CARTESIAN_POINT('Ctrl Pts',(26.9205853042932,-364.488890365374,318.533805325025));
#2039=CARTESIAN_POINT('Ctrl Pts',(27.119555213991,-366.510314234553,318.422646922532));
#2040=CARTESIAN_POINT('Ctrl Pts',(25.5289207977268,-367.773494992532,318.31148852004));
#2041=CARTESIAN_POINT('Ctrl Pts',(23.605099901457,-367.121838156255,318.200330117547));
#2042=CARTESIAN_POINT('Ctrl Pts',(23.1095828164141,-365.152014231688,318.089171715055));
#2043=CARTESIAN_POINT('Ctrl Pts',(24.4960752575683,-363.667634837846,317.978013312562));
#2044=CARTESIAN_POINT('Ctrl Pts',(26.4950760050523,-364.027828517587,317.86685491007));
#2045=CARTESIAN_POINT('Ctrl Pts',(27.2762585359614,-365.902794471036,317.755696507577));
#2046=CARTESIAN_POINT('Ctrl Pts',(26.1243559334016,-367.575775005217,317.644538105085));
#2047=CARTESIAN_POINT('Ctrl Pts',(24.0940740945028,-367.514954461895,317.533379702592));
#2048=CARTESIAN_POINT('Ctrl Pts',(23.0443811656112,-365.776021394665,317.4222213001));
#2049=CARTESIAN_POINT('Ctrl Pts',(23.9363977333118,-363.951178959264,317.311062897607));
#2050=CARTESIAN_POINT('Ctrl Pts',(25.9533749777398,-363.7112907333,317.199904495115));
#2051=CARTESIAN_POINT('Ctrl Pts',(27.2485266353274,-365.276003313802,317.088746092623));
#2052=CARTESIAN_POINT('Ctrl Pts',(26.6359851937139,-367.212633503837,316.97758769013));
#2053=CARTESIAN_POINT('Ctrl Pts',(24.6766058733833,-367.747962387352,316.866429287638));
#2054=CARTESIAN_POINT('Ctrl Pts',(23.1644379183082,-366.391832109251,316.755270885145));
#2055=CARTESIAN_POINT('Ctrl Pts',(23.4840516446755,-364.385942853405,316.644112482652));
#2056=CARTESIAN_POINT('Ctrl Pts',(25.342806508385,-363.56693015266,316.53295408016));
#2057=CARTESIAN_POINT('Ctrl Pts',(27.0387784412507,-364.684695121066,316.421795677667));
#2058=CARTESIAN_POINT('Ctrl Pts',(27.019121501192,-366.715797275413,316.310637275175));
#2059=CARTESIAN_POINT('Ctrl Pts',(25.3017883640081,-367.800498574724,316.199478872682));
#2060=CARTESIAN_POINT('Ctrl Pts',(23.4593062445447,-366.945662975923,316.08832047019));
#2061=CARTESIAN_POINT('Ctrl Pts',(23.1784736180415,-364.933903731307,315.977162067697));
#2062=CARTESIAN_POINT('Ctrl Pts',(24.7169162249778,-363.607408753543,315.866003665205));
#2063=CARTESIAN_POINT('Ctrl Pts',(26.6649867944581,-364.180284087574,315.754845262712));
#2064=CARTESIAN_POINT('Ctrl Pts',(27.2413828056997,-366.128784018485,315.64368686022));
#2065=CARTESIAN_POINT('Ctrl Pts',(25.9136262240865,-367.666413939258,315.532528457727));
#2066=CARTESIAN_POINT('Ctrl Pts',(24.5777841958509,-367.481053480797,315.458422856066));
#2067=CARTESIAN_POINT('Ctrl Pts',(24.0975838111604,-367.12603690655,315.421370055235));
#2068=CARTESIAN_POINT('Ctrl Pts',(26.6315197983037,-364.434928944896,320.720629944765));
#2069=CARTESIAN_POINT('Ctrl Pts',(27.0463419924224,-364.922661882772,320.683577143934));
#2070=CARTESIAN_POINT('Ctrl Pts',(27.3421740143164,-366.338045579914,320.609471542273));
#2071=CARTESIAN_POINT('Ctrl Pts',(25.7943710744724,-367.870609821766,320.49831313978));
#2072=CARTESIAN_POINT('Ctrl Pts',(23.6680100453358,-367.396350077715,320.387154737287));
#2073=CARTESIAN_POINT('Ctrl Pts',(22.9129511505088,-365.354379199558,320.275996334795));
#2074=CARTESIAN_POINT('Ctrl Pts',(24.2195214134725,-363.611867911551,320.164837932302));
#2075=CARTESIAN_POINT('Ctrl Pts',(26.3919646358289,-363.765350272208,320.05367952981));
#2076=CARTESIAN_POINT('Ctrl Pts',(27.4409190677928,-365.673784077337,319.942521127317));
#2077=CARTESIAN_POINT('Ctrl Pts',(26.4060544355163,-367.589992481226,319.831362724825));
#2078=CARTESIAN_POINT('Ctrl Pts',(24.234865177733,-367.759349731916,319.720204322332));
#2079=CARTESIAN_POINT('Ctrl Pts',(22.9153606335799,-366.026836251797,319.60904591984));
#2080=CARTESIAN_POINT('Ctrl Pts',(23.65569610386,-363.978755315368,319.497887517347));
#2081=CARTESIAN_POINT('Ctrl Pts',(25.7780099488042,-363.490382251153,319.386729114855));
#2082=CARTESIAN_POINT('Ctrl Pts',(27.3390654244888,-365.008876971796,319.275570712362));
#2083=CARTESIAN_POINT('Ctrl Pts',(26.9095287914109,-367.143876324253,319.16441230987));
#2084=CARTESIAN_POINT('Ctrl Pts',(24.8826922342371,-367.940529685282,319.053253907377));
#2085=CARTESIAN_POINT('Ctrl Pts',(23.1143695312142,-366.669405161459,318.942095504885));
#2086=CARTESIAN_POINT('Ctrl Pts',(23.2236735086858,-364.494370515598,318.830937102392));
#2087=CARTESIAN_POINT('Ctrl Pts',(25.1105232233569,-363.40693264799,318.7197786999));
#2088=CARTESIAN_POINT('Ctrl Pts',(27.0472799432839,-364.402772169997,318.608620297407));
#2089=CARTESIAN_POINT('Ctrl Pts',(27.2606090774483,-366.570077791465,318.497461894915));
#2090=CARTESIAN_POINT('Ctrl Pts',(25.5551820442401,-367.924419549986,318.386303492422));
#2091=CARTESIAN_POINT('Ctrl Pts',(23.4925231893821,-367.225734060977,318.27514508993));
#2092=CARTESIAN_POINT('Ctrl Pts',(22.9612457169423,-365.113752239594,318.163986687437));
#2093=CARTESIAN_POINT('Ctrl Pts',(24.4477982938924,-363.522248422054,318.052828284945));
#2094=CARTESIAN_POINT('Ctrl Pts',(26.5910625658735,-363.908436494146,317.941669882452));
#2095=CARTESIAN_POINT('Ctrl Pts',(27.4286213364244,-365.918714651504,317.83051147996));
#2096=CARTESIAN_POINT('Ctrl Pts',(26.1935884351233,-367.712430542377,317.719353077467));
#2097=CARTESIAN_POINT('Ctrl Pts',(24.0167855835782,-367.647220713082,317.608194674975));
#2098=CARTESIAN_POINT('Ctrl Pts',(22.8913386051937,-365.782792638679,317.497036272482));
#2099=CARTESIAN_POINT('Ctrl Pts',(23.8477300632629,-363.826255304357,317.38587786999));
#2100=CARTESIAN_POINT('Ctrl Pts',(26.010268156769,-363.569054868277,317.274719467498));
#2101=CARTESIAN_POINT('Ctrl Pts',(27.3988880849998,-365.246689343366,317.163561065005));
#2102=CARTESIAN_POINT('Ctrl Pts',(26.742140863384,-367.323081910786,317.052402662512));
#2103=CARTESIAN_POINT('Ctrl Pts',(24.641357410547,-367.897044312371,316.94124426002));
#2104=CARTESIAN_POINT('Ctrl Pts',(23.0200595919113,-366.443045069568,316.830085857527));
#2105=CARTESIAN_POINT('Ctrl Pts',(23.3627391438925,-364.2923951606,316.718927455035));
#2106=CARTESIAN_POINT('Ctrl Pts',(25.3556362925171,-363.414276099356,316.607769052542));
#2107=CARTESIAN_POINT('Ctrl Pts',(27.1740028211783,-364.612707727895,316.49661065005));
#2108=CARTESIAN_POINT('Ctrl Pts',(27.1529272826238,-366.790390095264,316.385452247557));
#2109=CARTESIAN_POINT('Ctrl Pts',(25.3116579581136,-367.953371921815,316.274293845065));
#2110=CARTESIAN_POINT('Ctrl Pts',(23.3362079221994,-367.036844702086,316.163135442572));
#2111=CARTESIAN_POINT('Ctrl Pts',(23.0351082174851,-364.879901180059,316.05197704008));
#2112=CARTESIAN_POINT('Ctrl Pts',(24.6845768723067,-363.457675952588,315.940818637587));
#2113=CARTESIAN_POINT('Ctrl Pts',(26.7732354464068,-364.071894450142,315.829660235095));
#2114=CARTESIAN_POINT('Ctrl Pts',(27.3912287007672,-366.16101337175,315.718501832602));
#2115=CARTESIAN_POINT('Ctrl Pts',(25.9676508222492,-367.809610690621,315.60734343011));
#2116=CARTESIAN_POINT('Ctrl Pts',(24.5354039880589,-367.610873172109,315.533237828448));
#2117=CARTESIAN_POINT('Ctrl Pts',(24.020548588833,-367.230235825925,315.496185027617));
#2118=CARTESIAN_POINT('Ctrl Pts',(26.7302295431102,-364.350975228135,320.795444917147));
#2119=CARTESIAN_POINT('Ctrl Pts',(27.1729734977628,-364.871537562531,320.758392116317));
#2120=CARTESIAN_POINT('Ctrl Pts',(27.4887180291385,-366.382191004675,320.684286514655));
#2121=CARTESIAN_POINT('Ctrl Pts',(25.8367321799594,-368.017912436211,320.573128112163));
#2122=CARTESIAN_POINT('Ctrl Pts',(23.5672453868064,-367.511730178872,320.46196970967));
#2123=CARTESIAN_POINT('Ctrl Pts',(22.761363334614,-365.33231385376,320.350811307177));
#2124=CARTESIAN_POINT('Ctrl Pts',(24.1558790896956,-363.472513800588,320.239652904685));
#2125=CARTESIAN_POINT('Ctrl Pts',(26.474549877231,-363.63632708804,320.128494502192));
#2126=CARTESIAN_POINT('Ctrl Pts',(27.5941096308859,-365.67321793442,320.0173360997));
#2127=CARTESIAN_POINT('Ctrl Pts',(26.4895880640067,-367.718406689277,319.906177697207));
#2128=CARTESIAN_POINT('Ctrl Pts',(24.1722556456376,-367.89916340862,319.795019294715));
#2129=CARTESIAN_POINT('Ctrl Pts',(22.7639350004475,-366.050034117679,319.683860892222));
#2130=CARTESIAN_POINT('Ctrl Pts',(23.5541025915952,-363.864096465116,319.57270248973));
#2131=CARTESIAN_POINT('Ctrl Pts',(25.8192697838205,-363.342850917356,319.461544087237));
#2132=CARTESIAN_POINT('Ctrl Pts',(27.4854001995401,-364.963555805542,319.350385684745));
#2133=CARTESIAN_POINT('Ctrl Pts',(27.0269513742523,-367.242262369196,319.239227282252));
#2134=CARTESIAN_POINT('Ctrl Pts',(24.8636880641391,-368.092538618997,319.12806887976));
#2135=CARTESIAN_POINT('Ctrl Pts',(22.9763392247123,-366.735854462478,319.016910477267));
#2136=CARTESIAN_POINT('Ctrl Pts',(23.093000473631,-364.414417822231,318.905752074775));
#2137=CARTESIAN_POINT('Ctrl Pts',(25.1068544003319,-363.253784305582,318.794593672282));
#2138=CARTESIAN_POINT('Ctrl Pts',(27.1739745822746,-364.316653974621,318.68343526979));
#2139=CARTESIAN_POINT('Ctrl Pts',(27.4016629409055,-366.629841348378,318.572276867297));
#2140=CARTESIAN_POINT('Ctrl Pts',(25.5814432907534,-368.07534410744,318.461118464805));
#2141=CARTESIAN_POINT('Ctrl Pts',(23.3799464773072,-367.329629965699,318.349960062312));
#2142=CARTESIAN_POINT('Ctrl Pts',(22.8129086174705,-365.075490247499,318.23880165982));
#2143=CARTESIAN_POINT('Ctrl Pts',(24.3995213302165,-363.376862006261,318.127643257327));
#2144=CARTESIAN_POINT('Ctrl Pts',(26.6870491266946,-363.789044470705,318.016484854835));
#2145=CARTESIAN_POINT('Ctrl Pts',(27.5809841368875,-365.934634831971,317.905326452342));
#2146=CARTESIAN_POINT('Ctrl Pts',(26.2628209368449,-367.849086079537,317.79416804985));
#2147=CARTESIAN_POINT('Ctrl Pts',(23.9394970726537,-367.779486964268,317.683009647357));
#2148=CARTESIAN_POINT('Ctrl Pts',(22.7382960447761,-365.789563882694,317.571851244865));
#2149=CARTESIAN_POINT('Ctrl Pts',(23.759062393214,-363.70133164945,317.460692842372));
#2150=CARTESIAN_POINT('Ctrl Pts',(26.0671613357982,-363.426819003254,317.34953443988));
#2151=CARTESIAN_POINT('Ctrl Pts',(27.5492495346721,-365.217375372931,317.238376037387));
#2152=CARTESIAN_POINT('Ctrl Pts',(26.8482965330541,-367.433530317735,317.127217634895));
#2153=CARTESIAN_POINT('Ctrl Pts',(24.6061089477108,-368.046126237391,317.016059232402));
#2154=CARTESIAN_POINT('Ctrl Pts',(22.8756812655144,-366.494258029886,316.90490082991));
#2155=CARTESIAN_POINT('Ctrl Pts',(23.2414266431094,-364.198847467794,316.793742427417));
#2156=CARTESIAN_POINT('Ctrl Pts',(25.3684660766493,-363.261622046052,316.682584024925));
#2157=CARTESIAN_POINT('Ctrl Pts',(27.309227201106,-364.540720334723,316.571425622432));
#2158=CARTESIAN_POINT('Ctrl Pts',(27.2867330640555,-366.864982915115,316.46026721994));
#2159=CARTESIAN_POINT('Ctrl Pts',(25.321527552219,-368.106245268906,316.349108817447));
#2160=CARTESIAN_POINT('Ctrl Pts',(23.213109599854,-367.128026428249,316.237950414955));
#2161=CARTESIAN_POINT('Ctrl Pts',(22.8917428169287,-364.82589862881,316.126792012462));
#2162=CARTESIAN_POINT('Ctrl Pts',(24.6522375196357,-363.307943151634,316.01563360997));
#2163=CARTESIAN_POINT('Ctrl Pts',(26.8814840983555,-363.96350481271,315.904475207477));
#2164=CARTESIAN_POINT('Ctrl Pts',(27.5410745958347,-366.193242725016,315.793316804985));
#2165=CARTESIAN_POINT('Ctrl Pts',(26.0216754204119,-367.952807441984,315.682158402492));
#2166=CARTESIAN_POINT('Ctrl Pts',(24.4930237802669,-367.740692863421,315.608052800831));
#2167=CARTESIAN_POINT('Ctrl Pts',(23.9435133665056,-367.334434745299,315.571));
#2168=CARTESIAN_POINT('Ctrl Pts',(23.9435133665056,-367.334434745299,315.571));
#2169=CARTESIAN_POINT('Ctrl Pts',(24.0061606597928,-367.372242188527,315.571));
#2170=CARTESIAN_POINT('Ctrl Pts',(24.0707932769541,-367.40628855579,315.571));
#2171=CARTESIAN_POINT('Ctrl Pts',(24.1370624079642,-367.436611352398,315.571));
#2172=CARTESIAN_POINT('Ctrl Pts',(24.2052154733584,-367.467796181724,315.571));
#2173=CARTESIAN_POINT('Ctrl Pts',(24.2751004431574,-367.495042894176,315.571));
#2174=CARTESIAN_POINT('Ctrl Pts',(24.3463534314104,-367.518339990822,315.571));
#2175=CARTESIAN_POINT('Ctrl Pts',(24.4065861384062,-367.538033862343,315.571));
#2176=CARTESIAN_POINT('Ctrl Pts',(24.4677970384948,-367.554904449076,315.571));
#2177=CARTESIAN_POINT('Ctrl Pts',(24.5297662417052,-367.568915747015,315.571));
#2178=CARTESIAN_POINT('Ctrl Pts',(24.557305702246,-367.575142446194,315.571));
#2179=CARTESIAN_POINT('Ctrl Pts',(24.5849948756475,-367.580804097169,315.571));
#2180=CARTESIAN_POINT('Ctrl Pts',(24.6128140585346,-367.585895871946,315.571));
#2181=CARTESIAN_POINT('Ctrl Pts',(24.6280661295094,-367.588687474799,315.571));
#2182=CARTESIAN_POINT('Ctrl Pts',(24.6433572736573,-367.591307762875,315.571));
#2183=CARTESIAN_POINT('Ctrl Pts',(24.6586841929014,-367.593755810451,315.571));
#2184=CARTESIAN_POINT('Ctrl Pts',(24.6728702794055,-367.596021641838,315.571));
#2185=CARTESIAN_POINT('Ctrl Pts',(24.6870891502315,-367.598140102159,315.571));
#2186=CARTESIAN_POINT('Ctrl Pts',(24.7013160571593,-367.600107666149,315.571));
#2187=CARTESIAN_POINT('Ctrl Pts',(24.7738653937869,-367.610141151497,315.571));
#2188=CARTESIAN_POINT('Ctrl Pts',(24.8467481203843,-367.616276198521,315.571));
#2189=CARTESIAN_POINT('Ctrl Pts',(24.9196232465131,-367.618505576521,315.571));
#2190=CARTESIAN_POINT('Ctrl Pts',(24.9919461409385,-367.620718060783,315.571));
#2191=CARTESIAN_POINT('Ctrl Pts',(25.0642625622265,-367.619083688112,315.571));
#2192=CARTESIAN_POINT('Ctrl Pts',(25.1362302203653,-367.613545247438,315.571));
#2193=CARTESIAN_POINT('Ctrl Pts',(25.1960599156007,-367.608940912295,315.571));
#2194=CARTESIAN_POINT('Ctrl Pts',(25.2556486808734,-367.601637453938,315.571));
#2195=CARTESIAN_POINT('Ctrl Pts',(25.3147876374258,-367.591576371009,315.571));
#2196=CARTESIAN_POINT('Ctrl Pts',(25.3394362271487,-367.587383001363,315.571));
#2197=CARTESIAN_POINT('Ctrl Pts',(25.3640065078491,-367.582710316312,315.571));
#2198=CARTESIAN_POINT('Ctrl Pts',(25.3884825221316,-367.577552908501,315.571));
#2199=CARTESIAN_POINT('Ctrl Pts',(25.399821255168,-367.575163693099,315.571));
#2200=CARTESIAN_POINT('Ctrl Pts',(25.4111397500213,-367.572670442282,315.571));
#2201=CARTESIAN_POINT('Ctrl Pts',(25.4224363778456,-367.570072568848,315.571));
#2202=CARTESIAN_POINT('Ctrl Pts',(25.4342150826577,-367.567363832685,315.571));
#2203=CARTESIAN_POINT('Ctrl Pts',(25.4459619157658,-367.564543186931,315.571));
#2204=CARTESIAN_POINT('Ctrl Pts',(25.4576708712285,-367.561611548164,315.571));
#2205=CARTESIAN_POINT('Ctrl Pts',(25.5243993823843,-367.544904345649,315.571));
#2206=CARTESIAN_POINT('Ctrl Pts',(25.5899454980635,-367.52458543683,315.571));
#2207=CARTESIAN_POINT('Ctrl Pts',(25.6540082977161,-367.500609292291,315.571));
#2208=CARTESIAN_POINT('Ctrl Pts',(25.7121616779962,-367.478844807151,315.571));
#2209=CARTESIAN_POINT('Ctrl Pts',(25.7690930520416,-367.454066064957,315.571));
#2210=CARTESIAN_POINT('Ctrl Pts',(25.8245580090344,-367.42620714442,315.571));
#2211=CARTESIAN_POINT('Ctrl Pts',(25.8900748090295,-367.393299387452,315.571));
#2212=CARTESIAN_POINT('Ctrl Pts',(25.9535470651831,-367.356093368278,315.571));
#2213=CARTESIAN_POINT('Ctrl Pts',(26.0146921023654,-367.314910231467,315.571));
#2214=CARTESIAN_POINT('Ctrl Pts',(26.0281765884144,-367.305827999132,315.571));
#2215=CARTESIAN_POINT('Ctrl Pts',(26.0415476861844,-367.296552216515,315.571));
#2216=CARTESIAN_POINT('Ctrl Pts',(26.0548020021487,-367.287086140921,315.571));
#2217=CARTESIAN_POINT('Ctrl Pts',(26.0682997169386,-367.277446232766,315.571));
#2218=CARTESIAN_POINT('Ctrl Pts',(26.0816809704269,-367.267605280878,315.571));
#2219=CARTESIAN_POINT('Ctrl Pts',(26.0949157677681,-367.257587087679,315.571));
#2220=CARTESIAN_POINT('Ctrl Pts',(26.1495835260989,-367.2162058598,315.571));
#2221=CARTESIAN_POINT('Ctrl Pts',(26.2018289644424,-367.171754563846,315.571));
#2222=CARTESIAN_POINT('Ctrl Pts',(26.2514641562387,-367.12453706529,315.571));
#2223=CARTESIAN_POINT('Ctrl Pts',(26.3010913755367,-367.077327150898,315.571));
#2224=CARTESIAN_POINT('Ctrl Pts',(26.3481097386173,-367.027350903273,315.571));
#2225=CARTESIAN_POINT('Ctrl Pts',(26.3922886962803,-366.974882659596,315.571));
#2226=CARTESIAN_POINT('Ctrl Pts',(26.4243412165673,-366.936816133498,315.571));
#2227=CARTESIAN_POINT('Ctrl Pts',(26.4548982901048,-366.897437231229,315.571));
#2228=CARTESIAN_POINT('Ctrl Pts',(26.4838553219409,-366.85684558143,315.571));
#2229=CARTESIAN_POINT('Ctrl Pts',(26.4959140660017,-366.839941766194,315.571));
#2230=CARTESIAN_POINT('Ctrl Pts',(26.5076951550245,-366.82282760723,315.571));
#2231=CARTESIAN_POINT('Ctrl Pts',(26.5191902458644,-366.805510220201,315.571));
#2232=CARTESIAN_POINT('Ctrl Pts',(26.527952627428,-366.792309667466,315.571));
#2233=CARTESIAN_POINT('Ctrl Pts',(26.5365488180141,-366.778991026519,315.571));
#2234=CARTESIAN_POINT('Ctrl Pts',(26.5449749304897,-366.765557450152,315.571));
#2235=CARTESIAN_POINT('Ctrl Pts',(26.5518553007604,-366.754588218524,315.571));
#2236=CARTESIAN_POINT('Ctrl Pts',(26.5586177097061,-366.743549573656,315.571));
#2237=CARTESIAN_POINT('Ctrl Pts',(26.5652588076321,-366.732446352141,315.571));
#2238=CARTESIAN_POINT('Ctrl Pts',(26.5990613686852,-366.675932003564,315.571));
#2239=CARTESIAN_POINT('Ctrl Pts',(26.6297403317694,-366.617721058396,315.571));
#2240=CARTESIAN_POINT('Ctrl Pts',(26.6570668227305,-366.55805986979,315.571));
#2241=CARTESIAN_POINT('Ctrl Pts',(26.6763093877083,-366.516048098134,315.571));
#2242=CARTESIAN_POINT('Ctrl Pts',(26.6938886524308,-366.47331687004,315.571));
#2243=CARTESIAN_POINT('Ctrl Pts',(26.7097092845857,-366.429951125011,315.571));
#2244=CARTESIAN_POINT('Ctrl Pts',(26.7147876145354,-366.416030975702,315.571));
#2245=CARTESIAN_POINT('Ctrl Pts',(26.7196852659443,-366.402043564183,315.571));
#2246=CARTESIAN_POINT('Ctrl Pts',(26.7243967802774,-366.387997731523,315.571));
#2247=CARTESIAN_POINT('Ctrl Pts',(26.7444547210294,-366.328201568468,315.571));
#2248=CARTESIAN_POINT('Ctrl Pts',(26.7611028777251,-366.267469489812,315.571));
#2249=CARTESIAN_POINT('Ctrl Pts',(26.7741170998578,-366.20602387333,315.571));
#2250=CARTESIAN_POINT('Ctrl Pts',(26.7861597240419,-366.149165579418,315.571));
#2251=CARTESIAN_POINT('Ctrl Pts',(26.7950904860685,-366.091695784425,315.571));
#2252=CARTESIAN_POINT('Ctrl Pts',(26.8006921237137,-366.033794453091,315.571));
#2253=CARTESIAN_POINT('Ctrl Pts',(26.8017164833246,-366.023206159275,315.571));
#2254=CARTESIAN_POINT('Ctrl Pts',(26.8026294052333,-366.012603456627,315.571));
#2255=CARTESIAN_POINT('Ctrl Pts',(26.8034313270867,-366.001987895204,315.571));
#2256=CARTESIAN_POINT('Ctrl Pts',(26.4341003086908,-364.602836378419,320.571));
#2257=CARTESIAN_POINT('Ctrl Pts',(26.4793870929573,-364.645084141709,320.571));
#2258=CARTESIAN_POINT('Ctrl Pts',(26.5219414719879,-364.689904570335,320.571));
#2259=CARTESIAN_POINT('Ctrl Pts',(26.5617665503339,-364.736951859,320.571));
#2260=CARTESIAN_POINT('Ctrl Pts',(26.6042760377097,-364.787170369713,320.571));
#2261=CARTESIAN_POINT('Ctrl Pts',(26.6436766160057,-364.839926284462,320.571));
#2262=CARTESIAN_POINT('Ctrl Pts',(26.6799430526888,-364.89485399018,320.571));
#2263=CARTESIAN_POINT('Ctrl Pts',(26.7116761847866,-364.942915732684,320.571));
#2264=CARTESIAN_POINT('Ctrl Pts',(26.7410094920498,-364.992641484783,320.571));
#2265=CARTESIAN_POINT('Ctrl Pts',(26.7679030799646,-365.043813987679,320.571));
#2266=CARTESIAN_POINT('Ctrl Pts',(26.7813907803344,-365.069478074912,320.571));
#2267=CARTESIAN_POINT('Ctrl Pts',(26.7942644724926,-365.095506410797,320.571));
#2268=CARTESIAN_POINT('Ctrl Pts',(26.8065167781332,-365.121873435504,320.571));
#2269=CARTESIAN_POINT('Ctrl Pts',(26.812120690203,-365.133933083078,320.571));
#2270=CARTESIAN_POINT('Ctrl Pts',(26.8175951946724,-365.146065278787,320.571));
#2271=CARTESIAN_POINT('Ctrl Pts',(26.8229310752476,-365.158247582576,320.571));
#2272=CARTESIAN_POINT('Ctrl Pts',(26.8497962433009,-365.219583220426,320.571));
#2273=CARTESIAN_POINT('Ctrl Pts',(26.873202463016,-365.282295308815,320.571));
#2274=CARTESIAN_POINT('Ctrl Pts',(26.8931280430765,-365.346024873478,320.571));
#2275=CARTESIAN_POINT('Ctrl Pts',(26.9134138599108,-365.410906612015,320.571));
#2276=CARTESIAN_POINT('Ctrl Pts',(26.9300926003704,-365.47684379125,320.571));
#2277=CARTESIAN_POINT('Ctrl Pts',(26.9431020422512,-365.543494168676,320.571));
#2278=CARTESIAN_POINT('Ctrl Pts',(26.9539961471802,-365.599307186013,320.571));
#2279=CARTESIAN_POINT('Ctrl Pts',(26.9623166452153,-365.655621269208,320.571));
#2280=CARTESIAN_POINT('Ctrl Pts',(26.9680020946157,-365.712247786862,320.571));
#2281=CARTESIAN_POINT('Ctrl Pts',(26.970620295555,-365.73832481108,320.571));
#2282=CARTESIAN_POINT('Ctrl Pts',(26.9726793493429,-365.764468206307,320.571));
#2283=CARTESIAN_POINT('Ctrl Pts',(26.9741714499346,-365.790659952315,320.571));
#2284=CARTESIAN_POINT('Ctrl Pts',(26.9748228250293,-365.802093934134,320.571));
#2285=CARTESIAN_POINT('Ctrl Pts',(26.9753660359014,-365.813536919943,320.571));
#2286=CARTESIAN_POINT('Ctrl Pts',(26.9758001055335,-365.824973285062,320.571));
#2287=CARTESIAN_POINT('Ctrl Pts',(26.9784633923736,-365.89514248942,320.571));
#2288=CARTESIAN_POINT('Ctrl Pts',(26.9770300434295,-365.965193891509,320.571));
#2289=CARTESIAN_POINT('Ctrl Pts',(26.9714472654922,-366.034764711458,320.571));
#2290=CARTESIAN_POINT('Ctrl Pts',(26.9664460436439,-366.09708836263,320.571));
#2291=CARTESIAN_POINT('Ctrl Pts',(26.9581145128298,-366.159027309962,320.571));
#2292=CARTESIAN_POINT('Ctrl Pts',(26.9463813534314,-366.220332962135,320.571));
#2293=CARTESIAN_POINT('Ctrl Pts',(26.9336192086538,-366.287015053646,320.571));
#2294=CARTESIAN_POINT('Ctrl Pts',(26.9168337062748,-366.352948743532,320.571));
#2295=CARTESIAN_POINT('Ctrl Pts',(26.896269147564,-366.417921472679,320.571));
#2296=CARTESIAN_POINT('Ctrl Pts',(26.8883616977026,-366.442904678266,320.571));
#2297=CARTESIAN_POINT('Ctrl Pts',(26.8798949475557,-366.467745753294,320.571));
#2298=CARTESIAN_POINT('Ctrl Pts',(26.8708808025663,-366.492432292209,320.571));
#2299=CARTESIAN_POINT('Ctrl Pts',(26.8669219578533,-366.503274160648,320.571));
#2300=CARTESIAN_POINT('Ctrl Pts',(26.8628576785111,-366.514085535197,320.571));
#2301=CARTESIAN_POINT('Ctrl Pts',(26.8586939885481,-366.524853017616,320.571));
#2302=CARTESIAN_POINT('Ctrl Pts',(26.833463634446,-366.590099805112,320.571));
#2303=CARTESIAN_POINT('Ctrl Pts',(26.804544738604,-366.653853895034,320.571));
#2304=CARTESIAN_POINT('Ctrl Pts',(26.77224908035,-366.71589762695,320.571));
#2305=CARTESIAN_POINT('Ctrl Pts',(26.7392116753513,-366.779366341004,320.571));
#2306=CARTESIAN_POINT('Ctrl Pts',(26.702640313439,-366.841046047992,320.571));
#2307=CARTESIAN_POINT('Ctrl Pts',(26.6628126593251,-366.900699909214,320.571));
#2308=CARTESIAN_POINT('Ctrl Pts',(26.632453494856,-366.946171866436,320.571));
#2309=CARTESIAN_POINT('Ctrl Pts',(26.6002010614601,-366.990466739027,320.571));
#2310=CARTESIAN_POINT('Ctrl Pts',(26.5661590783234,-367.033473580537,320.571));
#2311=CARTESIAN_POINT('Ctrl Pts',(26.5449777741038,-367.060232920317,320.571));
#2312=CARTESIAN_POINT('Ctrl Pts',(26.5231033333774,-367.086493481621,320.571));
#2313=CARTESIAN_POINT('Ctrl Pts',(26.500557885662,-367.112226878409,320.571));
#2314=CARTESIAN_POINT('Ctrl Pts',(26.4876691123624,-367.126938137268,320.571));
#2315=CARTESIAN_POINT('Ctrl Pts',(26.4745563473991,-367.141481880726,320.571));
#2316=CARTESIAN_POINT('Ctrl Pts',(26.4612482076939,-367.155826531115,320.571));
#2317=CARTESIAN_POINT('Ctrl Pts',(26.4104019343744,-367.21063299021,320.571));
#2318=CARTESIAN_POINT('Ctrl Pts',(26.3566602055983,-367.26259288667,320.571));
#2319=CARTESIAN_POINT('Ctrl Pts',(26.300306681771,-367.311443743297,320.571));
#2320=CARTESIAN_POINT('Ctrl Pts',(26.258120168381,-367.348013724679,320.571));
#2321=CARTESIAN_POINT('Ctrl Pts',(26.2144688263399,-367.382841173012,320.571));
#2322=CARTESIAN_POINT('Ctrl Pts',(26.1694552201366,-367.415806172741,320.571));
#2323=CARTESIAN_POINT('Ctrl Pts',(26.1555347552828,-367.426000604132,320.571));
#2324=CARTESIAN_POINT('Ctrl Pts',(26.1414839182757,-367.436016843167,320.571));
#2325=CARTESIAN_POINT('Ctrl Pts',(26.1273055085022,-367.445851123333,320.571));
#2326=CARTESIAN_POINT('Ctrl Pts',(26.1134865200141,-367.45543610547,320.571));
#2327=CARTESIAN_POINT('Ctrl Pts',(26.0995533235999,-367.464843331632,320.571));
#2328=CARTESIAN_POINT('Ctrl Pts',(26.0855140488515,-367.474066467931,320.571));
#2329=CARTESIAN_POINT('Ctrl Pts',(26.0225920777307,-367.515403212614,320.571));
#2330=CARTESIAN_POINT('Ctrl Pts',(25.9575108814189,-367.553066629356,320.571));
#2331=CARTESIAN_POINT('Ctrl Pts',(25.89053046855,-367.586779037104,320.571));
#2332=CARTESIAN_POINT('Ctrl Pts',(25.8390406299273,-367.612694769184,320.571));
#2333=CARTESIAN_POINT('Ctrl Pts',(25.7864274836565,-367.636275271885,320.571));
#2334=CARTESIAN_POINT('Ctrl Pts',(25.7327950157708,-367.6573788551,320.571));
#2335=CARTESIAN_POINT('Ctrl Pts',(25.7206373623449,-367.662162711986,320.571));
#2336=CARTESIAN_POINT('Ctrl Pts',(25.708427287352,-367.66681922507,320.571));
#2337=CARTESIAN_POINT('Ctrl Pts',(25.6961666005763,-367.671348940035,320.571));
#2338=CARTESIAN_POINT('Ctrl Pts',(23.497464744649,-365.683486157197,319.44248036339));
#2339=CARTESIAN_POINT('Ctrl Pts',(23.4967450265115,-365.767718325434,319.448125567285));
#2340=CARTESIAN_POINT('Ctrl Pts',(23.50257569061,-365.851850529879,319.45377077118));
#2341=CARTESIAN_POINT('Ctrl Pts',(23.5153024949488,-365.934926245752,319.459415975075));
#2342=CARTESIAN_POINT('Ctrl Pts',(23.5988360138712,-366.480201139525,319.496468775906));
#2343=CARTESIAN_POINT('Ctrl Pts',(23.9794601278975,-366.979961759017,319.533521576737));
#2344=CARTESIAN_POINT('Ctrl Pts',(24.4829226743459,-367.205415683199,319.570574377567));
#2345=CARTESIAN_POINT('Ctrl Pts',(24.9863852207944,-367.430869607382,319.607627178398));
#2346=CARTESIAN_POINT('Ctrl Pts',(25.612686199665,-367.382016836254,319.644679979229));
#2347=CARTESIAN_POINT('Ctrl Pts',(26.0750951496121,-367.081215833698,319.68173278006));
#2348=CARTESIAN_POINT('Ctrl Pts',(26.5375040995593,-366.780414831141,319.718785580891));
#2349=CARTESIAN_POINT('Ctrl Pts',(26.8360210205831,-366.227665597156,319.755838381722));
#2350=CARTESIAN_POINT('Ctrl Pts',(26.8339888496646,-365.676037693059,319.792891182553));
#2351=CARTESIAN_POINT('Ctrl Pts',(26.8319566787461,-365.124409788962,319.829943983383));
#2352=CARTESIAN_POINT('Ctrl Pts',(26.5293754158855,-364.573903214753,319.866996784214));
#2353=CARTESIAN_POINT('Ctrl Pts',(26.0647534357887,-364.27651317647,319.904049585045));
#2354=CARTESIAN_POINT('Ctrl Pts',(25.6001314556919,-363.979123138188,319.941102385876));
#2355=CARTESIAN_POINT('Ctrl Pts',(24.9734687583591,-363.934849635833,319.978155186707));
#2356=CARTESIAN_POINT('Ctrl Pts',(24.471690863238,-364.164035177601,320.015207987537));
#2357=CARTESIAN_POINT('Ctrl Pts',(23.969912968117,-364.393220719369,320.052260788368));
#2358=CARTESIAN_POINT('Ctrl Pts',(23.5930198752077,-364.895865305261,320.089313589199));
#2359=CARTESIAN_POINT('Ctrl Pts',(23.5134754254358,-365.441700928916,320.12636639003));
#2360=CARTESIAN_POINT('Ctrl Pts',(23.5019443390236,-365.52082747717,320.131737714483));
#2361=CARTESIAN_POINT('Ctrl Pts',(23.4966619090961,-365.600861666889,320.137109038937));
#2362=CARTESIAN_POINT('Ctrl Pts',(23.497324822446,-365.68098310785,320.14248036339));
#2363=CARTESIAN_POINT('Ctrl Pts',(24.6348592116504,-367.667369357139,320.571));
#2364=CARTESIAN_POINT('Ctrl Pts',(23.9746196858989,-367.491042609288,320.533947199169));
#2365=CARTESIAN_POINT('Ctrl Pts',(22.8556830325631,-366.428146932171,320.459841597508));
#2366=CARTESIAN_POINT('Ctrl Pts',(23.284036366418,-364.143161561295,320.348683195015));
#2367=CARTESIAN_POINT('Ctrl Pts',(25.4385635004505,-363.268631380724,320.237524792523));
#2368=CARTESIAN_POINT('Ctrl Pts',(27.3410146153222,-364.60279019184,320.12636639003));
#2369=CARTESIAN_POINT('Ctrl Pts',(27.2518797603157,-366.925629947249,320.015207987538));
#2370=CARTESIAN_POINT('Ctrl Pts',(25.2516350184549,-368.109728341293,319.904049585045));
#2371=CARTESIAN_POINT('Ctrl Pts',(23.1722558179946,-367.0712103689,319.792891182553));
#2372=CARTESIAN_POINT('Ctrl Pts',(22.9174282275771,-364.760836591189,319.68173278006));
#2373=CARTESIAN_POINT('Ctrl Pts',(24.720584875805,-363.294096072851,319.570574377568));
#2374=CARTESIAN_POINT('Ctrl Pts',(26.9306687744324,-364.01393942066,319.459415975075));
#2375=CARTESIAN_POINT('Ctrl Pts',(27.5241037804572,-366.261276123475,319.348257572582));
#2376=CARTESIAN_POINT('Ctrl Pts',(25.9575181787514,-367.978392309955,319.23709917009));
#2377=CARTESIAN_POINT('Ctrl Pts',(23.6653149324037,-367.593063502748,319.125940767598));
#2378=CARTESIAN_POINT('Ctrl Pts',(22.7462806902241,-365.45810352492,319.014782365105));
#2379=CARTESIAN_POINT('Ctrl Pts',(24.0419032420584,-363.528326550989,318.903623962612));
#2380=CARTESIAN_POINT('Ctrl Pts',(26.3658832703445,-363.570676125035,318.79246556012));
#2381=CARTESIAN_POINT('Ctrl Pts',(27.5903366934416,-365.546376216781,318.681307157627));
#2382=CARTESIAN_POINT('Ctrl Pts',(26.5941284806041,-367.646434813786,318.570148755135));
#2383=CARTESIAN_POINT('Ctrl Pts',(24.2894075654014,-367.947994756597,318.458990352642));
#2384=CARTESIAN_POINT('Ctrl Pts',(22.7864241731366,-366.174941499224,318.34783195015));
#2385=CARTESIAN_POINT('Ctrl Pts',(23.4613410625155,-363.950719363327,318.236673547658));
#2386=CARTESIAN_POINT('Ctrl Pts',(25.696190335004,-363.311872240619,318.125515145165));
#2387=CARTESIAN_POINT('Ctrl Pts',(27.4446976717726,-364.843341800568,318.014356742672));
#2388=CARTESIAN_POINT('Ctrl Pts',(27.1058935093732,-367.142882767337,317.90319834018));
#2389=CARTESIAN_POINT('Ctrl Pts',(24.9899939620054,-368.104987764328,317.792039937687));
#2390=CARTESIAN_POINT('Ctrl Pts',(23.034360517033,-366.848733512259,317.680881535195));
#2391=CARTESIAN_POINT('Ctrl Pts',(23.0296116934377,-364.524372446061,317.569723132703));
#2392=CARTESIAN_POINT('Ctrl Pts',(24.9800956171506,-363.260137739118,317.45856473021));
#2393=CARTESIAN_POINT('Ctrl Pts',(27.0999087654216,-364.213588898065,317.347406327718));
#2394=CARTESIAN_POINT('Ctrl Pts',(27.4481062997503,-366.511726272389,317.236247925225));
#2395=CARTESIAN_POINT('Ctrl Pts',(25.7058712913268,-368.050327654582,317.125089522733));
#2396=CARTESIAN_POINT('Ctrl Pts',(23.4684303351028,-367.420617700947,317.01393112024));
#2397=CARTESIAN_POINT('Ctrl Pts',(22.7844305193135,-365.199171951455,316.902772717748));
#2398=CARTESIAN_POINT('Ctrl Pts',(24.2801567605749,-363.419992068354,316.791614315255));
#2399=CARTESIAN_POINT('Ctrl Pts',(26.5860899999334,-363.712132287858,316.680455912762));
#2400=CARTESIAN_POINT('Ctrl Pts',(27.5908723825881,-365.808102423345,316.56929751027));
#2401=CARTESIAN_POINT('Ctrl Pts',(26.3744990408086,-367.788789994771,316.458139107777));
#2402=CARTESIAN_POINT('Ctrl Pts',(24.0507181773286,-367.840633826435,316.346980705285));
#2403=CARTESIAN_POINT('Ctrl Pts',(22.7472064450605,-365.916170573987,316.235822302793));
#2404=CARTESIAN_POINT('Ctrl Pts',(23.657541398624,-363.777466675385,316.1246639003));
#2405=CARTESIAN_POINT('Ctrl Pts',(25.9480806820107,-363.38279310197,316.013505497808));
#2406=CARTESIAN_POINT('Ctrl Pts',(27.5218225451663,-365.093466823716,315.902347095315));
#2407=CARTESIAN_POINT('Ctrl Pts',(26.9372386871409,-367.343309321453,315.791188692823));
#2408=CARTESIAN_POINT('Ctrl Pts',(24.7308433789151,-368.072088932579,315.68003029033));
#2409=CARTESIAN_POINT('Ctrl Pts',(22.9200923755316,-366.613332266181,315.568871887837));
#2410=CARTESIAN_POINT('Ctrl Pts',(23.1689546039357,-364.301901472276,315.457713485345));
#2411=CARTESIAN_POINT('Ctrl Pts',(24.5468943098739,-363.606884478664,315.383607883683));
#2412=CARTESIAN_POINT('Ctrl Pts',(25.2299326720517,-363.628470334357,315.346555082852));
#2413=CARTESIAN_POINT('Ctrl Pts',(24.6682945317513,-367.54217383147,320.645814972382));
#2414=CARTESIAN_POINT('Ctrl Pts',(24.0496931802522,-367.376967174989,320.608762171552));
#2415=CARTESIAN_POINT('Ctrl Pts',(23.0013225526267,-366.38110328511,320.53465656989));
#2416=CARTESIAN_POINT('Ctrl Pts',(23.4026616741222,-364.240221100011,320.423498167397));
#2417=CARTESIAN_POINT('Ctrl Pts',(25.4213130043903,-363.420843388547,320.312339764905));
#2418=CARTESIAN_POINT('Ctrl Pts',(27.2037855540015,-364.670863133626,320.201181362412));
#2419=CARTESIAN_POINT('Ctrl Pts',(27.1202720113824,-366.847212406833,320.09002295992));
#2420=CARTESIAN_POINT('Ctrl Pts',(25.246173214835,-367.956635333353,319.978864557427));
#2421=CARTESIAN_POINT('Ctrl Pts',(23.297930594523,-366.983611762026,319.867706154935));
#2422=CARTESIAN_POINT('Ctrl Pts',(23.0591737711534,-364.818942296451,319.756547752442));
#2423=CARTESIAN_POINT('Ctrl Pts',(24.7486138850099,-363.444702143364,319.64538934995));
#2424=CARTESIAN_POINT('Ctrl Pts',(26.8193182783299,-364.119148386665,319.534230947458));
#2425=CARTESIAN_POINT('Ctrl Pts',(27.3753281541941,-366.224756226566,319.423072544965));
#2426=CARTESIAN_POINT('Ctrl Pts',(25.9075396734135,-367.833582042362,319.311914142473));
#2427=CARTESIAN_POINT('Ctrl Pts',(23.7598948100025,-367.472554094757,319.20075573998));
#2428=CARTESIAN_POINT('Ctrl Pts',(22.898819696938,-365.472235912991,319.089597337488));
#2429=CARTESIAN_POINT('Ctrl Pts',(24.1127334817648,-363.664160816599,318.978438934995));
#2430=CARTESIAN_POINT('Ctrl Pts',(26.2901511162486,-363.703839603945,318.867280532502));
#2431=CARTESIAN_POINT('Ctrl Pts',(27.4373840716118,-365.554941665004,318.75612213001));
#2432=CARTESIAN_POINT('Ctrl Pts',(26.5040019840515,-367.522559530438,318.644963727517));
#2433=CARTESIAN_POINT('Ctrl Pts',(24.3446288817677,-367.805101518466,318.533805325025));
#2434=CARTESIAN_POINT('Ctrl Pts',(22.9364315208519,-366.143866317436,318.422646922532));
#2435=CARTESIAN_POINT('Ctrl Pts',(23.568784604294,-364.059915318389,318.31148852004));
#2436=CARTESIAN_POINT('Ctrl Pts',(25.6626925368498,-363.461357252574,318.200330117548));
#2437=CARTESIAN_POINT('Ctrl Pts',(27.3009298120264,-364.896244293736,318.089171715055));
#2438=CARTESIAN_POINT('Ctrl Pts',(26.9834924206263,-367.050764122357,317.978013312562));
#2439=CARTESIAN_POINT('Ctrl Pts',(25.0010326184082,-367.952193722084,317.86685491007));
#2440=CARTESIAN_POINT('Ctrl Pts',(23.1687316959216,-366.775165465147,317.755696507577));
#2441=CARTESIAN_POINT('Ctrl Pts',(23.1642823580988,-364.597390823005,317.644538105085));
#2442=CARTESIAN_POINT('Ctrl Pts',(24.9917585151988,-363.412885400617,317.533379702592));
#2443=CARTESIAN_POINT('Ctrl Pts',(26.9778851060799,-364.306206918807,317.4222213001));
#2444=CARTESIAN_POINT('Ctrl Pts',(27.3041234740104,-366.459411672899,317.311062897607));
#2445=CARTESIAN_POINT('Ctrl Pts',(25.6717629611905,-367.900980766114,317.199904495115));
#2446=CARTESIAN_POINT('Ctrl Pts',(23.5754267900957,-367.310983631472,317.088746092622));
#2447=CARTESIAN_POINT('Ctrl Pts',(22.9345635973161,-365.229633925313,316.97758769013));
#2448=CARTESIAN_POINT('Ctrl Pts',(24.3359614813093,-363.562658475769,316.866429287637));
#2449=CARTESIAN_POINT('Ctrl Pts',(26.4964704522166,-363.836374797746,316.755270885145));
#2450=CARTESIAN_POINT('Ctrl Pts',(27.4378859773855,-365.800162041532,316.644112482653));
#2451=CARTESIAN_POINT('Ctrl Pts',(26.2982235309487,-367.655937045591,316.53295408016));
#2452=CARTESIAN_POINT('Ctrl Pts',(24.1209925008918,-367.704511332775,316.421795677668));
#2453=CARTESIAN_POINT('Ctrl Pts',(22.8996870688093,-365.901414846663,316.310637275175));
#2454=CARTESIAN_POINT('Ctrl Pts',(23.7526115161153,-363.897588855444,316.199478872682));
#2455=CARTESIAN_POINT('Ctrl Pts',(25.8986973548142,-363.527805471697,316.08832047019));
#2456=CARTESIAN_POINT('Ctrl Pts',(27.3731907855892,-365.130595118442,315.977162067697));
#2457=CARTESIAN_POINT('Ctrl Pts',(26.8254738578161,-367.238550724667,315.866003665205));
#2458=CARTESIAN_POINT('Ctrl Pts',(24.7582254330024,-367.921369663559,315.754845262712));
#2459=CARTESIAN_POINT('Ctrl Pts',(23.061669903937,-366.554609858753,315.64368686022));
#2460=CARTESIAN_POINT('Ctrl Pts',(23.2948375723715,-364.388950037979,315.532528457728));
#2461=CARTESIAN_POINT('Ctrl Pts',(24.585877158963,-363.737764468509,315.458422856066));
#2462=CARTESIAN_POINT('Ctrl Pts',(25.2258395324484,-363.757989006701,315.421370055235));
#2463=CARTESIAN_POINT('Ctrl Pts',(24.7017298518521,-367.416978305801,320.720629944765));
#2464=CARTESIAN_POINT('Ctrl Pts',(24.1247666746055,-367.262891740689,320.683577143934));
#2465=CARTESIAN_POINT('Ctrl Pts',(23.1469620726902,-366.334059638048,320.609471542272));
#2466=CARTESIAN_POINT('Ctrl Pts',(23.5212869818265,-364.337280638727,320.49831313978));
#2467=CARTESIAN_POINT('Ctrl Pts',(25.40406250833,-363.573055396371,320.387154737288));
#2468=CARTESIAN_POINT('Ctrl Pts',(27.0665564926809,-364.738936075412,320.275996334795));
#2469=CARTESIAN_POINT('Ctrl Pts',(26.9886642624491,-366.768794866416,320.164837932303));
#2470=CARTESIAN_POINT('Ctrl Pts',(25.2407114112152,-367.803542325413,320.05367952981));
#2471=CARTESIAN_POINT('Ctrl Pts',(23.4236053710514,-366.896013155151,319.942521127317));
#2472=CARTESIAN_POINT('Ctrl Pts',(23.2009193147297,-364.877048001712,319.831362724825));
#2473=CARTESIAN_POINT('Ctrl Pts',(24.7766428942149,-363.595308213877,319.720204322333));
#2474=CARTESIAN_POINT('Ctrl Pts',(26.7079677822274,-364.224357352671,319.60904591984));
#2475=CARTESIAN_POINT('Ctrl Pts',(27.2265525279311,-366.188236329658,319.497887517348));
#2476=CARTESIAN_POINT('Ctrl Pts',(25.8575611680757,-367.688771774768,319.386729114855));
#2477=CARTESIAN_POINT('Ctrl Pts',(23.8544746876014,-367.352044686766,319.275570712362));
#2478=CARTESIAN_POINT('Ctrl Pts',(23.0513587036519,-365.486368301063,319.16441230987));
#2479=CARTESIAN_POINT('Ctrl Pts',(24.1835637214713,-363.799995082209,319.053253907377));
#2480=CARTESIAN_POINT('Ctrl Pts',(26.2144189621527,-363.837003082856,318.942095504885));
#2481=CARTESIAN_POINT('Ctrl Pts',(27.2844314497819,-365.563507113227,318.830937102392));
#2482=CARTESIAN_POINT('Ctrl Pts',(26.4138754874989,-367.39868424709,318.7197786999));
#2483=CARTESIAN_POINT('Ctrl Pts',(24.399850198134,-367.662208280336,318.608620297407));
#2484=CARTESIAN_POINT('Ctrl Pts',(23.0864388685672,-366.112791135647,318.497461894915));
#2485=CARTESIAN_POINT('Ctrl Pts',(23.6762281460725,-364.169111273451,318.386303492422));
#2486=CARTESIAN_POINT('Ctrl Pts',(25.6291947386956,-363.610842264528,318.27514508993));
#2487=CARTESIAN_POINT('Ctrl Pts',(27.1571619522801,-364.949146786905,318.163986687438));
#2488=CARTESIAN_POINT('Ctrl Pts',(26.8610913318794,-366.958645477376,318.052828284945));
#2489=CARTESIAN_POINT('Ctrl Pts',(25.0120712748111,-367.799399679841,317.941669882452));
#2490=CARTESIAN_POINT('Ctrl Pts',(23.3031028748102,-366.701597418036,317.83051147996));
#2491=CARTESIAN_POINT('Ctrl Pts',(23.2989530227598,-364.670409199949,317.719353077467));
#2492=CARTESIAN_POINT('Ctrl Pts',(25.003421413247,-363.565633062117,317.608194674975));
#2493=CARTESIAN_POINT('Ctrl Pts',(26.8558614467383,-364.39882493955,317.497036272483));
#2494=CARTESIAN_POINT('Ctrl Pts',(27.1601406482705,-366.407097073409,317.38587786999));
#2495=CARTESIAN_POINT('Ctrl Pts',(25.6376546310542,-367.751633877647,317.274719467498));
#2496=CARTESIAN_POINT('Ctrl Pts',(23.6824232450885,-367.201349561997,317.163561065005));
#2497=CARTESIAN_POINT('Ctrl Pts',(23.0846966753187,-365.260095899172,317.052402662512));
#2498=CARTESIAN_POINT('Ctrl Pts',(24.3917662020438,-363.705324883185,316.94124426002));
#2499=CARTESIAN_POINT('Ctrl Pts',(26.4068509044998,-363.960617307634,316.830085857527));
#2500=CARTESIAN_POINT('Ctrl Pts',(27.2848995721828,-365.792221659718,316.718927455035));
#2501=CARTESIAN_POINT('Ctrl Pts',(26.2219480210889,-367.523084096411,316.607769052542));
#2502=CARTESIAN_POINT('Ctrl Pts',(24.191266824455,-367.568388839115,316.49661065005));
#2503=CARTESIAN_POINT('Ctrl Pts',(23.0521676925581,-365.88665911934,316.385452247558));
#2504=CARTESIAN_POINT('Ctrl Pts',(23.8476816336066,-364.017711035503,316.274293845065));
#2505=CARTESIAN_POINT('Ctrl Pts',(25.8493140276177,-363.672817841425,316.163135442572));
#2506=CARTESIAN_POINT('Ctrl Pts',(27.2245590260122,-365.167723413167,316.05197704008));
#2507=CARTESIAN_POINT('Ctrl Pts',(26.7137090284913,-367.133792127882,315.940818637588));
#2508=CARTESIAN_POINT('Ctrl Pts',(24.7856074870896,-367.770650394539,315.829660235095));
#2509=CARTESIAN_POINT('Ctrl Pts',(23.2032474323424,-366.495887451323,315.718501832602));
#2510=CARTESIAN_POINT('Ctrl Pts',(23.4207205408074,-364.475998603682,315.60734343011));
#2511=CARTESIAN_POINT('Ctrl Pts',(24.624860008052,-363.868644458354,315.533237828448));
#2512=CARTESIAN_POINT('Ctrl Pts',(25.2217463928452,-363.887507679046,315.496185027617));
#2513=CARTESIAN_POINT('Ctrl Pts',(24.735165171953,-367.291782780132,320.795444917147));
#2514=CARTESIAN_POINT('Ctrl Pts',(24.1998401689589,-367.14881630639,320.758392116317));
#2515=CARTESIAN_POINT('Ctrl Pts',(23.2926015927538,-366.287015990987,320.684286514655));
#2516=CARTESIAN_POINT('Ctrl Pts',(23.6399122895307,-364.434340177443,320.573128112162));
#2517=CARTESIAN_POINT('Ctrl Pts',(25.3868120122698,-363.725267404194,320.46196970967));
#2518=CARTESIAN_POINT('Ctrl Pts',(26.9293274313603,-364.807009017198,320.350811307177));
#2519=CARTESIAN_POINT('Ctrl Pts',(26.8570565135158,-366.690377326,320.239652904685));
#2520=CARTESIAN_POINT('Ctrl Pts',(25.2352496075953,-367.650449317473,320.128494502192));
#2521=CARTESIAN_POINT('Ctrl Pts',(23.5492801475798,-366.808414548276,320.0173360997));
#2522=CARTESIAN_POINT('Ctrl Pts',(23.342664858306,-364.935153706974,319.906177697207));
#2523=CARTESIAN_POINT('Ctrl Pts',(24.8046719034198,-363.745914284391,319.795019294715));
#2524=CARTESIAN_POINT('Ctrl Pts',(26.5966172861249,-364.329566318677,319.683860892222));
#2525=CARTESIAN_POINT('Ctrl Pts',(27.077776901668,-366.151716432749,319.57270248973));
#2526=CARTESIAN_POINT('Ctrl Pts',(25.8075826627378,-367.543961507175,319.461544087238));
#2527=CARTESIAN_POINT('Ctrl Pts',(23.9490545652003,-367.231535278775,319.350385684745));
#2528=CARTESIAN_POINT('Ctrl Pts',(23.2038977103658,-365.500500689134,319.239227282253));
#2529=CARTESIAN_POINT('Ctrl Pts',(24.2543939611778,-363.935829347819,319.12806887976));
#2530=CARTESIAN_POINT('Ctrl Pts',(26.1386868080568,-363.970166561767,319.016910477267));
#2531=CARTESIAN_POINT('Ctrl Pts',(27.1314788279521,-365.57207256145,318.905752074775));
#2532=CARTESIAN_POINT('Ctrl Pts',(26.3237489909464,-367.274808963742,318.794593672282));
#2533=CARTESIAN_POINT('Ctrl Pts',(24.4550715145003,-367.519315042206,318.68343526979));
#2534=CARTESIAN_POINT('Ctrl Pts',(23.2364462162824,-366.081715953858,318.572276867297));
#2535=CARTESIAN_POINT('Ctrl Pts',(23.7836716878509,-364.278307228512,318.461118464805));
#2536=CARTESIAN_POINT('Ctrl Pts',(25.5956969405414,-363.760327276483,318.349960062312));
#2537=CARTESIAN_POINT('Ctrl Pts',(27.0133940925339,-365.002049280073,318.23880165982));
#2538=CARTESIAN_POINT('Ctrl Pts',(26.7386902431325,-366.866526832396,318.127643257327));
#2539=CARTESIAN_POINT('Ctrl Pts',(25.0231099312139,-367.646605637597,318.016484854835));
#2540=CARTESIAN_POINT('Ctrl Pts',(23.4374740536989,-366.628029370924,317.905326452342));
#2541=CARTESIAN_POINT('Ctrl Pts',(23.4336236874209,-364.743427576893,317.79416804985));
#2542=CARTESIAN_POINT('Ctrl Pts',(25.0150843112951,-363.718380723617,317.683009647357));
#2543=CARTESIAN_POINT('Ctrl Pts',(26.7338377873966,-364.491442960292,317.571851244865));
#2544=CARTESIAN_POINT('Ctrl Pts',(27.0161578225306,-366.354782473918,317.460692842372));
#2545=CARTESIAN_POINT('Ctrl Pts',(25.603546300918,-367.602286989179,317.34953443988));
#2546=CARTESIAN_POINT('Ctrl Pts',(23.7894197000813,-367.091715492523,317.238376037387));
#2547=CARTESIAN_POINT('Ctrl Pts',(23.2348297533214,-365.29055787303,317.127217634895));
#2548=CARTESIAN_POINT('Ctrl Pts',(24.4475709227782,-363.8479912906,317.016059232402));
#2549=CARTESIAN_POINT('Ctrl Pts',(26.317231356783,-364.084859817523,316.90490082991));
#2550=CARTESIAN_POINT('Ctrl Pts',(27.1319131669802,-365.784281277905,316.793742427417));
#2551=CARTESIAN_POINT('Ctrl Pts',(26.145672511229,-367.390231147231,316.682584024925));
#2552=CARTESIAN_POINT('Ctrl Pts',(24.2615411480181,-367.432266345455,316.571425622432));
#2553=CARTESIAN_POINT('Ctrl Pts',(23.2046483163069,-365.871903392016,316.46026721994));
#2554=CARTESIAN_POINT('Ctrl Pts',(23.9427517510979,-364.137833215561,316.349108817447));
#2555=CARTESIAN_POINT('Ctrl Pts',(25.7999307004212,-363.817830211152,316.237950414955));
#2556=CARTESIAN_POINT('Ctrl Pts',(27.0759272664352,-365.204851707893,316.126792012462));
#2557=CARTESIAN_POINT('Ctrl Pts',(26.6019441991665,-367.029033531098,316.01563360997));
#2558=CARTESIAN_POINT('Ctrl Pts',(24.8129895411769,-367.619931125519,315.904475207478));
#2559=CARTESIAN_POINT('Ctrl Pts',(23.3448249607477,-366.437165043894,315.793316804985));
#2560=CARTESIAN_POINT('Ctrl Pts',(23.5466035092433,-364.563047169385,315.682158402492));
#2561=CARTESIAN_POINT('Ctrl Pts',(24.6638428571411,-363.999524448199,315.608052800831));
#2562=CARTESIAN_POINT('Ctrl Pts',(25.2176532532419,-364.017026351391,315.571));
#2563=CARTESIAN_POINT('Ctrl Pts',(25.2176532532419,-364.017026351391,315.571));
#2564=CARTESIAN_POINT('Ctrl Pts',(25.1563867479553,-364.007960763467,315.571));
#2565=CARTESIAN_POINT('Ctrl Pts',(25.0948124795032,-364.002635484695,315.571));
#2566=CARTESIAN_POINT('Ctrl Pts',(25.0331988738424,-364.000832482473,315.571));
#2567=CARTESIAN_POINT('Ctrl Pts',(24.9674322345326,-363.998907949807,315.571));
#2568=CARTESIAN_POINT('Ctrl Pts',(24.901620147074,-364.000996100574,315.571));
#2569=CARTESIAN_POINT('Ctrl Pts',(24.8360641912388,-364.006888707484,315.571));
#2570=CARTESIAN_POINT('Ctrl Pts',(24.7787027298831,-364.012044738531,315.571));
#2571=CARTESIAN_POINT('Ctrl Pts',(24.7215365603962,-364.020114518162,315.571));
#2572=CARTESIAN_POINT('Ctrl Pts',(24.6647604162078,-364.030993779231,315.571));
#2573=CARTESIAN_POINT('Ctrl Pts',(24.6362859688181,-364.03644996072,315.571));
#2574=CARTESIAN_POINT('Ctrl Pts',(24.6079095684568,-364.042613298694,315.571));
#2575=CARTESIAN_POINT('Ctrl Pts',(24.5796557989237,-364.049473625522,315.571));
#2576=CARTESIAN_POINT('Ctrl Pts',(24.5667332310577,-364.05261136751,315.571));
#2577=CARTESIAN_POINT('Ctrl Pts',(24.5538346270737,-364.055895516786,315.571));
#2578=CARTESIAN_POINT('Ctrl Pts',(24.5409832774454,-364.059319287845,315.571));
#2579=CARTESIAN_POINT('Ctrl Pts',(24.4762789730808,-364.076557378087,315.571));
#2580=CARTESIAN_POINT('Ctrl Pts',(24.4126551365073,-364.097357986127,315.571));
#2581=CARTESIAN_POINT('Ctrl Pts',(24.3504059494833,-364.121514255004,315.571));
#2582=CARTESIAN_POINT('Ctrl Pts',(24.287031361369,-364.146107244305,315.571));
#2583=CARTESIAN_POINT('Ctrl Pts',(24.2250805726702,-364.17417841615,315.571));
#2584=CARTESIAN_POINT('Ctrl Pts',(24.1648599542111,-364.205563034108,315.571));
#2585=CARTESIAN_POINT('Ctrl Pts',(24.1144312331215,-364.231844500257,315.571));
#2586=CARTESIAN_POINT('Ctrl Pts',(24.0652153803652,-364.26045050201,315.571));
#2587=CARTESIAN_POINT('Ctrl Pts',(24.0173981819991,-364.291311467363,315.571));
#2588=CARTESIAN_POINT('Ctrl Pts',(23.9953779100483,-364.305523233694,315.571));
#2589=CARTESIAN_POINT('Ctrl Pts',(23.9736543701144,-364.320213541328,315.571));
#2590=CARTESIAN_POINT('Ctrl Pts',(23.9522465179973,-364.335377257901,315.571));
#2591=CARTESIAN_POINT('Ctrl Pts',(23.9429009651832,-364.341996946477,315.571));
#2592=CARTESIAN_POINT('Ctrl Pts',(23.9336158118856,-364.348706814785,315.571));
#2593=CARTESIAN_POINT('Ctrl Pts',(23.9244038830095,-364.355497884952,315.571));
#2594=CARTESIAN_POINT('Ctrl Pts',(23.8678828653091,-364.397165401309,315.571));
#2595=CARTESIAN_POINT('Ctrl Pts',(23.8140081597264,-364.44196234996,315.571));
#2596=CARTESIAN_POINT('Ctrl Pts',(23.7630963148276,-364.489703817851,315.571));
#2597=CARTESIAN_POINT('Ctrl Pts',(23.717487960398,-364.532472053669,315.571));
#2598=CARTESIAN_POINT('Ctrl Pts',(23.6742567908723,-364.577604171279,315.571));
#2599=CARTESIAN_POINT('Ctrl Pts',(23.6336416293671,-364.625000937372,315.571));
#2600=CARTESIAN_POINT('Ctrl Pts',(23.589464548637,-364.676554364331,315.571));
#2601=CARTESIAN_POINT('Ctrl Pts',(23.5483811128701,-364.730786761247,315.571));
#2602=CARTESIAN_POINT('Ctrl Pts',(23.5104051881787,-364.787374596829,315.571));
#2603=CARTESIAN_POINT('Ctrl Pts',(23.4958027431709,-364.809133665605,315.571));
#2604=CARTESIAN_POINT('Ctrl Pts',(23.4816601384904,-364.831241396665,315.571));
#2605=CARTESIAN_POINT('Ctrl Pts',(23.4679796502715,-364.853680747181,315.571));
#2606=CARTESIAN_POINT('Ctrl Pts',(23.4619714354346,-364.863535690699,315.571));
#2607=CARTESIAN_POINT('Ctrl Pts',(23.456052799097,-364.873454053803,315.571));
#2608=CARTESIAN_POINT('Ctrl Pts',(23.4502304605211,-364.88342277306,315.571));
#2609=CARTESIAN_POINT('Ctrl Pts',(23.4149493446486,-364.943829349318,315.571));
#2610=CARTESIAN_POINT('Ctrl Pts',(23.383135033314,-365.006189064476,315.571));
#2611=CARTESIAN_POINT('Ctrl Pts',(23.3547633091466,-365.070122450122,315.571));
#2612=CARTESIAN_POINT('Ctrl Pts',(23.3257399588168,-365.135524222622,315.571));
#2613=CARTESIAN_POINT('Ctrl Pts',(23.3003186955394,-365.202573528648,315.571));
#2614=CARTESIAN_POINT('Ctrl Pts',(23.2785115662083,-365.270905614147,315.571));
#2615=CARTESIAN_POINT('Ctrl Pts',(23.2618887806479,-365.322992690208,315.571));
#2616=CARTESIAN_POINT('Ctrl Pts',(23.2473667122564,-365.375826085094,315.571));
#2617=CARTESIAN_POINT('Ctrl Pts',(23.2349674346616,-365.429255533455,315.571));
#2618=CARTESIAN_POINT('Ctrl Pts',(23.2272524658467,-365.462499932151,315.571));
#2619=CARTESIAN_POINT('Ctrl Pts',(23.2203596216819,-365.495975263977,315.571));
#2620=CARTESIAN_POINT('Ctrl Pts',(23.2142972977516,-365.529646528885,315.571));
#2621=CARTESIAN_POINT('Ctrl Pts',(23.2108315953128,-365.548895679252,315.571));
#2622=CARTESIAN_POINT('Ctrl Pts',(23.2076365176075,-365.568215509145,315.571));
#2623=CARTESIAN_POINT('Ctrl Pts',(23.204718910676,-365.587563956679,315.571));
#2624=CARTESIAN_POINT('Ctrl Pts',(23.1935716279735,-365.661488450135,315.571));
#2625=CARTESIAN_POINT('Ctrl Pts',(23.1864551640536,-365.735901900257,315.571));
#2626=CARTESIAN_POINT('Ctrl Pts',(23.1833978725538,-365.810418879921,315.571));
#2627=CARTESIAN_POINT('Ctrl Pts',(23.1811091696663,-365.866202643602,315.571));
#2628=CARTESIAN_POINT('Ctrl Pts',(23.1810961396256,-365.922045205181,315.571));
#2629=CARTESIAN_POINT('Ctrl Pts',(23.1833885883037,-365.977791610114,315.571));
#2630=CARTESIAN_POINT('Ctrl Pts',(23.1840975283724,-365.995031193499,315.571));
#2631=CARTESIAN_POINT('Ctrl Pts',(23.1850270705096,-366.012261604826,315.571));
#2632=CARTESIAN_POINT('Ctrl Pts',(23.1861784141028,-366.02947830706,315.571));
#2633=CARTESIAN_POINT('Ctrl Pts',(23.1873005714729,-366.04625857093,315.571));
#2634=CARTESIAN_POINT('Ctrl Pts',(23.1886329115904,-366.063017297117,315.571));
#2635=CARTESIAN_POINT('Ctrl Pts',(23.1901753177705,-366.079744180507,315.571));
#2636=CARTESIAN_POINT('Ctrl Pts',(23.197088155195,-366.15471160931,315.571));
#2637=CARTESIAN_POINT('Ctrl Pts',(23.2082191708429,-366.229076905593,315.571));
#2638=CARTESIAN_POINT('Ctrl Pts',(23.2236233518429,-366.30246365447,315.571));
#2639=CARTESIAN_POINT('Ctrl Pts',(23.235465004598,-366.35887823419,315.571));
#2640=CARTESIAN_POINT('Ctrl Pts',(23.2498327840295,-366.414715058972,315.571));
#2641=CARTESIAN_POINT('Ctrl Pts',(23.2667726337252,-366.469804486636,315.571));
#2642=CARTESIAN_POINT('Ctrl Pts',(23.2706126363813,-366.482292410222,315.571));
#2643=CARTESIAN_POINT('Ctrl Pts',(23.2745848847395,-366.494741921037,315.571));
#2644=CARTESIAN_POINT('Ctrl Pts',(23.278687823786,-366.507151944364,315.571));
#2645=CARTESIAN_POINT('Ctrl Pts',(23.5009939558275,-365.681259281794,319.94951963661));
#2646=CARTESIAN_POINT('Ctrl Pts',(23.4998850674493,-365.464524040988,319.935072323476));
#2647=CARTESIAN_POINT('Ctrl Pts',(23.5391866336991,-365.248174621799,319.920625010342));
#2648=CARTESIAN_POINT('Ctrl Pts',(23.6207685807039,-365.04915727676,319.906177697208));
#2649=CARTESIAN_POINT('Ctrl Pts',(23.8300005400106,-364.538740566113,319.869124896377));
#2650=CARTESIAN_POINT('Ctrl Pts',(24.3173362217152,-364.142327425252,319.832072095546));
#2651=CARTESIAN_POINT('Ctrl Pts',(24.8596616263517,-364.041396193869,319.795019294715));
#2652=CARTESIAN_POINT('Ctrl Pts',(25.4019870309882,-363.940464962486,319.757966493884));
#2653=CARTESIAN_POINT('Ctrl Pts',(25.9993021585565,-364.135015640582,319.720913693053));
#2654=CARTESIAN_POINT('Ctrl Pts',(26.3781529915979,-364.535982665308,319.683860892223));
#2655=CARTESIAN_POINT('Ctrl Pts',(26.7570038246393,-364.936949690034,319.646808091392));
#2656=CARTESIAN_POINT('Ctrl Pts',(26.9173903631537,-365.544333061392,319.609755290561));
#2657=CARTESIAN_POINT('Ctrl Pts',(26.7858845925892,-366.080065592808,319.57270248973));
#2658=CARTESIAN_POINT('Ctrl Pts',(26.6543788220246,-366.615798124225,319.535649688899));
#2659=CARTESIAN_POINT('Ctrl Pts',(26.2309807423812,-367.0798798157,319.498596888068));
#2660=CARTESIAN_POINT('Ctrl Pts',(25.7095270196366,-367.259849623371,319.461544087237));
#2661=CARTESIAN_POINT('Ctrl Pts',(25.188073296892,-367.439819431042,319.424491286407));
#2662=CARTESIAN_POINT('Ctrl Pts',(24.5685639310461,-367.335677354908,319.387438485576));
#2663=CARTESIAN_POINT('Ctrl Pts',(24.1346164389841,-366.995100551901,319.350385684745));
#2664=CARTESIAN_POINT('Ctrl Pts',(23.740848917672,-366.686058361338,319.3167636687));
#2665=CARTESIAN_POINT('Ctrl Pts',(23.4998711277867,-366.182338257245,319.283141652655));
#2666=CARTESIAN_POINT('Ctrl Pts',(23.4966442821773,-365.681308977666,319.24951963661));
#2667=CARTESIAN_POINT('Ctrl Pts',(24.6348592116504,-367.667369357139,320.571));
#2668=CARTESIAN_POINT('Ctrl Pts',(24.566240193035,-367.64196227856,320.571));
#2669=CARTESIAN_POINT('Ctrl Pts',(24.4993238733477,-367.612658022225,320.571));
#2670=CARTESIAN_POINT('Ctrl Pts',(24.4342984095379,-367.579752682117,320.571));
#2671=CARTESIAN_POINT('Ctrl Pts',(24.3674243834438,-367.54591189969,320.571));
#2672=CARTESIAN_POINT('Ctrl Pts',(24.3025494762396,-367.508261688798,320.571));
#2673=CARTESIAN_POINT('Ctrl Pts',(24.2399095575024,-367.467079376343,320.571));
#2674=CARTESIAN_POINT('Ctrl Pts',(24.1869577928606,-367.432266494071,320.571));
#2675=CARTESIAN_POINT('Ctrl Pts',(24.1356034674166,-367.394928543426,320.571));
#2676=CARTESIAN_POINT('Ctrl Pts',(24.0860118294451,-367.355214992463,320.571));
#2677=CARTESIAN_POINT('Ctrl Pts',(24.0639730396363,-367.337566077484,320.571));
#2678=CARTESIAN_POINT('Ctrl Pts',(24.0422826774455,-367.319447811437,320.571));
#2679=CARTESIAN_POINT('Ctrl Pts',(24.0209568023821,-367.300872588753,320.571));
#2680=CARTESIAN_POINT('Ctrl Pts',(24.0092647221915,-367.290688575551,320.571));
#2681=CARTESIAN_POINT('Ctrl Pts',(23.9976822196711,-367.280367200657,320.571));
#2682=CARTESIAN_POINT('Ctrl Pts',(23.9862120749032,-367.269910465424,320.571));
#2683=CARTESIAN_POINT('Ctrl Pts',(23.9755957042061,-367.260232071667,320.571));
#2684=CARTESIAN_POINT('Ctrl Pts',(23.9650741120222,-367.250436162011,320.571));
#2685=CARTESIAN_POINT('Ctrl Pts',(23.9546654847421,-367.240539887376,320.571));
#2686=CARTESIAN_POINT('Ctrl Pts',(23.9015872152673,-367.190074334353,320.571));
#2687=CARTESIAN_POINT('Ctrl Pts',(23.8513490024228,-367.1369174916,320.571));
#2688=CARTESIAN_POINT('Ctrl Pts',(23.8041691035922,-367.081331446822,320.571));
#2689=CARTESIAN_POINT('Ctrl Pts',(23.7573467274049,-367.026166625281,320.571));
#2690=CARTESIAN_POINT('Ctrl Pts',(23.7135359807256,-366.968608389446,320.571));
#2691=CARTESIAN_POINT('Ctrl Pts',(23.672995007372,-366.908888680786,320.571));
#2692=CARTESIAN_POINT('Ctrl Pts',(23.6392916153422,-366.859241210922,320.571));
#2693=CARTESIAN_POINT('Ctrl Pts',(23.607848700257,-366.808099231575,320.571));
#2694=CARTESIAN_POINT('Ctrl Pts',(23.5788422341592,-366.755589575089,320.571));
#2695=CARTESIAN_POINT('Ctrl Pts',(23.5667525957664,-366.733704014921,320.571));
#2696=CARTESIAN_POINT('Ctrl Pts',(23.5550865262869,-366.7115808307,320.571));
#2697=CARTESIAN_POINT('Ctrl Pts',(23.5438582026444,-366.689229126946,320.571));
#2698=CARTESIAN_POINT('Ctrl Pts',(23.5386565746315,-366.678874487012,320.571));
#2699=CARTESIAN_POINT('Ctrl Pts',(23.5335489033512,-366.668470804723,320.571));
#2700=CARTESIAN_POINT('Ctrl Pts',(23.5285366634719,-366.658018987448,320.571));
#2701=CARTESIAN_POINT('Ctrl Pts',(23.523310543517,-366.647121174864,320.571));
#2702=CARTESIAN_POINT('Ctrl Pts',(23.5181917894358,-366.636178506218,320.571));
#2703=CARTESIAN_POINT('Ctrl Pts',(23.5131834292106,-366.625196248511,320.571));
#2704=CARTESIAN_POINT('Ctrl Pts',(23.4846411007939,-366.562609055867,320.571));
#2705=CARTESIAN_POINT('Ctrl Pts',(23.4596597294767,-366.498694433221,320.571));
#2706=CARTESIAN_POINT('Ctrl Pts',(23.4384625325492,-366.433659261593,320.571));
#2707=CARTESIAN_POINT('Ctrl Pts',(23.419220652471,-366.374623202362,320.571));
#2708=CARTESIAN_POINT('Ctrl Pts',(23.4030973221118,-366.314663185012,320.571));
#2709=CARTESIAN_POINT('Ctrl Pts',(23.3902964685353,-366.25392919559,320.571));
#2710=CARTESIAN_POINT('Ctrl Pts',(23.3751757324508,-366.18218846206,320.571));
#2711=CARTESIAN_POINT('Ctrl Pts',(23.364690265883,-366.109366289974,320.571));
#2712=CARTESIAN_POINT('Ctrl Pts',(23.3587652328313,-366.035883914708,320.571));
#2713=CARTESIAN_POINT('Ctrl Pts',(23.3574585686136,-366.01967863964,320.571));
#2714=CARTESIAN_POINT('Ctrl Pts',(23.3563739245949,-366.003441338273,320.571));
#2715=CARTESIAN_POINT('Ctrl Pts',(23.355510869938,-365.987176694679,320.571));
#2716=CARTESIAN_POINT('Ctrl Pts',(23.3546319665203,-365.970613374234,320.571));
#2717=CARTESIAN_POINT('Ctrl Pts',(23.3539828578372,-365.954015757998,320.571));
#2718=CARTESIAN_POINT('Ctrl Pts',(23.3535636358827,-365.937422137455,320.571));
#2719=CARTESIAN_POINT('Ctrl Pts',(23.3518319941688,-365.868880389555,320.571));
#2720=CARTESIAN_POINT('Ctrl Pts',(23.3540109206731,-365.800318328402,320.571));
#2721=CARTESIAN_POINT('Ctrl Pts',(23.3599800139782,-365.732072338571,320.571));
#2722=CARTESIAN_POINT('Ctrl Pts',(23.3659481485364,-365.663837310309,320.571));
#2723=CARTESIAN_POINT('Ctrl Pts',(23.3757056851963,-365.595917184919,320.571));
#2724=CARTESIAN_POINT('Ctrl Pts',(23.3891818834756,-365.528663260085,320.571));
#2725=CARTESIAN_POINT('Ctrl Pts',(23.3989590732947,-365.479869499742,320.571));
#2726=CARTESIAN_POINT('Ctrl Pts',(23.4106947155157,-365.431426672503,320.571));
#2727=CARTESIAN_POINT('Ctrl Pts',(23.4243761311801,-365.383478671611,320.571));
#2728=CARTESIAN_POINT('Ctrl Pts',(23.4300735624481,-365.363511407534,320.571));
#2729=CARTESIAN_POINT('Ctrl Pts',(23.4361085621089,-365.343630075588,320.571));
#2730=CARTESIAN_POINT('Ctrl Pts',(23.442480768776,-365.323845635265,320.571));
#2731=CARTESIAN_POINT('Ctrl Pts',(23.4473381370175,-365.30876446839,320.571));
#2732=CARTESIAN_POINT('Ctrl Pts',(23.4523914499784,-365.29373960835,320.571));
#2733=CARTESIAN_POINT('Ctrl Pts',(23.457640666294,-365.278776060014,320.571));
#2734=CARTESIAN_POINT('Ctrl Pts',(23.4619269040038,-365.266557602764,320.571));
#2735=CARTESIAN_POINT('Ctrl Pts',(23.4663409579919,-365.254388092732,320.571));
#2736=CARTESIAN_POINT('Ctrl Pts',(23.470881135435,-365.242273164153,320.571));
#2737=CARTESIAN_POINT('Ctrl Pts',(23.4939902825896,-365.180609127711,320.571));
#2738=CARTESIAN_POINT('Ctrl Pts',(23.5203734136221,-365.120329406863,320.571));
#2739=CARTESIAN_POINT('Ctrl Pts',(23.5499806224915,-365.061766541829,320.571));
#2740=CARTESIAN_POINT('Ctrl Pts',(23.5708292067608,-365.020528178832,320.571));
#2741=CARTESIAN_POINT('Ctrl Pts',(23.5932773353622,-364.980141662395,320.571));
#2742=CARTESIAN_POINT('Ctrl Pts',(23.6173180386071,-364.940734485428,320.571));
#2743=CARTESIAN_POINT('Ctrl Pts',(23.6250349623315,-364.928085014414,320.571));
#2744=CARTESIAN_POINT('Ctrl Pts',(23.6329171249519,-364.915534866248,320.571));
#2745=CARTESIAN_POINT('Ctrl Pts',(23.6409610175766,-364.903093820914,320.571));
#2746=CARTESIAN_POINT('Ctrl Pts',(23.6752056183581,-364.85012958449,320.571));
#2747=CARTESIAN_POINT('Ctrl Pts',(23.7123079123692,-364.799247690652,320.571));
#2748=CARTESIAN_POINT('Ctrl Pts',(23.7522337931325,-364.750762038039,320.571));
#2749=CARTESIAN_POINT('Ctrl Pts',(23.7891789457953,-364.705896156474,320.571));
#2750=CARTESIAN_POINT('Ctrl Pts',(23.8285424034201,-364.663081962706,320.571));
#2751=CARTESIAN_POINT('Ctrl Pts',(23.870318924608,-364.622601525802,320.571));
#2752=CARTESIAN_POINT('Ctrl Pts',(23.8779585083419,-364.61519895425,320.571));
#2753=CARTESIAN_POINT('Ctrl Pts',(23.8856788376131,-364.607874524475,320.571));
#2754=CARTESIAN_POINT('Ctrl Pts',(23.893478427669,-364.600628860755,320.571));
#2755=CARTESIAN_POINT('Origin',(20.9643635089621,-374.068559852501,320.571));
#2756=CARTESIAN_POINT('',(20.9643635089621,-374.068559852501,320.571));
#2757=CARTESIAN_POINT('',(44.9641764323162,-374.16332083605,320.571));
#2758=CARTESIAN_POINT('',(-0.0354727989727976,-373.985643991896,320.571));
#2759=CARTESIAN_POINT('',(45.0382400377084,-355.405467052039,320.571));
#2760=CARTESIAN_POINT('',(44.9641764323162,-374.16332083605,320.571));
#2761=CARTESIAN_POINT('',(21.0384271143542,-355.31070606849,320.571));
#2762=CARTESIAN_POINT('',(0.0385908064193785,-355.227790207884,320.571));
#2763=CARTESIAN_POINT('',(20.9643635089621,-374.068559852501,320.571));
#2764=CARTESIAN_POINT('Ctrl Pts',(42.816506928018,-364.172022754255,320.571));
#2765=CARTESIAN_POINT('Ctrl Pts',(42.8617932856684,-364.214270119558,320.571));
#2766=CARTESIAN_POINT('Ctrl Pts',(42.9043472160552,-364.259090190435,320.571));
#2767=CARTESIAN_POINT('Ctrl Pts',(42.9441718382003,-364.306137154201,320.571));
#2768=CARTESIAN_POINT('Ctrl Pts',(42.9866812859726,-364.356355846591,320.571));
#2769=CARTESIAN_POINT('Ctrl Pts',(43.0260817506333,-364.409112033765,320.571));
#2770=CARTESIAN_POINT('Ctrl Pts',(43.0623480159642,-364.46404008218,320.571));
#2771=CARTESIAN_POINT('Ctrl Pts',(43.0940809981286,-364.512102124543,320.571));
#2772=CARTESIAN_POINT('Ctrl Pts',(43.1234141112319,-364.561828230355,320.571));
#2773=CARTESIAN_POINT('Ctrl Pts',(43.1503074709745,-364.613001128075,320.571));
#2774=CARTESIAN_POINT('Ctrl Pts',(43.1637948857496,-364.638665087632,320.571));
#2775=CARTESIAN_POINT('Ctrl Pts',(43.1766682993299,-364.66469329695,320.571));
#2776=CARTESIAN_POINT('Ctrl Pts',(43.1889203349476,-364.691060195615,320.571));
#2777=CARTESIAN_POINT('Ctrl Pts',(43.1945244321949,-364.703120449832,320.571));
#2778=CARTESIAN_POINT('Ctrl Pts',(43.1999991097675,-364.715253261181,320.571));
#2779=CARTESIAN_POINT('Ctrl Pts',(43.2053351504393,-364.727436186577,320.571));
#2780=CARTESIAN_POINT('Ctrl Pts',(43.2321997752278,-364.788771873414,320.571));
#2781=CARTESIAN_POINT('Ctrl Pts',(43.2556054714131,-364.851484027908,320.571));
#2782=CARTESIAN_POINT('Ctrl Pts',(43.2755305639525,-364.915213664516,320.571));
#2783=CARTESIAN_POINT('Ctrl Pts',(43.295815948112,-364.980095679915,320.571));
#2784=CARTESIAN_POINT('Ctrl Pts',(43.312494270551,-365.046033148687,320.571));
#2785=CARTESIAN_POINT('Ctrl Pts',(43.3255033259419,-365.112683813344,320.571));
#2786=CARTESIAN_POINT('Ctrl Pts',(43.3363971893703,-365.168497492075,320.571));
#2787=CARTESIAN_POINT('Ctrl Pts',(43.3447174292168,-365.224812242612,320.571));
#2788=CARTESIAN_POINT('Ctrl Pts',(43.3504026124439,-365.281439420627,320.571));
#2789=CARTESIAN_POINT('Ctrl Pts',(43.3530206399573,-365.30751624245,320.571));
#2790=CARTESIAN_POINT('Ctrl Pts',(43.3550795403378,-365.333659431228,320.571));
#2791=CARTESIAN_POINT('Ctrl Pts',(43.3565715088377,-365.359850966523,320.571));
#2792=CARTESIAN_POINT('Ctrl Pts',(43.3572228651713,-365.371285539306,320.571));
#2793=CARTESIAN_POINT('Ctrl Pts',(43.3577660485148,-365.382729118117,320.571));
#2794=CARTESIAN_POINT('Ctrl Pts',(43.3582000817545,-365.394166074821,320.571));
#2795=CARTESIAN_POINT('Ctrl Pts',(43.3608630261155,-365.464335768244,320.571));
#2796=CARTESIAN_POINT('Ctrl Pts',(43.3594293687902,-365.534387631154,320.571));
#2797=CARTESIAN_POINT('Ctrl Pts',(43.3538463333215,-365.603958865,320.571));
#2798=CARTESIAN_POINT('Ctrl Pts',(43.3488448298398,-365.666283521588,320.571));
#2799=CARTESIAN_POINT('Ctrl Pts',(43.3405129904069,-365.728223428866,320.571));
#2800=CARTESIAN_POINT('Ctrl Pts',(43.3287795051652,-365.789529974665,320.571));
#2801=CARTESIAN_POINT('Ctrl Pts',(43.3160170929014,-365.856212583953,320.571));
#2802=CARTESIAN_POINT('Ctrl Pts',(43.2992313574085,-365.922146723433,320.571));
#2803=CARTESIAN_POINT('Ctrl Pts',(43.2786665932478,-365.987119840945,320.571));
#2804=CARTESIAN_POINT('Ctrl Pts',(43.2707591336637,-366.012102976992,320.571));
#2805=CARTESIAN_POINT('Ctrl Pts',(43.2622923876837,-366.036943975906,320.571));
#2806=CARTESIAN_POINT('Ctrl Pts',(43.2532782600638,-366.061630432826,320.571));
#2807=CARTESIAN_POINT('Ctrl Pts',(43.2493194093265,-366.072472302645,320.571));
#2808=CARTESIAN_POINT('Ctrl Pts',(43.2452551258027,-366.083283677173,320.571));
#2809=CARTESIAN_POINT('Ctrl Pts',(43.2410914334171,-366.094051158319,320.571));
#2810=CARTESIAN_POINT('Ctrl Pts',(43.215860921445,-366.159298308395,320.571));
#2811=CARTESIAN_POINT('Ctrl Pts',(43.1869418904762,-366.223052697594,320.571));
#2812=CARTESIAN_POINT('Ctrl Pts',(43.1546461130276,-366.285096673246,320.571));
#2813=CARTESIAN_POINT('Ctrl Pts',(43.1216086347534,-366.348565543161,320.571));
#2814=CARTESIAN_POINT('Ctrl Pts',(43.0850372266441,-366.410245353154,320.571));
#2815=CARTESIAN_POINT('Ctrl Pts',(43.0452095450081,-366.469899272949,320.571));
#2816=CARTESIAN_POINT('Ctrl Pts',(43.0148506932736,-366.51537077498,320.571));
#2817=CARTESIAN_POINT('Ctrl Pts',(42.9825986250673,-366.559665192408,320.571));
#2818=CARTESIAN_POINT('Ctrl Pts',(42.9485570525998,-366.602671585905,320.571));
#2819=CARTESIAN_POINT('Ctrl Pts',(42.9273759454337,-366.629430720795,320.571));
#2820=CARTESIAN_POINT('Ctrl Pts',(42.9055017155574,-366.655691077223,320.571));
#2821=CARTESIAN_POINT('Ctrl Pts',(42.8829564911136,-366.681424270668,320.571));
#2822=CARTESIAN_POINT('Ctrl Pts',(42.8700674589953,-366.696135854385,320.571));
#2823=CARTESIAN_POINT('Ctrl Pts',(42.8569544258356,-366.710679913169,320.571));
#2824=CARTESIAN_POINT('Ctrl Pts',(42.8436460097113,-366.725024868016,320.571));
#2825=CARTESIAN_POINT('Ctrl Pts',(42.7927998667557,-366.779831211462,320.571));
#2826=CARTESIAN_POINT('Ctrl Pts',(42.7390582832537,-366.831790967447,320.571));
#2827=CARTESIAN_POINT('Ctrl Pts',(42.682704909554,-366.880641668781,320.571));
#2828=CARTESIAN_POINT('Ctrl Pts',(42.6405185370175,-366.917211509234,320.571));
#2829=CARTESIAN_POINT('Ctrl Pts',(42.5968673405391,-366.952038810667,320.571));
#2830=CARTESIAN_POINT('Ctrl Pts',(42.551853880291,-366.98500366181,320.571));
#2831=CARTESIAN_POINT('Ctrl Pts',(42.5379334407243,-366.995198061789,320.571));
#2832=CARTESIAN_POINT('Ctrl Pts',(42.5238826286704,-367.00521426874,320.571));
#2833=CARTESIAN_POINT('Ctrl Pts',(42.5097042434017,-367.015048516263,320.571));
#2834=CARTESIAN_POINT('Ctrl Pts',(42.4958853377333,-367.024633425705,320.571));
#2835=CARTESIAN_POINT('Ctrl Pts',(42.4819522248867,-367.034040580029,320.571));
#2836=CARTESIAN_POINT('Ctrl Pts',(42.4679130339746,-367.043263645727,320.571));
#2837=CARTESIAN_POINT('Ctrl Pts',(42.4049912511821,-367.08460019711,320.571));
#2838=CARTESIAN_POINT('Ctrl Pts',(42.3399102377225,-367.122263422071,320.571));
#2839=CARTESIAN_POINT('Ctrl Pts',(42.2729299919995,-367.155975649768,320.571));
#2840=CARTESIAN_POINT('Ctrl Pts',(42.2214402778431,-367.181891245462,320.571));
#2841=CARTESIAN_POINT('Ctrl Pts',(42.1688272465924,-367.205471618334,320.571));
#2842=CARTESIAN_POINT('Ctrl Pts',(42.1151948796796,-367.226575082858,320.571));
#2843=CARTESIAN_POINT('Ctrl Pts',(42.1030372457267,-367.231358914182,320.571));
#2844=CARTESIAN_POINT('Ctrl Pts',(42.0908271894553,-367.236015402205,320.571));
#2845=CARTESIAN_POINT('Ctrl Pts',(42.0785665206693,-367.240545092591,320.571));
#2846=CARTESIAN_POINT('Ctrl Pts',(41.0172658309756,-367.236555732974,320.571));
#2847=CARTESIAN_POINT('Ctrl Pts',(40.9486472783847,-367.211148826947,320.571));
#2848=CARTESIAN_POINT('Ctrl Pts',(40.8817314130329,-367.181844665455,320.571));
#2849=CARTESIAN_POINT('Ctrl Pts',(40.8167063854034,-367.148939361628,320.571));
#2850=CARTESIAN_POINT('Ctrl Pts',(40.7498324384189,-367.115098429545,320.571));
#2851=CARTESIAN_POINT('Ctrl Pts',(40.6849576132086,-367.077447964966,320.571));
#2852=CARTESIAN_POINT('Ctrl Pts',(40.6223177755221,-367.036265319955,320.571));
#2853=CARTESIAN_POINT('Ctrl Pts',(40.5693659507016,-367.001452071952,320.571));
#2854=CARTESIAN_POINT('Ctrl Pts',(40.5180115721615,-366.96411368691,320.571));
#2855=CARTESIAN_POINT('Ctrl Pts',(40.4684198869502,-366.92439964896,320.571));
#2856=CARTESIAN_POINT('Ctrl Pts',(40.4463808176272,-366.906750310533,320.571));
#2857=CARTESIAN_POINT('Ctrl Pts',(40.424690185252,-366.888631599638,320.571));
#2858=CARTESIAN_POINT('Ctrl Pts',(40.4033640498009,-366.870055912556,320.571));
#2859=CARTESIAN_POINT('Ctrl Pts',(40.3916721153566,-366.859871896042,320.571));
#2860=CARTESIAN_POINT('Ctrl Pts',(40.3800897561209,-366.849550518736,320.571));
#2861=CARTESIAN_POINT('Ctrl Pts',(40.3686197520525,-366.83909378215,320.571));
#2862=CARTESIAN_POINT('Ctrl Pts',(40.3580032042122,-366.829415106924,320.571));
#2863=CARTESIAN_POINT('Ctrl Pts',(40.3474814379145,-366.819618909658,320.571));
#2864=CARTESIAN_POINT('Ctrl Pts',(40.3370726403803,-366.809722342434,320.571));
#2865=CARTESIAN_POINT('Ctrl Pts',(40.2839944437399,-366.759256192097,320.571));
#2866=CARTESIAN_POINT('Ctrl Pts',(40.2337563022988,-366.706098716435,320.571));
#2867=CARTESIAN_POINT('Ctrl Pts',(40.1865764704649,-366.650512027535,320.571));
#2868=CARTESIAN_POINT('Ctrl Pts',(40.1397540769476,-366.595346467997,320.571));
#2869=CARTESIAN_POINT('Ctrl Pts',(40.0959433193731,-366.537787474502,320.571));
#2870=CARTESIAN_POINT('Ctrl Pts',(40.0554023399344,-366.478067013695,320.571));
#2871=CARTESIAN_POINT('Ctrl Pts',(40.0216989785954,-366.428418971201,320.571));
#2872=CARTESIAN_POINT('Ctrl Pts',(39.9902560927384,-366.377276426188,320.571));
#2873=CARTESIAN_POINT('Ctrl Pts',(39.9612496529737,-366.324766225484,320.571));
#2874=CARTESIAN_POINT('Ctrl Pts',(39.9491600701981,-366.302880519306,320.571));
#2875=CARTESIAN_POINT('Ctrl Pts',(39.9374940527048,-366.280757194562,320.571));
#2876=CARTESIAN_POINT('Ctrl Pts',(39.9262657771515,-366.258405356757,320.571));
#2877=CARTESIAN_POINT('Ctrl Pts',(39.9210643144045,-366.248050939365,320.571));
#2878=CARTESIAN_POINT('Ctrl Pts',(39.9159568023884,-366.237647483704,320.571));
#2879=CARTESIAN_POINT('Ctrl Pts',(39.9109447156216,-366.227195897167,320.571));
#2880=CARTESIAN_POINT('Ctrl Pts',(39.9057184357591,-366.216297658809,320.571));
#2881=CARTESIAN_POINT('Ctrl Pts',(39.9005995273473,-366.205354561604,320.571));
#2882=CARTESIAN_POINT('Ctrl Pts',(39.8955910195216,-366.19437187503,320.571));
#2883=CARTESIAN_POINT('Ctrl Pts',(39.8670486717937,-366.131784040474,320.571));
#2884=CARTESIAN_POINT('Ctrl Pts',(39.8420672837593,-366.067868819887,320.571));
#2885=CARTESIAN_POINT('Ctrl Pts',(39.8208700712912,-366.002833116996,320.571));
#2886=CARTESIAN_POINT('Ctrl Pts',(39.8016281961805,-365.943796634032,320.571));
#2887=CARTESIAN_POINT('Ctrl Pts',(39.7855048655846,-365.883836249702,320.571));
#2888=CARTESIAN_POINT('Ctrl Pts',(39.7727040049836,-365.823101967355,320.571));
#2889=CARTESIAN_POINT('Ctrl Pts',(39.76073106085,-365.766295773444,320.571));
#2890=CARTESIAN_POINT('Ctrl Pts',(39.7516654861904,-365.708812003815,320.571));
#2891=CARTESIAN_POINT('Ctrl Pts',(39.7454671016273,-365.650858711801,320.571));
#2892=CARTESIAN_POINT('Ctrl Pts',(39.7426626776103,-365.624638072805,320.571));
#2893=CARTESIAN_POINT('Ctrl Pts',(39.7404455042872,-365.598321409651,320.571));
#2894=CARTESIAN_POINT('Ctrl Pts',(39.7388133838538,-365.571928605323,320.571));
#2895=CARTESIAN_POINT('Ctrl Pts',(39.7379695656189,-365.558283331906,320.571));
#2896=CARTESIAN_POINT('Ctrl Pts',(39.7372821449564,-365.54461771394,320.571));
#2897=CARTESIAN_POINT('Ctrl Pts',(39.7367509117678,-365.530934554872,320.571));
#2898=CARTESIAN_POINT('Ctrl Pts',(39.7363029899857,-365.519397276841,320.571));
#2899=CARTESIAN_POINT('Ctrl Pts',(39.735966512503,-365.507857819815,320.571));
#2900=CARTESIAN_POINT('Ctrl Pts',(39.7357407945002,-365.496318521167,320.571));
#2901=CARTESIAN_POINT('Ctrl Pts',(39.7344035118729,-365.427953112039,320.571));
#2902=CARTESIAN_POINT('Ctrl Pts',(39.7369493417976,-365.359584128967,320.571));
#2903=CARTESIAN_POINT('Ctrl Pts',(39.7432613734265,-365.291545691948,320.571));
#2904=CARTESIAN_POINT('Ctrl Pts',(39.7496000433302,-365.223220116542,320.571));
#2905=CARTESIAN_POINT('Ctrl Pts',(39.7597371871356,-365.155226804095,320.571));
#2906=CARTESIAN_POINT('Ctrl Pts',(39.7736039245258,-365.087920055965,320.571));
#2907=CARTESIAN_POINT('Ctrl Pts',(39.7847546098423,-365.033796555464,320.571));
#2908=CARTESIAN_POINT('Ctrl Pts',(39.7983179877514,-364.980117099293,320.571));
#2909=CARTESIAN_POINT('Ctrl Pts',(39.8142785744095,-364.927080406398,320.571));
#2910=CARTESIAN_POINT('Ctrl Pts',(39.8224028964271,-364.900083455656,320.571));
#2911=CARTESIAN_POINT('Ctrl Pts',(39.8311486219894,-364.873253293977,320.571));
#2912=CARTESIAN_POINT('Ctrl Pts',(39.8405153110368,-364.846617898106,320.571));
#2913=CARTESIAN_POINT('Ctrl Pts',(39.8446964163006,-364.834728382684,320.571));
#2914=CARTESIAN_POINT('Ctrl Pts',(39.8489981304197,-364.822886631218,320.571));
#2915=CARTESIAN_POINT('Ctrl Pts',(39.8534195382639,-364.811095994443,320.571));
#2916=CARTESIAN_POINT('Ctrl Pts',(39.8765355903004,-364.749452060466,320.571));
#2917=CARTESIAN_POINT('Ctrl Pts',(39.9029239504559,-364.689192409067,320.571));
#2918=CARTESIAN_POINT('Ctrl Pts',(39.9325348172422,-364.630649390536,320.571));
#2919=CARTESIAN_POINT('Ctrl Pts',(39.9593506562412,-364.577632362336,320.571));
#2920=CARTESIAN_POINT('Ctrl Pts',(39.9888100698905,-364.526023049692,320.571));
#2921=CARTESIAN_POINT('Ctrl Pts',(40.0209006509944,-364.476095907236,320.571));
#2922=CARTESIAN_POINT('Ctrl Pts',(40.0550199207804,-364.423012491964,320.571));
#2923=CARTESIAN_POINT('Ctrl Pts',(40.0920001734366,-364.372005834804,320.571));
#2924=CARTESIAN_POINT('Ctrl Pts',(40.1318065185077,-364.323389251189,320.571));
#2925=CARTESIAN_POINT('Ctrl Pts',(40.1695707291683,-364.277266782472,320.571));
#2926=CARTESIAN_POINT('Ctrl Pts',(40.2098790310225,-364.233295154885,320.571));
#2927=CARTESIAN_POINT('Ctrl Pts',(40.2527255040887,-364.191778173524,320.571));
#2928=CARTESIAN_POINT('Ctrl Pts',(40.2603650866678,-364.184375641066,320.571));
#2929=CARTESIAN_POINT('Ctrl Pts',(40.2680854150573,-364.177051249645,320.571));
#2930=CARTESIAN_POINT('Ctrl Pts',(40.2758850045001,-364.16980562356,320.571));
#2931=CARTESIAN_POINT('Origin',(25.165029428838,-365.682195031467,307.571));
#2932=CARTESIAN_POINT('Origin',(41.5474360481644,-365.251381407302,322.116925280538));
#2933=CARTESIAN_POINT('Ctrl Pts',(39.4905779748917,-365.249888261186,320.366925280538));
#2934=CARTESIAN_POINT('Ctrl Pts',(39.4897604800489,-365.15107072062,320.361553956085));
#2935=CARTESIAN_POINT('Ctrl Pts',(39.5412189234495,-364.371433965516,320.3191298308));
#2936=CARTESIAN_POINT('Ctrl Pts',(40.5382831429503,-363.041697009781,320.239652904685));
#2937=CARTESIAN_POINT('Ctrl Pts',(42.8569587316464,-363.205509696963,320.128494502193));
#2938=CARTESIAN_POINT('Ctrl Pts',(43.9765206195498,-365.242404465298,320.0173360997));
#2939=CARTESIAN_POINT('Ctrl Pts',(42.8719970958858,-367.287596786327,319.906177697208));
#2940=CARTESIAN_POINT('Ctrl Pts',(40.5546604267334,-367.468353896385,319.795019294715));
#2941=CARTESIAN_POINT('Ctrl Pts',(39.5442562710145,-366.141690127249,319.715268489159));
#2942=CARTESIAN_POINT('Ctrl Pts',(39.4898648072239,-365.356861185852,319.672570484433));
#2943=CARTESIAN_POINT('Ctrl Pts',(39.4907524686556,-365.252973811008,319.666925280538));
#2944=CARTESIAN_POINT('Ctrl Pts',(39.4948335941832,-365.252477124434,320.425074719463));
#2945=CARTESIAN_POINT('Ctrl Pts',(39.4983352448691,-364.782203645584,320.39961087798));
#2946=CARTESIAN_POINT('Ctrl Pts',(39.8910652256501,-363.621163034763,320.337094235667));
#2947=CARTESIAN_POINT('Ctrl Pts',(41.8209716724114,-362.837807087076,320.237524792523));
#2948=CARTESIAN_POINT('Ctrl Pts',(43.723425886631,-364.17197346658,320.12636639003));
#2949=CARTESIAN_POINT('Ctrl Pts',(43.6342902940768,-366.494817470424,320.015207987538));
#2950=CARTESIAN_POINT('Ctrl Pts',(41.6340419421402,-367.678919091286,319.904049585045));
#2951=CARTESIAN_POINT('Ctrl Pts',(39.8249172247688,-366.77537606646,319.807338495687));
#2952=CARTESIAN_POINT('Ctrl Pts',(39.4972451446067,-365.668482176806,319.747680207159));
#2953=CARTESIAN_POINT('Ctrl Pts',(39.4951052187129,-365.250227225424,319.725074719463));
#2954=CARTESIAN_POINT('Ctrl Pts',(42.816506928018,-364.172022754255,320.571));
#2955=CARTESIAN_POINT('Ctrl Pts',(43.1754856010686,-364.594096899092,320.533947199169));
#2956=CARTESIAN_POINT('Ctrl Pts',(43.4314806654876,-365.818955507541,320.459841597508));
#2957=CARTESIAN_POINT('Ctrl Pts',(42.0920517251868,-367.145197772918,320.348683195015));
#2958=CARTESIAN_POINT('Ctrl Pts',(40.2519400277964,-366.734782647107,320.237524792523));
#2959=CARTESIAN_POINT('Ctrl Pts',(39.5985288706919,-364.967696191953,320.12636639003));
#2960=CARTESIAN_POINT('Ctrl Pts',(40.7292105997708,-363.459759941786,320.015207987538));
#2961=CARTESIAN_POINT('Ctrl Pts',(42.6092025845708,-363.592579962151,319.904049585045));
#2962=CARTESIAN_POINT('Ctrl Pts',(43.5169481036106,-365.244102864716,319.792891182553));
#2963=CARTESIAN_POINT('Ctrl Pts',(42.6213957539699,-366.902353458138,319.68173278006));
#2964=CARTESIAN_POINT('Ctrl Pts',(40.742489370805,-367.048912088316,319.570574377568));
#2965=CARTESIAN_POINT('Ctrl Pts',(39.6006149355438,-365.549627437129,319.459415975075));
#2966=CARTESIAN_POINT('Ctrl Pts',(40.2412873442543,-363.777256686103,319.348257572583));
#2967=CARTESIAN_POINT('Ctrl Pts',(42.0778978733445,-363.354627803725,319.23709917009));
#2968=CARTESIAN_POINT('Ctrl Pts',(43.4288059541568,-364.668704609672,319.125940767598));
#2969=CARTESIAN_POINT('Ctrl Pts',(43.0570930217408,-366.516292936286,319.014782365105));
#2970=CARTESIAN_POINT('Ctrl Pts',(41.3031067443664,-367.205701788645,318.903623962613));
#2971=CARTESIAN_POINT('Ctrl Pts',(39.772833499412,-366.105694506504,318.79246556012));
#2972=CARTESIAN_POINT('Ctrl Pts',(39.8674231080057,-364.223460387528,318.681307157628));
#2973=CARTESIAN_POINT('Ctrl Pts',(41.5002674019717,-363.282412086994,318.570148755135));
#2974=CARTESIAN_POINT('Ctrl Pts',(43.1763002806787,-364.1441929001,318.458990352643));
#2975=CARTESIAN_POINT('Ctrl Pts',(43.3609113054666,-366.019738466747,318.34783195015));
#2976=CARTESIAN_POINT('Ctrl Pts',(41.8850667915568,-367.191760379947,318.236673547658));
#2977=CARTESIAN_POINT('Ctrl Pts',(40.1000805706676,-366.587131084271,318.125515145165));
#2978=CARTESIAN_POINT('Ctrl Pts',(39.6403230273718,-364.759461694804,318.014356742673));
#2979=CARTESIAN_POINT('Ctrl Pts',(40.9267576989327,-363.382204191409,317.90319834018));
#2980=CARTESIAN_POINT('Ctrl Pts',(42.7814983334272,-363.716404093511,317.792039937688));
#2981=CARTESIAN_POINT('Ctrl Pts',(43.506305957868,-365.456061042885,317.680881535195));
#2982=CARTESIAN_POINT('Ctrl Pts',(42.4375316881898,-367.008309075493,317.569723132703));
#2983=CARTESIAN_POINT('Ctrl Pts',(40.553767397064,-366.951877714345,317.45856473021));
#2984=CARTESIAN_POINT('Ctrl Pts',(39.5798267262099,-365.338436686603,317.347406327718));
#2985=CARTESIAN_POINT('Ctrl Pts',(40.4074699259636,-363.645286035841,317.236247925225));
#2986=CARTESIAN_POINT('Ctrl Pts',(42.2788897633095,-363.422709610586,317.125089522733));
#2987=CARTESIAN_POINT('Ctrl Pts',(43.4805753609817,-364.874502966864,317.01393112024));
#2988=CARTESIAN_POINT('Ctrl Pts',(42.9122386531788,-366.671374084527,316.902772717748));
#2989=CARTESIAN_POINT('Ctrl Pts',(41.0942601232633,-367.168070363487,316.791614315255));
#2990=CARTESIAN_POINT('Ctrl Pts',(39.6912194477061,-365.90980673552,316.680455912763));
#2991=CARTESIAN_POINT('Ctrl Pts',(39.9877679017585,-364.04867470845,316.56929751027));
#2992=CARTESIAN_POINT('Ctrl Pts',(41.7123836394969,-363.288766969628,316.458139107778));
#2993=CARTESIAN_POINT('Ctrl Pts',(43.2859639053601,-364.325867176007,316.346980705285));
#2994=CARTESIAN_POINT('Ctrl Pts',(43.267725482491,-366.210392577456,316.235822302793));
#2995=CARTESIAN_POINT('Ctrl Pts',(41.6743257559446,-367.216815129357,316.1246639003));
#2996=CARTESIAN_POINT('Ctrl Pts',(39.9648082625148,-366.423669641636,316.013505497808));
#2997=CARTESIAN_POINT('Ctrl Pts',(39.7042429346463,-364.557090757518,315.902347095315));
#2998=CARTESIAN_POINT('Ctrl Pts',(41.1316618135009,-363.326323415032,315.791188692823));
#2999=CARTESIAN_POINT('Ctrl Pts',(42.9391507373111,-363.857853725102,315.68003029033));
#3000=CARTESIAN_POINT('Ctrl Pts',(43.4739500624141,-365.665736828689,315.568871887837));
#3001=CARTESIAN_POINT('Ctrl Pts',(42.242021799931,-367.092390672018,315.457713485345));
#3002=CARTESIAN_POINT('Ctrl Pts',(41.002571022964,-366.920420165318,315.383607883683));
#3003=CARTESIAN_POINT('Ctrl Pts',(40.5570256528099,-366.591024363009,315.346555082852));
#3004=CARTESIAN_POINT('Ctrl Pts',(42.9152166728246,-364.088069037494,320.645814972383));
#3005=CARTESIAN_POINT('Ctrl Pts',(43.302117106409,-364.54297257885,320.608762171552));
#3006=CARTESIAN_POINT('Ctrl Pts',(43.578023751719,-365.863102052452,320.53465656989));
#3007=CARTESIAN_POINT('Ctrl Pts',(42.1344125384006,-367.292500916602,320.423498167398));
#3008=CARTESIAN_POINT('Ctrl Pts',(40.1511749061642,-366.850163245742,320.312339764905));
#3009=CARTESIAN_POINT('Ctrl Pts',(39.4469407023761,-364.945630840319,320.201181362413));
#3010=CARTESIAN_POINT('Ctrl Pts',(40.665568114164,-363.320405631118,320.09002295992));
#3011=CARTESIAN_POINT('Ctrl Pts',(42.6917879669293,-363.463556540422,319.978864557428));
#3012=CARTESIAN_POINT('Ctrl Pts',(43.670138942257,-365.243536731577,319.867706154935));
#3013=CARTESIAN_POINT('Ctrl Pts',(42.7049295346085,-367.030767900868,319.756547752443));
#3014=CARTESIAN_POINT('Ctrl Pts',(40.6798797227812,-367.188726024339,319.64538934995));
#3015=CARTESIAN_POINT('Ctrl Pts',(39.4491890236728,-365.572825345112,319.534230947458));
#3016=CARTESIAN_POINT('Ctrl Pts',(40.1396936450455,-363.662597625406,319.423072544965));
#3017=CARTESIAN_POINT('Ctrl Pts',(42.1191577842166,-363.207096198405,319.311914142473));
#3018=CARTESIAN_POINT('Ctrl Pts',(43.5751409983654,-364.623383360157,319.20075573998));
#3019=CARTESIAN_POINT('Ctrl Pts',(43.1745158205559,-366.614679162155,319.089597337488));
#3020=CARTESIAN_POINT('Ctrl Pts',(41.2841025393141,-367.35771100198,318.978438934995));
#3021=CARTESIAN_POINT('Ctrl Pts',(39.6348029390224,-366.172143929737,318.867280532503));
#3022=CARTESIAN_POINT('Ctrl Pts',(39.7367498325981,-364.143507547105,318.75612213001));
#3023=CARTESIAN_POINT('Ctrl Pts',(41.4965985721983,-363.129263462891,318.644963727518));
#3024=CARTESIAN_POINT('Ctrl Pts',(43.3029951527055,-364.058074546323,318.533805325025));
#3025=CARTESIAN_POINT('Ctrl Pts',(43.501965428371,-366.079502133585,318.422646922533));
#3026=CARTESIAN_POINT('Ctrl Pts',(41.9113280863735,-367.342685215004,318.31148852004));
#3027=CARTESIAN_POINT('Ctrl Pts',(39.9875036515246,-366.691027180093,318.200330117548));
#3028=CARTESIAN_POINT('Ctrl Pts',(39.4919856550563,-364.721199632332,318.089171715055));
#3029=CARTESIAN_POINT('Ctrl Pts',(40.8784806464589,-363.2368175082,317.978013312563));
#3030=CARTESIAN_POINT('Ctrl Pts',(42.8774850708013,-363.597011850466,317.86685491007));
#3031=CARTESIAN_POINT('Ctrl Pts',(43.6586690385797,-365.471981252636,317.755696507578));
#3032=CARTESIAN_POINT('Ctrl Pts',(42.5067643172534,-367.14496486401,317.644538105085));
#3033=CARTESIAN_POINT('Ctrl Pts',(40.4764787439797,-367.084144208815,317.533379702593));
#3034=CARTESIAN_POINT('Ctrl Pts',(39.4267838842912,-365.345207943072,317.4222213001));
#3035=CARTESIAN_POINT('Ctrl Pts',(40.3188020928292,-363.520362151156,317.311062897607));
#3036=CARTESIAN_POINT('Ctrl Pts',(42.3357830469755,-363.28047348394,317.199904495115));
#3037=CARTESIAN_POINT('Ctrl Pts',(43.6309370872438,-364.84518894251,317.088746092623));
#3038=CARTESIAN_POINT('Ctrl Pts',(43.0183945180646,-366.781822694625,316.97758769013));
#3039=CARTESIAN_POINT('Ctrl Pts',(41.0590115956913,-367.31715256271,316.866429287638));
#3040=CARTESIAN_POINT('Ctrl Pts',(39.5468408555836,-365.961019790011,316.755270885145));
#3041=CARTESIAN_POINT('Ctrl Pts',(39.8664551782861,-363.955126843468,316.644112482652));
#3042=CARTESIAN_POINT('Ctrl Pts',(41.7252134466459,-363.136112635366,316.53295408016));
#3043=CARTESIAN_POINT('Ctrl Pts',(43.4211885361094,-364.253879649513,316.421795677667));
#3044=CARTESIAN_POINT('Ctrl Pts',(43.4015315084203,-366.284985533118,316.310637275175));
#3045=CARTESIAN_POINT('Ctrl Pts',(41.6841953785735,-367.369688750695,316.199478872682));
#3046=CARTESIAN_POINT('Ctrl Pts',(39.8417097127606,-366.514851524609,316.08832047019));
#3047=CARTESIAN_POINT('Ctrl Pts',(39.5608773238259,-364.503088058418,315.977162067698));
#3048=CARTESIAN_POINT('Ctrl Pts',(41.0993224310028,-363.176590262873,315.866003665205));
#3049=CARTESIAN_POINT('Ctrl Pts',(43.0473998540389,-363.749463591758,315.754845262712));
#3050=CARTESIAN_POINT('Ctrl Pts',(43.6237964655833,-365.697965854313,315.64368686022));
#3051=CARTESIAN_POINT('Ctrl Pts',(42.2960474523919,-367.235586420649,315.532528457727));
#3052=CARTESIAN_POINT('Ctrl Pts',(40.9601908151716,-367.05023985663,315.458422856066));
#3053=CARTESIAN_POINT('Ctrl Pts',(40.4799904304821,-366.695223282383,315.421370055235));
#3054=CARTESIAN_POINT('Ctrl Pts',(43.0139264176311,-364.004115320733,320.720629944765));
#3055=CARTESIAN_POINT('Ctrl Pts',(43.4287486117494,-364.491848258609,320.683577143934));
#3056=CARTESIAN_POINT('Ctrl Pts',(43.7245668379504,-365.907248597364,320.609471542273));
#3057=CARTESIAN_POINT('Ctrl Pts',(42.1767733516144,-367.439804060286,320.49831313978));
#3058=CARTESIAN_POINT('Ctrl Pts',(40.0504097845319,-366.965543844376,320.387154737288));
#3059=CARTESIAN_POINT('Ctrl Pts',(39.2953525340603,-364.923565488685,320.275996334795));
#3060=CARTESIAN_POINT('Ctrl Pts',(40.6019256285571,-363.181051320449,320.164837932303));
#3061=CARTESIAN_POINT('Ctrl Pts',(42.7743733492878,-363.334533118692,320.05367952981));
#3062=CARTESIAN_POINT('Ctrl Pts',(43.8233297809034,-365.242970598437,319.942521127318));
#3063=CARTESIAN_POINT('Ctrl Pts',(42.7884633152471,-367.159182343597,319.831362724825));
#3064=CARTESIAN_POINT('Ctrl Pts',(40.6172700747572,-367.328539960362,319.720204322333));
#3065=CARTESIAN_POINT('Ctrl Pts',(39.2977631118018,-365.596023253094,319.60904591984));
#3066=CARTESIAN_POINT('Ctrl Pts',(40.0380999458368,-363.547938564708,319.497887517348));
#3067=CARTESIAN_POINT('Ctrl Pts',(42.1604176950887,-363.059564593085,319.386729114855));
#3068=CARTESIAN_POINT('Ctrl Pts',(43.721476042574,-364.578062110641,319.275570712363));
#3069=CARTESIAN_POINT('Ctrl Pts',(43.291938619371,-366.713065388024,319.16441230987));
#3070=CARTESIAN_POINT('Ctrl Pts',(41.2650983342618,-367.509720215315,319.053253907378));
#3071=CARTESIAN_POINT('Ctrl Pts',(39.4967723786327,-366.238593352969,318.942095504885));
#3072=CARTESIAN_POINT('Ctrl Pts',(39.6060765571906,-364.063554706681,318.830937102393));
#3073=CARTESIAN_POINT('Ctrl Pts',(41.4929297424248,-362.976114838787,318.7197786999));
#3074=CARTESIAN_POINT('Ctrl Pts',(43.4296900247324,-363.971956192547,318.608620297408));
#3075=CARTESIAN_POINT('Ctrl Pts',(43.6430195512754,-366.139265800424,318.497461894915));
#3076=CARTESIAN_POINT('Ctrl Pts',(41.9375893811902,-367.493610050061,318.386303492422));
#3077=CARTESIAN_POINT('Ctrl Pts',(39.8749267323815,-366.794923275916,318.27514508993));
#3078=CARTESIAN_POINT('Ctrl Pts',(39.3436482827407,-364.68293756986,318.163986687438));
#3079=CARTESIAN_POINT('Ctrl Pts',(40.8302035939851,-363.091430824991,318.052828284945));
#3080=CARTESIAN_POINT('Ctrl Pts',(42.9734718081754,-363.477619607422,317.941669882452));
#3081=CARTESIAN_POINT('Ctrl Pts',(43.8110321192914,-365.487901462387,317.83051147996));
#3082=CARTESIAN_POINT('Ctrl Pts',(42.575996946317,-367.281620652527,317.719353077468));
#3083=CARTESIAN_POINT('Ctrl Pts',(40.3991900908954,-367.216410703286,317.608194674975));
#3084=CARTESIAN_POINT('Ctrl Pts',(39.2737410423724,-365.35197919954,317.497036272483));
#3085=CARTESIAN_POINT('Ctrl Pts',(40.2301342596948,-363.395438266471,317.38587786999));
#3086=CARTESIAN_POINT('Ctrl Pts',(42.3926763306415,-363.138237357295,317.274719467498));
#3087=CARTESIAN_POINT('Ctrl Pts',(43.7812988135058,-364.815874918156,317.163561065005));
#3088=CARTESIAN_POINT('Ctrl Pts',(43.1245503829504,-366.892271304723,317.052402662512));
#3089=CARTESIAN_POINT('Ctrl Pts',(41.0237630681192,-367.466234761933,316.94124426002));
#3090=CARTESIAN_POINT('Ctrl Pts',(39.4024622634611,-366.012232844501,316.830085857528));
#3091=CARTESIAN_POINT('Ctrl Pts',(39.7451424548136,-363.861578978487,316.718927455035));
#3092=CARTESIAN_POINT('Ctrl Pts',(41.7380432537948,-362.983458301103,316.607769052543));
#3093=CARTESIAN_POINT('Ctrl Pts',(43.5564131668587,-364.181892123019,316.49661065005));
#3094=CARTESIAN_POINT('Ctrl Pts',(43.5353375343496,-366.35957848878,316.385452247557));
#3095=CARTESIAN_POINT('Ctrl Pts',(41.6940650012025,-367.522562372033,316.274293845065));
#3096=CARTESIAN_POINT('Ctrl Pts',(39.7186111630064,-366.606033407582,316.163135442572));
#3097=CARTESIAN_POINT('Ctrl Pts',(39.4175117130055,-364.449085359318,316.05197704008));
#3098=CARTESIAN_POINT('Ctrl Pts',(41.0669830485047,-363.026857110713,315.940818637587));
#3099=CARTESIAN_POINT('Ctrl Pts',(43.1556489707667,-363.641073458413,315.829660235095));
#3100=CARTESIAN_POINT('Ctrl Pts',(43.7736428687525,-365.730194879935,315.718501832602));
#3101=CARTESIAN_POINT('Ctrl Pts',(42.3500731048527,-367.37878216928,315.60734343011));
#3102=CARTESIAN_POINT('Ctrl Pts',(40.9178106073791,-367.180059547942,315.533237828448));
#3103=CARTESIAN_POINT('Ctrl Pts',(40.4029552081544,-366.799422201756,315.496185027617));
#3104=CARTESIAN_POINT('Ctrl Pts',(43.1126361624376,-363.920161603972,320.795444917148));
#3105=CARTESIAN_POINT('Ctrl Pts',(43.5553801170898,-364.440723938367,320.758392116317));
#3106=CARTESIAN_POINT('Ctrl Pts',(43.8711099241818,-365.951395142275,320.684286514655));
#3107=CARTESIAN_POINT('Ctrl Pts',(42.2191341648282,-367.58710720397,320.573128112163));
#3108=CARTESIAN_POINT('Ctrl Pts',(39.9496446628997,-367.08092444301,320.46196970967));
#3109=CARTESIAN_POINT('Ctrl Pts',(39.1437643657445,-364.901500137051,320.350811307178));
#3110=CARTESIAN_POINT('Ctrl Pts',(40.5382831429503,-363.041697009781,320.239652904685));
#3111=CARTESIAN_POINT('Ctrl Pts',(42.8569587316464,-363.205509696963,320.128494502193));
#3112=CARTESIAN_POINT('Ctrl Pts',(43.9765206195498,-365.242404465298,320.0173360997));
#3113=CARTESIAN_POINT('Ctrl Pts',(42.8719970958858,-367.287596786327,319.906177697208));
#3114=CARTESIAN_POINT('Ctrl Pts',(40.5546604267334,-367.468353896385,319.795019294715));
#3115=CARTESIAN_POINT('Ctrl Pts',(39.1463371999308,-365.619221161076,319.683860892223));
#3116=CARTESIAN_POINT('Ctrl Pts',(39.9365062466281,-363.433279504011,319.57270248973));
#3117=CARTESIAN_POINT('Ctrl Pts',(42.2016776059608,-362.912032987764,319.461544087238));
#3118=CARTESIAN_POINT('Ctrl Pts',(43.8678110867826,-364.532740861126,319.350385684745));
#3119=CARTESIAN_POINT('Ctrl Pts',(43.4093614181861,-366.811451613893,319.239227282253));
#3120=CARTESIAN_POINT('Ctrl Pts',(41.2460941292095,-367.66172942865,319.12806887976));
#3121=CARTESIAN_POINT('Ctrl Pts',(39.3587418182431,-366.305042776201,319.016910477268));
#3122=CARTESIAN_POINT('Ctrl Pts',(39.4754032817831,-363.983601866257,318.905752074775));
#3123=CARTESIAN_POINT('Ctrl Pts',(41.4892609126515,-362.822966214684,318.794593672283));
#3124=CARTESIAN_POINT('Ctrl Pts',(43.5563848967591,-363.88583783877,318.68343526979));
#3125=CARTESIAN_POINT('Ctrl Pts',(43.7840736741799,-366.199029467262,318.572276867298));
#3126=CARTESIAN_POINT('Ctrl Pts',(41.9638506760069,-367.644534885118,318.461118464805));
#3127=CARTESIAN_POINT('Ctrl Pts',(39.7623498132385,-366.898819371739,318.349960062313));
#3128=CARTESIAN_POINT('Ctrl Pts',(39.1953109104252,-364.644675507389,318.23880165982));
#3129=CARTESIAN_POINT('Ctrl Pts',(40.7819265415114,-362.946044141782,318.127643257328));
#3130=CARTESIAN_POINT('Ctrl Pts',(43.0694585455496,-363.358227364378,318.016484854835));
#3131=CARTESIAN_POINT('Ctrl Pts',(43.9633952000031,-365.503821672137,317.905326452342));
#3132=CARTESIAN_POINT('Ctrl Pts',(42.6452295753807,-367.418276441044,317.79416804985));
#3133=CARTESIAN_POINT('Ctrl Pts',(40.3219014378112,-367.348677197756,317.683009647357));
#3134=CARTESIAN_POINT('Ctrl Pts',(39.1206982004537,-365.358750456008,317.571851244865));
#3135=CARTESIAN_POINT('Ctrl Pts',(40.1414664265604,-363.270514381786,317.460692842372));
#3136=CARTESIAN_POINT('Ctrl Pts',(42.4495696143075,-362.996001230649,317.34953443988));
#3137=CARTESIAN_POINT('Ctrl Pts',(43.9316605397679,-364.786560893802,317.238376037387));
#3138=CARTESIAN_POINT('Ctrl Pts',(43.2307062478362,-367.002719914821,317.127217634895));
#3139=CARTESIAN_POINT('Ctrl Pts',(40.9885145405471,-367.615316961156,317.016059232402));
#3140=CARTESIAN_POINT('Ctrl Pts',(39.2580836713387,-366.063445898992,316.90490082991));
#3141=CARTESIAN_POINT('Ctrl Pts',(39.6238297313412,-363.768031113505,316.793742427417));
#3142=CARTESIAN_POINT('Ctrl Pts',(41.7508730609438,-362.83080396684,316.682584024925));
#3143=CARTESIAN_POINT('Ctrl Pts',(43.6916377976079,-364.109904596525,316.571425622432));
#3144=CARTESIAN_POINT('Ctrl Pts',(43.6691435602788,-366.434171444442,316.46026721994));
#3145=CARTESIAN_POINT('Ctrl Pts',(41.7039346238315,-367.675435993371,316.349108817447));
#3146=CARTESIAN_POINT('Ctrl Pts',(39.5955126132523,-366.697215290554,316.237950414955));
#3147=CARTESIAN_POINT('Ctrl Pts',(39.2741461021852,-364.395082660217,316.126792012462));
#3148=CARTESIAN_POINT('Ctrl Pts',(41.0346436660066,-362.877123958553,316.01563360997));
#3149=CARTESIAN_POINT('Ctrl Pts',(43.2638980874946,-363.532683325069,315.904475207478));
#3150=CARTESIAN_POINT('Ctrl Pts',(43.9234892719216,-365.762423905559,315.793316804985));
#3151=CARTESIAN_POINT('Ctrl Pts',(42.4040987573136,-367.521977917911,315.682158402492));
#3152=CARTESIAN_POINT('Ctrl Pts',(40.8754303995867,-367.309879239254,315.608052800831));
#3153=CARTESIAN_POINT('Ctrl Pts',(40.3259199858266,-366.90362112113,315.571));
#3154=CARTESIAN_POINT('Ctrl Pts',(40.3259199858266,-366.90362112113,315.571));
#3155=CARTESIAN_POINT('Ctrl Pts',(40.3885668540841,-366.941428307855,315.571));
#3156=CARTESIAN_POINT('Ctrl Pts',(40.4531991141904,-366.975474379344,315.571));
#3157=CARTESIAN_POINT('Ctrl Pts',(40.5194679451967,-367.005796857881,315.571));
#3158=CARTESIAN_POINT('Ctrl Pts',(40.5876210781841,-367.036981532197,315.571));
#3159=CARTESIAN_POINT('Ctrl Pts',(40.6575061950332,-367.064228022593,315.571));
#3160=CARTESIAN_POINT('Ctrl Pts',(40.7287593925262,-367.087524848795,315.571));
#3161=CARTESIAN_POINT('Ctrl Pts',(40.788992422664,-367.107218539522,315.571));
#3162=CARTESIAN_POINT('Ctrl Pts',(40.8502036951164,-367.12408889716,315.571));
#3163=CARTESIAN_POINT('Ctrl Pts',(40.9121733081211,-367.138099928671,315.571));
#3164=CARTESIAN_POINT('Ctrl Pts',(40.9397132735068,-367.144326582415,315.571));
#3165=CARTESIAN_POINT('Ctrl Pts',(40.9674029626561,-367.149988167339,315.571));
#3166=CARTESIAN_POINT('Ctrl Pts',(40.9952226704603,-367.155079856235,315.571));
#3167=CARTESIAN_POINT('Ctrl Pts',(41.0104746532384,-367.157871343187,315.571));
#3168=CARTESIAN_POINT('Ctrl Pts',(41.0257657100186,-367.160491517848,315.571));
#3169=CARTESIAN_POINT('Ctrl Pts',(41.0410925426791,-367.162939454687,315.571));
#3170=CARTESIAN_POINT('Ctrl Pts',(41.0552789594862,-367.165205249133,315.571));
#3171=CARTESIAN_POINT('Ctrl Pts',(41.0694981635258,-367.167323666319,315.571));
#3172=CARTESIAN_POINT('Ctrl Pts',(41.0837254051517,-367.169291181056,315.571));
#3173=CARTESIAN_POINT('Ctrl Pts',(41.1562751629311,-367.179324237449,315.571));
#3174=CARTESIAN_POINT('Ctrl Pts',(41.2291583393769,-367.185458834464,315.571));
#3175=CARTESIAN_POINT('Ctrl Pts',(41.3020339268633,-367.187687758907,315.571));
#3176=CARTESIAN_POINT('Ctrl Pts',(41.3743574084875,-367.189899797006,315.571));
#3177=CARTESIAN_POINT('Ctrl Pts',(41.4466744283299,-367.188264960894,315.571));
#3178=CARTESIAN_POINT('Ctrl Pts',(41.518642677729,-367.18272605645,315.571));
#3179=CARTESIAN_POINT('Ctrl Pts',(41.5784728011205,-367.178121340634,315.571));
#3180=CARTESIAN_POINT('Ctrl Pts',(41.6380619900271,-367.170817507078,315.571));
#3181=CARTESIAN_POINT('Ctrl Pts',(41.6972013552706,-367.160756064565,315.571));
#3182=CARTESIAN_POINT('Ctrl Pts',(41.7218500243937,-367.156562560519,315.571));
#3183=CARTESIAN_POINT('Ctrl Pts',(41.7464203824709,-367.15188974732,315.571));
#3184=CARTESIAN_POINT('Ctrl Pts',(41.7708964715042,-367.146732218437,315.571));
#3185=CARTESIAN_POINT('Ctrl Pts',(41.7822349277773,-367.144343012562,315.571));
#3186=CARTESIAN_POINT('Ctrl Pts',(41.7935531464151,-367.141849778505,315.571));
#3187=CARTESIAN_POINT('Ctrl Pts',(41.8048494986456,-367.139251929196,315.571));
#3188=CARTESIAN_POINT('Ctrl Pts',(41.8166286356138,-367.136543052719,315.571));
#3189=CARTESIAN_POINT('Ctrl Pts',(41.8283758995809,-367.13372226056,315.571));
#3190=CARTESIAN_POINT('Ctrl Pts',(41.8400852819498,-367.13079046994,315.571));
#3191=CARTESIAN_POINT('Ctrl Pts',(41.9068143065343,-367.114082882627,315.571));
#3192=CARTESIAN_POINT('Ctrl Pts',(41.9723608996918,-367.093763614364,315.571));
#3193=CARTESIAN_POINT('Ctrl Pts',(42.0364241240214,-367.069787150983,315.571));
#3194=CARTESIAN_POINT('Ctrl Pts',(42.0945778322711,-367.048022397946,315.571));
#3195=CARTESIAN_POINT('Ctrl Pts',(42.1515094932077,-367.023243427255,315.571));
#3196=CARTESIAN_POINT('Ctrl Pts',(42.2069746834867,-366.995384329631,315.571));
#3197=CARTESIAN_POINT('Ctrl Pts',(42.2724917361349,-366.962476374992,315.571));
#3198=CARTESIAN_POINT('Ctrl Pts',(42.3359641715375,-366.925270232928,315.571));
#3199=CARTESIAN_POINT('Ctrl Pts',(42.39710932494,-366.884087036135,315.571));
#3200=CARTESIAN_POINT('Ctrl Pts',(42.4105938110785,-366.875004807775,315.571));
#3201=CARTESIAN_POINT('Ctrl Pts',(42.4239649063003,-366.865729032926,315.571));
#3202=CARTESIAN_POINT('Ctrl Pts',(42.4372192172068,-366.856262968751,315.571));
#3203=CARTESIAN_POINT('Ctrl Pts',(42.4507169770083,-366.8466230364,315.571));
#3204=CARTESIAN_POINT('Ctrl Pts',(42.4640982720402,-366.836782062611,315.571));
#3205=CARTESIAN_POINT('Ctrl Pts',(42.4773331074358,-366.826763849762,315.571));
#3206=CARTESIAN_POINT('Ctrl Pts',(42.5320008900786,-366.785382641301,315.571));
#3207=CARTESIAN_POINT('Ctrl Pts',(42.5842463051486,-366.740931418036,315.571));
#3208=CARTESIAN_POINT('Ctrl Pts',(42.633881435792,-366.693714034329,315.571));
#3209=CARTESIAN_POINT('Ctrl Pts',(42.6835085901299,-366.646504238398,315.571));
#3210=CARTESIAN_POINT('Ctrl Pts',(42.7305268507587,-366.596528151836,315.571));
#3211=CARTESIAN_POINT('Ctrl Pts',(42.7747056778853,-366.544060101127,315.571));
#3212=CARTESIAN_POINT('Ctrl Pts',(42.8067582050219,-366.505993594419,315.571));
#3213=CARTESIAN_POINT('Ctrl Pts',(42.8373152611493,-366.466614720032,315.571));
#3214=CARTESIAN_POINT('Ctrl Pts',(42.8662722538922,-366.426023103489,315.571));
#3215=CARTESIAN_POINT('Ctrl Pts',(42.8783309659502,-366.409119324142,315.571));
#3216=CARTESIAN_POINT('Ctrl Pts',(42.8901120199321,-366.392005202548,315.571));
#3217=CARTESIAN_POINT('Ctrl Pts',(42.9016070729055,-366.374687854111,315.571));
#3218=CARTESIAN_POINT('Ctrl Pts',(42.9103689518896,-366.361488044447,315.571));
#3219=CARTESIAN_POINT('Ctrl Pts',(42.918964656222,-366.348170160051,315.571));
#3220=CARTESIAN_POINT('Ctrl Pts',(42.9273902994982,-366.334737353088,315.571));
#3221=CARTESIAN_POINT('Ctrl Pts',(42.9342710119535,-366.323767593373,315.571));
#3222=CARTESIAN_POINT('Ctrl Pts',(42.941033751266,-366.312728411621,315.571));
#3223=CARTESIAN_POINT('Ctrl Pts',(42.947675165613,-366.30162464776,315.571));
#3224=CARTESIAN_POINT('Ctrl Pts',(42.9814775795157,-366.245110477393,315.571));
#3225=CARTESIAN_POINT('Ctrl Pts',(43.0121563752756,-366.186899720274,315.571));
#3226=CARTESIAN_POINT('Ctrl Pts',(43.0394826866014,-366.127238720595,315.571));
#3227=CARTESIAN_POINT('Ctrl Pts',(43.0587251264482,-366.085227079001,315.571));
#3228=CARTESIAN_POINT('Ctrl Pts',(43.0763042596943,-366.042495981303,315.571));
#3229=CARTESIAN_POINT('Ctrl Pts',(43.0921247567538,-365.999130363822,315.571));
#3230=CARTESIAN_POINT('Ctrl Pts',(43.0972030499921,-365.985210237217,315.571));
#3231=CARTESIAN_POINT('Ctrl Pts',(43.1021006638344,-365.971222847947,315.571));
#3232=CARTESIAN_POINT('Ctrl Pts',(43.1068121398478,-365.957177036949,315.571));
#3233=CARTESIAN_POINT('Ctrl Pts',(43.1268699095464,-365.897380989721,315.571));
#3234=CARTESIAN_POINT('Ctrl Pts',(43.1435178843451,-365.836649017544,315.571));
#3235=CARTESIAN_POINT('Ctrl Pts',(43.1565319202214,-365.775203490535,315.571));
#3236=CARTESIAN_POINT('Ctrl Pts',(43.1685743354872,-365.718345452069,315.571));
#3237=CARTESIAN_POINT('Ctrl Pts',(43.1775049037297,-365.660875901683,315.571));
#3238=CARTESIAN_POINT('Ctrl Pts',(43.1831063698734,-365.602974796123,315.571));
#3239=CARTESIAN_POINT('Ctrl Pts',(43.1841306996744,-365.59238652755,315.571));
#3240=CARTESIAN_POINT('Ctrl Pts',(43.1850435921821,-365.58178384947,315.571));
#3241=CARTESIAN_POINT('Ctrl Pts',(43.1858454850285,-365.571168311958,315.571));
#3242=CARTESIAN_POINT('Ctrl Pts',(39.8798682937117,-365.25267253497,319.442480363391));
#3243=CARTESIAN_POINT('Ctrl Pts',(39.8791485740645,-365.336904858362,319.448125567286));
#3244=CARTESIAN_POINT('Ctrl Pts',(39.8849792486833,-365.421037217923,319.45377077118));
#3245=CARTESIAN_POINT('Ctrl Pts',(39.8977060762058,-365.504113087156,319.459415975075));
#3246=CARTESIAN_POINT('Ctrl Pts',(39.9812397472976,-366.049388987525,319.496468775906));
#3247=CARTESIAN_POINT('Ctrl Pts',(40.3618645590513,-366.54915053792,319.533521576737));
#3248=CARTESIAN_POINT('Ctrl Pts',(40.865328028789,-366.774604874755,319.570574377568));
#3249=CARTESIAN_POINT('Ctrl Pts',(41.3687914985267,-367.00005921159,319.607627178399));
#3250=CARTESIAN_POINT('Ctrl Pts',(41.9950936262483,-366.951206334864,319.644679979229));
#3251=CARTESIAN_POINT('Ctrl Pts',(42.4575034150492,-366.650404797597,319.68173278006));
#3252=CARTESIAN_POINT('Ctrl Pts',(42.9199132038501,-366.349603260331,319.718785580891));
#3253=CARTESIAN_POINT('Ctrl Pts',(43.2184306537303,-365.796853062524,319.755838381722));
#3254=CARTESIAN_POINT('Ctrl Pts',(43.2163984588305,-365.245224146526,319.792891182553));
#3255=CARTESIAN_POINT('Ctrl Pts',(43.2143662639306,-364.693595230528,319.829943983384));
#3256=CARTESIAN_POINT('Ctrl Pts',(42.9117844242507,-364.143087596339,319.866996784214));
#3257=CARTESIAN_POINT('Ctrl Pts',(42.4471615069441,-363.845697109184,319.904049585045));
#3258=CARTESIAN_POINT('Ctrl Pts',(41.9825385896375,-363.548306622029,319.941102385876));
#3259=CARTESIAN_POINT('Ctrl Pts',(41.3558745947041,-363.504033281907,319.978155186707));
#3260=CARTESIAN_POINT('Ctrl Pts',(40.854095642391,-363.733219320208,320.015207987538));
#3261=CARTESIAN_POINT('Ctrl Pts',(40.3523166900779,-363.962405358508,320.052260788369));
#3262=CARTESIAN_POINT('Ctrl Pts',(39.9754227803849,-364.46505077523,320.089313589199));
#3263=CARTESIAN_POINT('Ctrl Pts',(39.8958776850558,-365.010887892784,320.12636639003));
#3264=CARTESIAN_POINT('Ctrl Pts',(39.884346505061,-365.0900146576,320.131737714484));
#3265=CARTESIAN_POINT('Ctrl Pts',(39.8790639851492,-365.170049077816,320.137109038937));
#3266=CARTESIAN_POINT('Ctrl Pts',(39.8797268134291,-365.250170758109,320.142480363391));
#3267=CARTESIAN_POINT('Ctrl Pts',(41.0172658309756,-367.236555732974,320.571));
#3268=CARTESIAN_POINT('Ctrl Pts',(40.3570263052241,-367.060228985122,320.533947199169));
#3269=CARTESIAN_POINT('Ctrl Pts',(39.2380916621549,-365.997310300807,320.459841597508));
#3270=CARTESIAN_POINT('Ctrl Pts',(39.6664420214676,-363.712338398875,320.348683195015));
#3271=CARTESIAN_POINT('Ctrl Pts',(41.8209716724114,-362.837807087076,320.237524792523));
#3272=CARTESIAN_POINT('Ctrl Pts',(43.723425886631,-364.17197346658,320.12636639003));
#3273=CARTESIAN_POINT('Ctrl Pts',(43.6342902940768,-366.494817470424,320.015207987538));
#3274=CARTESIAN_POINT('Ctrl Pts',(41.6340419421402,-367.678919091286,319.904049585045));
#3275=CARTESIAN_POINT('Ctrl Pts',(39.5546587521991,-366.640399104702,319.792891182553));
#3276=CARTESIAN_POINT('Ctrl Pts',(39.2998307425726,-364.330021277389,319.68173278006));
#3277=CARTESIAN_POINT('Ctrl Pts',(41.1029906675073,-362.863278017446,319.570574377568));
#3278=CARTESIAN_POINT('Ctrl Pts',(43.313078652044,-363.583122730943,319.459415975075));
#3279=CARTESIAN_POINT('Ctrl Pts',(43.9065147395173,-365.830463558729,319.348257572582));
#3280=CARTESIAN_POINT('Ctrl Pts',(42.3399262588855,-367.547582914638,319.23709917009));
#3281=CARTESIAN_POINT('Ctrl Pts',(40.0477187900611,-367.162253394962,319.125940767598));
#3282=CARTESIAN_POINT('Ctrl Pts',(39.1286828573539,-365.027289488693,319.014782365105));
#3283=CARTESIAN_POINT('Ctrl Pts',(40.4243077936129,-363.097508961497,318.903623962613));
#3284=CARTESIAN_POINT('Ctrl Pts',(42.7482921004324,-363.139858613901,318.79246556012));
#3285=CARTESIAN_POINT('Ctrl Pts',(43.9727477774516,-365.115562342531,318.681307157628));
#3286=CARTESIAN_POINT('Ctrl Pts',(42.9765377307756,-367.21562480561,318.570148755135));
#3287=CARTESIAN_POINT('Ctrl Pts',(40.671812572783,-367.517185303517,318.458990352643));
#3288=CARTESIAN_POINT('Ctrl Pts',(39.1688264137052,-365.744128782156,318.34783195015));
#3289=CARTESIAN_POINT('Ctrl Pts',(39.8437445455304,-363.519902551692,318.236673547658));
#3290=CARTESIAN_POINT('Ctrl Pts',(42.0785979321477,-362.88105425294,318.125515145165));
#3291=CARTESIAN_POINT('Ctrl Pts',(43.8271084877309,-364.412526632166,318.014356742673));
#3292=CARTESIAN_POINT('Ctrl Pts',(43.4883037016238,-366.71207183215,317.90319834018));
#3293=CARTESIAN_POINT('Ctrl Pts',(41.3724002591066,-367.674178600269,317.792039937688));
#3294=CARTESIAN_POINT('Ctrl Pts',(39.416763214015,-366.417922035567,317.680881535195));
#3295=CARTESIAN_POINT('Ctrl Pts',(39.412014381694,-364.093556690458,317.569723132703));
#3296=CARTESIAN_POINT('Ctrl Pts',(41.3625018960226,-362.829319656208,317.45856473021));
#3297=CARTESIAN_POINT('Ctrl Pts',(43.4823189466947,-363.782772570337,317.347406327717));
#3298=CARTESIAN_POINT('Ctrl Pts',(43.8305171219117,-366.080914175353,317.236247925225));
#3299=CARTESIAN_POINT('Ctrl Pts',(42.0882789064211,-367.619518389825,317.125089522732));
#3300=CARTESIAN_POINT('Ctrl Pts',(39.850833830875,-366.989807277238,317.01393112024));
#3301=CARTESIAN_POINT('Ctrl Pts',(39.1668327567899,-364.768357437774,316.902772717747));
#3302=CARTESIAN_POINT('Ctrl Pts',(40.662561749753,-362.989174280736,316.791614315255));
#3303=CARTESIAN_POINT('Ctrl Pts',(42.9684992376444,-363.281315035861,316.680455912762));
#3304=CARTESIAN_POINT('Ctrl Pts',(43.9732834627866,-365.377289036413,316.56929751027));
#3305=CARTESIAN_POINT('Ctrl Pts',(42.7569078958201,-367.357980245622,316.458139107777));
#3306=CARTESIAN_POINT('Ctrl Pts',(40.4331227261754,-367.409824206513,316.346980705285));
#3307=CARTESIAN_POINT('Ctrl Pts',(39.1296086471523,-365.485357383919,316.235822302792));
#3308=CARTESIAN_POINT('Ctrl Pts',(40.0399451700672,-363.346649728703,316.1246639003));
#3309=CARTESIAN_POINT('Ctrl Pts',(42.3304888543243,-362.951975377303,316.013505497808));
#3310=CARTESIAN_POINT('Ctrl Pts',(43.9042332434979,-364.662653229938,315.902347095315));
#3311=CARTESIAN_POINT('Ctrl Pts',(43.3196488663781,-366.912500008294,315.791188692822));
#3312=CARTESIAN_POINT('Ctrl Pts',(41.1132484077008,-367.641285972312,315.68003029033));
#3313=CARTESIAN_POINT('Ctrl Pts',(39.3024953206207,-366.182527496847,315.568871887837));
#3314=CARTESIAN_POINT('Ctrl Pts',(39.5513565125954,-363.871110457437,315.457713485345));
#3315=CARTESIAN_POINT('Ctrl Pts',(40.929300929207,-363.176070854497,315.383607883683));
#3316=CARTESIAN_POINT('Ctrl Pts',(41.6123392913848,-363.197656710192,315.346555082852));
#3317=CARTESIAN_POINT('Ctrl Pts',(41.0507011510765,-367.111360207305,320.645814972383));
#3318=CARTESIAN_POINT('Ctrl Pts',(40.4320997995775,-366.946153550823,320.608762171552));
#3319=CARTESIAN_POINT('Ctrl Pts',(39.3837310554405,-365.950268104701,320.53465656989));
#3320=CARTESIAN_POINT('Ctrl Pts',(39.7850673899842,-363.809398539123,320.423498167398));
#3321=CARTESIAN_POINT('Ctrl Pts',(41.8037210784339,-362.990019767774,320.312339764905));
#3322=CARTESIAN_POINT('Ctrl Pts',(43.5861965319319,-364.240046603938,320.201181362413));
#3323=CARTESIAN_POINT('Ctrl Pts',(43.5026822982787,-366.416399857651,320.09002295992));
#3324=CARTESIAN_POINT('Ctrl Pts',(41.6285801193259,-367.525825807489,319.978864557428));
#3325=CARTESIAN_POINT('Ctrl Pts',(39.6803337611307,-366.552800348996,319.867706154935));
#3326=CARTESIAN_POINT('Ctrl Pts',(39.4415765449896,-364.388127089207,319.756547752443));
#3327=CARTESIAN_POINT('Ctrl Pts',(41.1310197289066,-363.013884367417,319.64538934995));
#3328=CARTESIAN_POINT('Ctrl Pts',(43.2017279504569,-363.688331890278,319.534230947458));
#3329=CARTESIAN_POINT('Ctrl Pts',(43.7577388395678,-365.793943595008,319.423072544965));
#3330=CARTESIAN_POINT('Ctrl Pts',(42.2899476614214,-367.402772380351,319.311914142473));
#3331=CARTESIAN_POINT('Ctrl Pts',(40.1422988418253,-367.041743765209,319.20075573998));
#3332=CARTESIAN_POINT('Ctrl Pts',(39.2812221448467,-365.041421902752,319.089597337488));
#3333=CARTESIAN_POINT('Ctrl Pts',(40.4951381637239,-363.233343477181,318.978438934995));
#3334=CARTESIAN_POINT('Ctrl Pts',(42.6725598069143,-363.273022337944,318.867280532503));
#3335=CARTESIAN_POINT('Ctrl Pts',(43.8197948740553,-365.124127806526,318.75612213001));
#3336=CARTESIAN_POINT('Ctrl Pts',(42.8864110683081,-367.091749294219,318.644963727518));
#3337=CARTESIAN_POINT('Ctrl Pts',(40.727033990807,-367.374291802337,318.533805325025));
#3338=CARTESIAN_POINT('Ctrl Pts',(39.318834037568,-365.713053543161,318.422646922533));
#3339=CARTESIAN_POINT('Ctrl Pts',(39.9511882851011,-363.629098707772,318.31148852004));
#3340=CARTESIAN_POINT('Ctrl Pts',(42.0451000723272,-363.030539540081,318.200330117548));
#3341=CARTESIAN_POINT('Ctrl Pts',(43.683340363323,-364.465429222722,318.089171715055));
#3342=CARTESIAN_POINT('Ctrl Pts',(43.3659023875495,-366.619953017589,317.978013312563));
#3343=CARTESIAN_POINT('Ctrl Pts',(41.3834389358306,-367.521384276748,317.86685491007));
#3344=CARTESIAN_POINT('Ctrl Pts',(39.5511346402673,-366.344353853025,317.755696507578));
#3345=CARTESIAN_POINT('Ctrl Pts',(39.546685294269,-364.166575201821,317.644538105085));
#3346=CARTESIAN_POINT('Ctrl Pts',(41.3741648155416,-362.9820675989,317.533379702593));
#3347=CARTESIAN_POINT('Ctrl Pts',(43.360295062718,-363.87539076158,317.4222213001));
#3348=CARTESIAN_POINT('Ctrl Pts',(43.686534031119,-366.028599479554,317.311062897608));
#3349=CARTESIAN_POINT('Ctrl Pts',(42.0541705134864,-367.470171226431,317.199904495115));
#3350=CARTESIAN_POINT('Ctrl Pts',(39.9578304828556,-366.880173005925,317.088746092623));
#3351=CARTESIAN_POINT('Ctrl Pts',(39.316966111135,-364.798819467729,316.97758769013));
#3352=CARTESIAN_POINT('Ctrl Pts',(40.7183665732932,-363.131840950721,316.866429287638));
#3353=CARTESIAN_POINT('Ctrl Pts',(42.8788795247985,-363.405557774539,316.755270885145));
#3354=CARTESIAN_POINT('Ctrl Pts',(43.8202967762579,-365.369348639638,316.644112482653));
#3355=CARTESIAN_POINT('Ctrl Pts',(42.6806322449662,-367.225127052063,316.53295408016));
#3356=CARTESIAN_POINT('Ctrl Pts',(40.5033971803139,-367.273701460325,316.421795677668));
#3357=CARTESIAN_POINT('Ctrl Pts',(39.2820895494751,-365.470601629219,316.310637275175));
#3358=CARTESIAN_POINT('Ctrl Pts',(40.135015467161,-363.466772118297,316.199478872683));
#3359=CARTESIAN_POINT('Ctrl Pts',(42.2811054291882,-363.096988005629,316.08832047019));
#3360=CARTESIAN_POINT('Ctrl Pts',(43.7556012266774,-364.699781522748,315.977162067698));
#3361=CARTESIAN_POINT('Ctrl Pts',(43.2078838125466,-366.807741139635,315.866003665205));
#3362=CARTESIAN_POINT('Ctrl Pts',(41.140630562096,-367.49056603077,315.754845262712));
#3363=CARTESIAN_POINT('Ctrl Pts',(39.4440730807428,-366.123804530986,315.64368686022));
#3364=CARTESIAN_POINT('Ctrl Pts',(39.6772397781106,-363.958157597277,315.532528457727));
#3365=CARTESIAN_POINT('Ctrl Pts',(40.9682837782957,-363.306950844342,315.458422856066));
#3366=CARTESIAN_POINT('Ctrl Pts',(41.6082461517811,-363.327175382537,315.421370055235));
#3367=CARTESIAN_POINT('Ctrl Pts',(41.0841364711774,-366.986164681636,320.720629944765));
#3368=CARTESIAN_POINT('Ctrl Pts',(40.5071732939309,-366.832078116524,320.683577143934));
#3369=CARTESIAN_POINT('Ctrl Pts',(39.5293704487262,-365.903225908594,320.609471542273));
#3370=CARTESIAN_POINT('Ctrl Pts',(39.9036927585008,-363.906458679371,320.49831313978));
#3371=CARTESIAN_POINT('Ctrl Pts',(41.7864704844563,-363.142232448471,320.387154737288));
#3372=CARTESIAN_POINT('Ctrl Pts',(43.4489671772328,-364.308119741295,320.275996334795));
#3373=CARTESIAN_POINT('Ctrl Pts',(43.3710743024805,-366.337982244877,320.164837932303));
#3374=CARTESIAN_POINT('Ctrl Pts',(41.6231182965116,-367.372732523691,320.05367952981));
#3375=CARTESIAN_POINT('Ctrl Pts',(39.8060087700623,-366.465201593289,319.942521127318));
#3376=CARTESIAN_POINT('Ctrl Pts',(39.5833223474065,-364.446232901026,319.831362724825));
#3377=CARTESIAN_POINT('Ctrl Pts',(41.1590487903059,-363.164490717388,319.720204322333));
#3378=CARTESIAN_POINT('Ctrl Pts',(43.0903772488698,-363.793541049614,319.60904591984));
#3379=CARTESIAN_POINT('Ctrl Pts',(43.6089629396184,-365.757423631287,319.497887517348));
#3380=CARTESIAN_POINT('Ctrl Pts',(42.2399690639574,-367.257961846065,319.386729114855));
#3381=CARTESIAN_POINT('Ctrl Pts',(40.2368788935895,-366.921234135457,319.275570712363));
#3382=CARTESIAN_POINT('Ctrl Pts',(39.4337614323395,-365.05555431681,319.16441230987));
#3383=CARTESIAN_POINT('Ctrl Pts',(40.565968533835,-363.369177992865,319.053253907378));
#3384=CARTESIAN_POINT('Ctrl Pts',(42.5968275133962,-363.406186061988,318.942095504885));
#3385=CARTESIAN_POINT('Ctrl Pts',(43.666841970659,-365.132693270521,318.830937102393));
#3386=CARTESIAN_POINT('Ctrl Pts',(42.7962844058407,-366.967873782828,318.7197786999));
#3387=CARTESIAN_POINT('Ctrl Pts',(40.782255408831,-367.231398301156,318.608620297408));
#3388=CARTESIAN_POINT('Ctrl Pts',(39.4688416614308,-365.681978304166,318.497461894915));
#3389=CARTESIAN_POINT('Ctrl Pts',(40.0586320246719,-363.738294863852,318.386303492423));
#3390=CARTESIAN_POINT('Ctrl Pts',(42.0116022125067,-363.180024827222,318.27514508993));
#3391=CARTESIAN_POINT('Ctrl Pts',(43.5395722389151,-364.518331813278,318.163986687438));
#3392=CARTESIAN_POINT('Ctrl Pts',(43.2435010734752,-366.527834203028,318.052828284945));
#3393=CARTESIAN_POINT('Ctrl Pts',(41.3944776125547,-367.368589953227,317.941669882453));
#3394=CARTESIAN_POINT('Ctrl Pts',(39.6855060665196,-366.270785670482,317.83051147996));
#3395=CARTESIAN_POINT('Ctrl Pts',(39.681356206844,-364.239593713185,317.719353077468));
#3396=CARTESIAN_POINT('Ctrl Pts',(41.3858277350607,-363.134815541591,317.608194674975));
#3397=CARTESIAN_POINT('Ctrl Pts',(43.2382711787412,-363.968008952823,317.497036272482));
#3398=CARTESIAN_POINT('Ctrl Pts',(43.5425509403262,-365.976284783755,317.38587786999));
#3399=CARTESIAN_POINT('Ctrl Pts',(42.0200621205518,-367.320824063036,317.274719467498));
#3400=CARTESIAN_POINT('Ctrl Pts',(40.0648271348362,-366.770538734613,317.163561065005));
#3401=CARTESIAN_POINT('Ctrl Pts',(39.4670994654801,-364.829281497685,317.052402662512));
#3402=CARTESIAN_POINT('Ctrl Pts',(40.7741713968334,-363.274507620705,316.94124426002));
#3403=CARTESIAN_POINT('Ctrl Pts',(42.7892598119526,-363.529800513217,316.830085857527));
#3404=CARTESIAN_POINT('Ctrl Pts',(43.6673100897292,-365.361408242864,316.718927455035));
#3405=CARTESIAN_POINT('Ctrl Pts',(42.6043565941123,-367.092273858504,316.607769052542));
#3406=CARTESIAN_POINT('Ctrl Pts',(40.5736716344524,-367.137578714136,316.49661065005));
#3407=CARTESIAN_POINT('Ctrl Pts',(39.4345704517979,-365.455845874519,316.385452247557));
#3408=CARTESIAN_POINT('Ctrl Pts',(40.2300857642548,-363.586894507891,316.274293845065));
#3409=CARTESIAN_POINT('Ctrl Pts',(42.2317220040522,-363.242000633956,316.163135442572));
#3410=CARTESIAN_POINT('Ctrl Pts',(43.6069692098569,-364.736909815557,316.05197704008));
#3411=CARTESIAN_POINT('Ctrl Pts',(43.0961187587152,-366.702982270975,315.940818637587));
#3412=CARTESIAN_POINT('Ctrl Pts',(41.1680127164911,-367.339846089229,315.829660235095));
#3413=CARTESIAN_POINT('Ctrl Pts',(39.5856508408649,-366.065081565124,315.718501832602));
#3414=CARTESIAN_POINT('Ctrl Pts',(39.8031230436259,-364.045204737117,315.60734343011));
#3415=CARTESIAN_POINT('Ctrl Pts',(41.0072666273844,-363.437830834187,315.533237828448));
#3416=CARTESIAN_POINT('Ctrl Pts',(41.6041530121775,-363.456694054882,315.496185027617));
#3417=CARTESIAN_POINT('Ctrl Pts',(41.1175717912784,-366.860969155967,320.795444917148));
#3418=CARTESIAN_POINT('Ctrl Pts',(40.5822467882843,-366.718002682225,320.758392116317));
#3419=CARTESIAN_POINT('Ctrl Pts',(39.6750098420119,-365.856183712488,320.684286514655));
#3420=CARTESIAN_POINT('Ctrl Pts',(40.0223181270174,-364.00351881962,320.573128112163));
#3421=CARTESIAN_POINT('Ctrl Pts',(41.7692198904788,-363.294445129168,320.46196970967));
#3422=CARTESIAN_POINT('Ctrl Pts',(43.3117378225337,-364.376192878653,320.350811307178));
#3423=CARTESIAN_POINT('Ctrl Pts',(43.2394663066824,-366.259564632104,320.239652904685));
#3424=CARTESIAN_POINT('Ctrl Pts',(41.6176564736973,-367.219639239894,320.128494502193));
#3425=CARTESIAN_POINT('Ctrl Pts',(39.9316837789939,-366.377602837583,320.0173360997));
#3426=CARTESIAN_POINT('Ctrl Pts',(39.7250681498235,-364.504338712845,319.906177697208));
#3427=CARTESIAN_POINT('Ctrl Pts',(41.1870778517052,-363.315097067358,319.795019294715));
#3428=CARTESIAN_POINT('Ctrl Pts',(42.9790265472827,-363.89875020895,319.683860892223));
#3429=CARTESIAN_POINT('Ctrl Pts',(43.4601870396689,-365.720903667566,319.57270248973));
#3430=CARTESIAN_POINT('Ctrl Pts',(42.1899904664933,-367.113151311778,319.461544087238));
#3431=CARTESIAN_POINT('Ctrl Pts',(40.3314589453538,-366.800724505704,319.350385684745));
#3432=CARTESIAN_POINT('Ctrl Pts',(39.5863007198323,-365.069686730868,319.239227282253));
#3433=CARTESIAN_POINT('Ctrl Pts',(40.636798903946,-363.505012508549,319.12806887976));
#3434=CARTESIAN_POINT('Ctrl Pts',(42.521095219878,-363.539349786031,319.016910477268));
#3435=CARTESIAN_POINT('Ctrl Pts',(43.5138890672628,-365.141258734516,318.905752074775));
#3436=CARTESIAN_POINT('Ctrl Pts',(42.7061577433732,-366.843998271437,318.794593672283));
#3437=CARTESIAN_POINT('Ctrl Pts',(40.8374768268551,-367.088504799975,318.68343526979));
#3438=CARTESIAN_POINT('Ctrl Pts',(39.6188492852935,-365.650903065171,318.572276867297));
#3439=CARTESIAN_POINT('Ctrl Pts',(40.1660757642426,-363.847491019933,318.461118464805));
#3440=CARTESIAN_POINT('Ctrl Pts',(41.9781043526862,-363.329510114363,318.349960062313));
#3441=CARTESIAN_POINT('Ctrl Pts',(43.3958041145072,-364.571234403834,318.23880165982));
#3442=CARTESIAN_POINT('Ctrl Pts',(43.121099759401,-366.435715388466,318.127643257328));
#3443=CARTESIAN_POINT('Ctrl Pts',(41.4055162892787,-367.215795629706,318.016484854835));
#3444=CARTESIAN_POINT('Ctrl Pts',(39.8198774927719,-366.197217487939,317.905326452343));
#3445=CARTESIAN_POINT('Ctrl Pts',(39.816027119419,-364.312612224549,317.79416804985));
#3446=CARTESIAN_POINT('Ctrl Pts',(41.3974906545797,-363.287563484283,317.683009647357));
#3447=CARTESIAN_POINT('Ctrl Pts',(43.1162472947645,-364.060627144066,317.571851244865));
#3448=CARTESIAN_POINT('Ctrl Pts',(43.3985678495335,-365.923970087956,317.460692842373));
#3449=CARTESIAN_POINT('Ctrl Pts',(41.9859537276172,-367.171476899641,317.34953443988));
#3450=CARTESIAN_POINT('Ctrl Pts',(40.1718237868167,-366.6609044633,317.238376037388));
#3451=CARTESIAN_POINT('Ctrl Pts',(39.6172328198252,-364.859743527641,317.127217634895));
#3452=CARTESIAN_POINT('Ctrl Pts',(40.8299762203735,-363.41717429069,317.016059232403));
#3453=CARTESIAN_POINT('Ctrl Pts',(42.6996400991067,-363.654043251896,316.90490082991));
#3454=CARTESIAN_POINT('Ctrl Pts',(43.5143234032005,-365.35346784609,316.793742427417));
#3455=CARTESIAN_POINT('Ctrl Pts',(42.5280809432584,-366.959420664945,316.682584024925));
#3456=CARTESIAN_POINT('Ctrl Pts',(40.6439460885909,-367.001455967948,316.571425622433));
#3457=CARTESIAN_POINT('Ctrl Pts',(39.5870513541208,-365.441090119819,316.46026721994));
#3458=CARTESIAN_POINT('Ctrl Pts',(40.3251560613486,-363.707016897485,316.349108817448));
#3459=CARTESIAN_POINT('Ctrl Pts',(42.1823385789163,-363.387013262282,316.237950414955));
#3460=CARTESIAN_POINT('Ctrl Pts',(43.4583371930363,-364.774038108366,316.126792012462));
#3461=CARTESIAN_POINT('Ctrl Pts',(42.9843537048837,-366.598223402315,316.01563360997));
#3462=CARTESIAN_POINT('Ctrl Pts',(41.1953948708862,-367.189126147687,315.904475207477));
#3463=CARTESIAN_POINT('Ctrl Pts',(39.727228600987,-366.006358599263,315.793316804985));
#3464=CARTESIAN_POINT('Ctrl Pts',(39.9290063091412,-364.132251876958,315.682158402492));
#3465=CARTESIAN_POINT('Ctrl Pts',(41.046249476473,-363.568710824033,315.608052800831));
#3466=CARTESIAN_POINT('Ctrl Pts',(41.6000598725738,-363.586212727227,315.571));
#3467=CARTESIAN_POINT('Ctrl Pts',(41.6000598725738,-363.586212727227,315.571));
#3468=CARTESIAN_POINT('Ctrl Pts',(41.5387939450404,-363.577147224792,315.571));
#3469=CARTESIAN_POINT('Ctrl Pts',(41.4772202365999,-363.571822073862,315.571));
#3470=CARTESIAN_POINT('Ctrl Pts',(41.4156071699596,-363.570019225897,315.571));
#3471=CARTESIAN_POINT('Ctrl Pts',(41.3498404131836,-363.568094837612,315.571));
#3472=CARTESIAN_POINT('Ctrl Pts',(41.284028183444,-363.570183247337,315.571));
#3473=CARTESIAN_POINT('Ctrl Pts',(41.2184720663555,-363.57607620223,315.571));
#3474=CARTESIAN_POINT('Ctrl Pts',(41.161110463903,-363.581232537762,315.571));
#3475=CARTESIAN_POINT('Ctrl Pts',(41.1039441387765,-363.589302690101,315.571));
#3476=CARTESIAN_POINT('Ctrl Pts',(41.0471678280039,-363.600182376149,315.571));
#3477=CARTESIAN_POINT('Ctrl Pts',(41.0186936587934,-363.60563870146,315.571));
#3478=CARTESIAN_POINT('Ctrl Pts',(40.9903175313642,-363.611802178454,315.571));
#3479=CARTESIAN_POINT('Ctrl Pts',(40.9620640290137,-363.618662637933,315.571));
#3480=CARTESIAN_POINT('Ctrl Pts',(40.9491408708119,-363.62180061361,315.571));
#3481=CARTESIAN_POINT('Ctrl Pts',(40.9362416769864,-363.625085011639,315.571));
#3482=CARTESIAN_POINT('Ctrl Pts',(40.9233897409646,-363.628509045353,315.571));
#3483=CARTESIAN_POINT('Ctrl Pts',(40.858685737337,-363.645747591319,315.571));
#3484=CARTESIAN_POINT('Ctrl Pts',(40.7950621757888,-363.666548650313,315.571));
#3485=CARTESIAN_POINT('Ctrl Pts',(40.7328132367446,-363.6907053456,315.571));
#3486=CARTESIAN_POINT('Ctrl Pts',(40.6694387019761,-363.715298846291,315.571));
#3487=CARTESIAN_POINT('Ctrl Pts',(40.6074879475601,-363.74337052596,315.571));
#3488=CARTESIAN_POINT('Ctrl Pts',(40.5472673455118,-363.774755625619,315.571));
#3489=CARTESIAN_POINT('Ctrl Pts',(40.4968382575396,-363.801037693514,315.571));
#3490=CARTESIAN_POINT('Ctrl Pts',(40.4476220436613,-363.829644313777,315.571));
#3491=CARTESIAN_POINT('Ctrl Pts',(40.3998044946208,-363.860505899523,315.571));
#3492=CARTESIAN_POINT('Ctrl Pts',(40.3777844893082,-363.874717675236,315.571));
#3493=CARTESIAN_POINT('Ctrl Pts',(40.3560612066923,-363.889407974053,315.571));
#3494=CARTESIAN_POINT('Ctrl Pts',(40.3346536019261,-363.904571662463,315.571));
#3495=CARTESIAN_POINT('Ctrl Pts',(40.3253075986933,-363.911191734277,315.571));
#3496=CARTESIAN_POINT('Ctrl Pts',(40.31602199885,-363.917901993949,315.571));
#3497=CARTESIAN_POINT('Ctrl Pts',(40.3068096300623,-363.924693461526,315.571));
#3498=CARTESIAN_POINT('Ctrl Pts',(40.2502884433029,-363.966361551041,315.571));
#3499=CARTESIAN_POINT('Ctrl Pts',(40.1964135694861,-364.011159028527,315.571));
#3500=CARTESIAN_POINT('Ctrl Pts',(40.1455015613444,-364.058900956156,315.571));
#3501=CARTESIAN_POINT('Ctrl Pts',(40.0998925955269,-364.101670040009,315.571));
#3502=CARTESIAN_POINT('Ctrl Pts',(40.0566608670701,-364.146802998409,315.571));
#3503=CARTESIAN_POINT('Ctrl Pts',(40.0160452093208,-364.194200577394,315.571));
#3504=CARTESIAN_POINT('Ctrl Pts',(39.9718678902988,-364.245754536722,315.571));
#3505=CARTESIAN_POINT('Ctrl Pts',(39.9307842481542,-364.299987396536,315.571));
#3506=CARTESIAN_POINT('Ctrl Pts',(39.8928081477428,-364.356575635139,315.571));
#3507=CARTESIAN_POINT('Ctrl Pts',(39.8782057632321,-364.378334668055,315.571));
#3508=CARTESIAN_POINT('Ctrl Pts',(39.8640632155233,-364.400442348281,315.571));
#3509=CARTESIAN_POINT('Ctrl Pts',(39.8503827806396,-364.422881633957,315.571));
#3510=CARTESIAN_POINT('Ctrl Pts',(39.8443745684008,-364.432736583158,315.571));
#3511=CARTESIAN_POINT('Ctrl Pts',(39.83845593461,-364.44265494963,315.571));
#3512=CARTESIAN_POINT('Ctrl Pts',(39.8326335984657,-364.452623670097,315.571));
#3513=CARTESIAN_POINT('Ctrl Pts',(39.7973522973667,-364.513030596057,315.571));
#3514=CARTESIAN_POINT('Ctrl Pts',(39.7655378361605,-364.575390603598,315.571));
#3515=CARTESIAN_POINT('Ctrl Pts',(39.7371659956511,-364.639324234489,315.571));
#3516=CARTESIAN_POINT('Ctrl Pts',(39.7081425691108,-364.704726161411,315.571));
#3517=CARTESIAN_POINT('Ctrl Pts',(39.6827212540907,-364.771775567672,315.571));
#3518=CARTESIAN_POINT('Ctrl Pts',(39.6609140961393,-364.840107711055,315.571));
#3519=CARTESIAN_POINT('Ctrl Pts',(39.644291471821,-364.89219425763,315.571));
#3520=CARTESIAN_POINT('Ctrl Pts',(39.6297695318762,-364.945027081978,315.571));
#3521=CARTESIAN_POINT('Ctrl Pts',(39.6173703487091,-364.998455928661,315.571));
#3522=CARTESIAN_POINT('Ctrl Pts',(39.6096554173164,-365.031700044906,315.571));
#3523=CARTESIAN_POINT('Ctrl Pts',(39.6027626019387,-365.065175083492,315.571));
#3524=CARTESIAN_POINT('Ctrl Pts',(39.5967002978327,-365.098846046391,315.571));
#3525=CARTESIAN_POINT('Ctrl Pts',(39.5932345026141,-365.118095602365,315.571));
#3526=CARTESIAN_POINT('Ctrl Pts',(39.5900393454513,-365.137415839259,315.571));
#3527=CARTESIAN_POINT('Ctrl Pts',(39.5871216727113,-365.156764693448,315.571));
#3528=CARTESIAN_POINT('Ctrl Pts',(39.5759743991697,-365.230689012443,315.571));
#3529=CARTESIAN_POINT('Ctrl Pts',(39.5688579545347,-365.305102260945,315.571));
#3530=CARTESIAN_POINT('Ctrl Pts',(39.5658006908861,-365.379619025954,315.571));
#3531=CARTESIAN_POINT('Ctrl Pts',(39.5635120103946,-365.435402591247,315.571));
#3532=CARTESIAN_POINT('Ctrl Pts',(39.5634990044812,-365.491244947032,315.571));
#3533=CARTESIAN_POINT('Ctrl Pts',(39.5657914783594,-365.546991144821,315.571));
#3534=CARTESIAN_POINT('Ctrl Pts',(39.5665004272456,-365.564230689056,315.571));
#3535=CARTESIAN_POINT('Ctrl Pts',(39.5674299789403,-365.581461061078,315.571));
#3536=CARTESIAN_POINT('Ctrl Pts',(39.5685813328171,-365.598677724007,315.571));
#3537=CARTESIAN_POINT('Ctrl Pts',(39.5697034953847,-365.615457877414,315.571));
#3538=CARTESIAN_POINT('Ctrl Pts',(39.5710358395564,-365.632216493087,315.571));
#3539=CARTESIAN_POINT('Ctrl Pts',(39.5725782486493,-365.648943266527,315.571));
#3540=CARTESIAN_POINT('Ctrl Pts',(39.5794911198225,-365.723910426969,315.571));
#3541=CARTESIAN_POINT('Ctrl Pts',(39.5906221714325,-365.798275460144,315.571));
#3542=CARTESIAN_POINT('Ctrl Pts',(39.6060263890033,-365.871661965552,315.571));
#3543=CARTESIAN_POINT('Ctrl Pts',(39.6178680708163,-365.92807636261,315.571));
#3544=CARTESIAN_POINT('Ctrl Pts',(39.6322358800699,-365.983913016229,315.571));
#3545=CARTESIAN_POINT('Ctrl Pts',(39.6491757596369,-366.039002290691,315.571));
#3546=CARTESIAN_POINT('Ctrl Pts',(39.6530157701431,-366.051490183056,315.571));
#3547=CARTESIAN_POINT('Ctrl Pts',(39.656988026428,-366.063939663552,315.571));
#3548=CARTESIAN_POINT('Ctrl Pts',(39.661090973481,-366.076349657434,315.571));
#3549=CARTESIAN_POINT('Ctrl Pts',(39.8833975218881,-365.250445591749,319.94951963661));
#3550=CARTESIAN_POINT('Ctrl Pts',(39.8822886332167,-365.033709966149,319.935072323476));
#3551=CARTESIAN_POINT('Ctrl Pts',(39.921590274098,-364.817360162257,319.920625010342));
#3552=CARTESIAN_POINT('Ctrl Pts',(40.0031723716655,-364.618342459387,319.906177697208));
#3553=CARTESIAN_POINT('Ctrl Pts',(40.2124047171174,-364.107924831016,319.869124896377));
#3554=CARTESIAN_POINT('Ctrl Pts',(40.6997412844113,-363.711510949187,319.832072095546));
#3555=CARTESIAN_POINT('Ctrl Pts',(41.2420676839878,-363.610579531871,319.795019294715));
#3556=CARTESIAN_POINT('Ctrl Pts',(41.7843940835644,-363.509648114555,319.757966493884));
#3557=CARTESIAN_POINT('Ctrl Pts',(42.3817103154235,-363.704199161753,319.720913693053));
#3558=CARTESIAN_POINT('Ctrl Pts',(42.7605618467508,-364.105166928454,319.683860892223));
#3559=CARTESIAN_POINT('Ctrl Pts',(43.1394133780781,-364.506134695155,319.646808091392));
#3560=CARTESIAN_POINT('Ctrl Pts',(43.2998002088735,-365.113519181361,319.609755290561));
#3561=CARTESIAN_POINT('Ctrl Pts',(43.1682941954086,-365.649252698499,319.57270248973));
#3562=CARTESIAN_POINT('Ctrl Pts',(43.0367881819437,-366.184986215637,319.535649688899));
#3563=CARTESIAN_POINT('Ctrl Pts',(42.6133893242185,-366.649068763707,319.498596888068));
#3564=CARTESIAN_POINT('Ctrl Pts',(42.0919346418326,-366.829038903397,319.461544087238));
#3565=CARTESIAN_POINT('Ctrl Pts',(41.5704799594468,-367.009009043087,319.424491286407));
#3566=CARTESIAN_POINT('Ctrl Pts',(40.9509694524003,-366.904866774395,319.387438485576));
#3567=CARTESIAN_POINT('Ctrl Pts',(40.5170211612901,-366.564289344244,319.350385684745));
#3568=CARTESIAN_POINT('Ctrl Pts',(40.1232529149158,-366.255246584604,319.3167636687));
#3569=CARTESIAN_POINT('Ctrl Pts',(39.8822746816926,-365.751525553601,319.283141652655));
#3570=CARTESIAN_POINT('Ctrl Pts',(39.8790478302593,-365.25049535186,319.24951963661));
#3571=CARTESIAN_POINT('Origin',(41.5474360481644,-365.251381407302,311.571));
#3572=CARTESIAN_POINT('Origin',(44.9641764323162,-374.16332083605,320.571));
#3573=CARTESIAN_POINT('',(44.9641764323162,-374.16332083605,315.571));
#3574=CARTESIAN_POINT('',(44.9641764323162,-374.16332083605,315.571));
#3575=CARTESIAN_POINT('',(45.0382400377084,-355.405467052039,315.571));
#3576=CARTESIAN_POINT('',(44.9641764323162,-374.16332083605,315.571));
#3577=CARTESIAN_POINT('',(45.0382400377084,-355.405467052039,315.571));
#3578=CARTESIAN_POINT('Origin',(20.9643635089621,-374.068559852501,315.571));
#3579=CARTESIAN_POINT('',(20.9643635089621,-374.068559852501,315.571));
#3580=CARTESIAN_POINT('',(20.9643635089621,-374.068559852501,315.571));
#3581=CARTESIAN_POINT('',(21.0384271143542,-355.31070606849,315.571));
#3582=CARTESIAN_POINT('',(21.0384271143542,-355.31070606849,315.571));
#3583=CARTESIAN_POINT('',(20.9643635089621,-374.068559852501,315.571));
#3584=CARTESIAN_POINT('Origin',(44.9641764323162,-374.16332083605,315.571));
#3585=CARTESIAN_POINT('',(-0.0354727989727976,-373.985643991896,315.571));
#3586=CARTESIAN_POINT('',(0.0385908064193785,-355.227790207884,315.571));
#3587=CARTESIAN_POINT('Origin',(33.9779780040769,-374.119942874237,315.571));
#3588=CARTESIAN_POINT('Origin',(34.0520416094691,-355.362089090225,315.571));
#3589=UNCERTAINTY_MEASURE_WITH_UNIT(LENGTH_MEASURE(0.01),#3593,
'DISTANCE_ACCURACY_VALUE',
'Maximum model space distance between geometric entities at asserted c
onnectivities');
#3590=UNCERTAINTY_MEASURE_WITH_UNIT(LENGTH_MEASURE(0.01),#3593,
'DISTANCE_ACCURACY_VALUE',
'Maximum model space distance between geometric entities at asserted c
onnectivities');
#3591=(
GEOMETRIC_REPRESENTATION_CONTEXT(3)
GLOBAL_UNCERTAINTY_ASSIGNED_CONTEXT((#3589))
GLOBAL_UNIT_ASSIGNED_CONTEXT((#3593,#3595,#3596))
REPRESENTATION_CONTEXT('','3D')
);
#3592=(
GEOMETRIC_REPRESENTATION_CONTEXT(3)
GLOBAL_UNCERTAINTY_ASSIGNED_CONTEXT((#3590))
GLOBAL_UNIT_ASSIGNED_CONTEXT((#3593,#3595,#3596))
REPRESENTATION_CONTEXT('','3D')
);
#3593=(
LENGTH_UNIT()
NAMED_UNIT(*)
SI_UNIT(.MILLI.,.METRE.)
);
#3594=(
LENGTH_UNIT()
NAMED_UNIT(*)
SI_UNIT($,.METRE.)
);
#3595=(
NAMED_UNIT(*)
PLANE_ANGLE_UNIT()
SI_UNIT($,.RADIAN.)
);
#3596=(
NAMED_UNIT(*)
SI_UNIT($,.STERADIAN.)
SOLID_ANGLE_UNIT()
);
#3597=SHAPE_DEFINITION_REPRESENTATION(#3598,#3599);
#3598=PRODUCT_DEFINITION_SHAPE('',$,#3601);
#3599=SHAPE_REPRESENTATION('',(#804),#3591);
#3600=PRODUCT_DEFINITION_CONTEXT('part definition',#3605,'design');
#3601=PRODUCT_DEFINITION('Top Screw 2','Top Screw 2',#3602,#3600);
#3602=PRODUCT_DEFINITION_FORMATION('',$,#3607);
#3603=PRODUCT_RELATED_PRODUCT_CATEGORY('Top Screw 2','Top Screw 2',(#3607));
#3604=APPLICATION_PROTOCOL_DEFINITION('international standard',
'automotive_design',2009,#3605);
#3605=APPLICATION_CONTEXT(
'Core Data for Automotive Mechanical Design Process');
#3606=PRODUCT_CONTEXT('part definition',#3605,'mechanical');
#3607=PRODUCT('Top Screw 2','Top Screw 2',$,(#3606));
#3608=PRESENTATION_STYLE_ASSIGNMENT((#3609));
#3609=SURFACE_STYLE_USAGE(.BOTH.,#3610);
#3610=SURFACE_SIDE_STYLE('',(#3611));
#3611=SURFACE_STYLE_FILL_AREA(#3612);
#3612=FILL_AREA_STYLE('Steel - Satin',(#3613));
#3613=FILL_AREA_STYLE_COLOUR('Steel - Satin',#3614);
#3614=COLOUR_RGB('Steel - Satin',0.627450980392157,0.627450980392157,0.627450980392157);
ENDSEC;
END-ISO-10303-21;
