ISO-10303-21;
HEADER;
/* Generated by software containing ST-Developer
 * from STEP Tools, Inc. (www.steptools.com) 
 */

FILE_DESCRIPTION(
/* description */ (''),
/* implementation_level */ '2;1');

FILE_NAME(
/* name */ 'Top Screw.step',
/* time_stamp */ '2026-04-07T11:52:39+05:30',
/* author */ (''),
/* organization */ (''),
/* preprocessor_version */ 'ST-DEVELOPER v20.1',
/* originating_system */ 'Autodesk Translation Framework v14.24.0.0',
/* authorisation */ '');

FILE_SCHEMA (('AUTOMOTIVE_DESIGN { 1 0 10303 214 3 1 1 }'));
ENDSEC;

DATA;
#10=MECHANICAL_DESIGN_GEOMETRIC_PRESENTATION_REPRESENTATION('',(#13),#3595);
#11=SHAPE_REPRESENTATION_RELATIONSHIP('SRR','None',#3602,#12);
#12=ADVANCED_BREP_SHAPE_REPRESENTATION('',(#14),#3594);
#13=STYLED_ITEM('',(#3611),#14);
#14=MANIFOLD_SOLID_BREP('Top Screw',#791);
#15=FACE_BOUND('',#103,.T.);
#16=FACE_BOUND('',#104,.T.);
#17=FACE_BOUND('',#115,.T.);
#18=FACE_BOUND('',#116,.T.);
#19=PLANE('',#842);
#20=PLANE('',#846);
#21=PLANE('',#847);
#22=PLANE('',#848);
#23=PLANE('',#849);
#24=PLANE('',#850);
#25=B_SPLINE_SURFACE_WITH_KNOTS('',3,3,((#1968,#1969,#1970,#1971,#1972,
#1973,#1974,#1975,#1976,#1977,#1978,#1979,#1980,#1981,#1982,#1983,#1984,
#1985,#1986,#1987,#1988,#1989,#1990,#1991,#1992,#1993,#1994,#1995,#1996,
#1997,#1998,#1999,#2000,#2001,#2002,#2003,#2004,#2005,#2006,#2007,#2008,
#2009,#2010,#2011,#2012,#2013,#2014,#2015,#2016,#2017),(#2018,#2019,#2020,
#2021,#2022,#2023,#2024,#2025,#2026,#2027,#2028,#2029,#2030,#2031,#2032,
#2033,#2034,#2035,#2036,#2037,#2038,#2039,#2040,#2041,#2042,#2043,#2044,
#2045,#2046,#2047,#2048,#2049,#2050,#2051,#2052,#2053,#2054,#2055,#2056,
#2057,#2058,#2059,#2060,#2061,#2062,#2063,#2064,#2065,#2066,#2067),(#2068,
#2069,#2070,#2071,#2072,#2073,#2074,#2075,#2076,#2077,#2078,#2079,#2080,
#2081,#2082,#2083,#2084,#2085,#2086,#2087,#2088,#2089,#2090,#2091,#2092,
#2093,#2094,#2095,#2096,#2097,#2098,#2099,#2100,#2101,#2102,#2103,#2104,
#2105,#2106,#2107,#2108,#2109,#2110,#2111,#2112,#2113,#2114,#2115,#2116,
#2117),(#2118,#2119,#2120,#2121,#2122,#2123,#2124,#2125,#2126,#2127,#2128,
#2129,#2130,#2131,#2132,#2133,#2134,#2135,#2136,#2137,#2138,#2139,#2140,
#2141,#2142,#2143,#2144,#2145,#2146,#2147,#2148,#2149,#2150,#2151,#2152,
#2153,#2154,#2155,#2156,#2157,#2158,#2159,#2160,#2161,#2162,#2163,#2164,
#2165,#2166,#2167)),.UNSPECIFIED.,.F.,.F.,.F.,(4,4),(4,1,1,1,1,1,1,1,1,
1,1,1,1,1,1,1,1,1,1,1,1,1,1,1,1,1,1,1,1,1,1,1,1,1,1,1,1,1,1,1,1,1,1,1,1,
1,1,4),(0.,0.0448889834294927),(11.8615800042571,12.8593354918434,13.8570909794298,
14.8548464670161,15.8526019546024,16.8503574421887,17.8481129297751,18.8458684173614,
19.8436239049477,20.841379392534,21.8391348801204,22.8368903677067,23.834645855293,
24.8324013428793,25.8301568304657,26.827912318052,27.8256678056383,28.8234232932246,
29.821178780811,30.8189342683973,31.8166897559836,32.8144452435699,33.8122007311563,
34.8099562187426,35.8077117063289,36.8054671939152,37.8032226815016,38.8009781690879,
39.7987336566742,40.7964891442605,41.7942446318469,42.7920001194332,43.7897556070195,
44.7875110946059,45.7852665821922,46.7830220697785,47.7807775573648,48.7785330449512,
49.7762885325375,50.7740440201238,51.7717995077101,52.7695549952965,53.7673104828828,
54.7650659704691,55.7628214580554,56.7605769456418,57.7583324332281,58.7560879208144),
 .UNSPECIFIED.);
#26=B_SPLINE_SURFACE_WITH_KNOTS('',3,3,((#2363,#2364,#2365,#2366,#2367,
#2368,#2369,#2370,#2371,#2372,#2373,#2374,#2375,#2376,#2377,#2378,#2379,
#2380,#2381,#2382,#2383,#2384,#2385,#2386,#2387,#2388,#2389,#2390,#2391,
#2392,#2393,#2394,#2395,#2396,#2397,#2398,#2399,#2400,#2401,#2402,#2403,
#2404,#2405,#2406,#2407,#2408,#2409,#2410,#2411,#2412),(#2413,#2414,#2415,
#2416,#2417,#2418,#2419,#2420,#2421,#2422,#2423,#2424,#2425,#2426,#2427,
#2428,#2429,#2430,#2431,#2432,#2433,#2434,#2435,#2436,#2437,#2438,#2439,
#2440,#2441,#2442,#2443,#2444,#2445,#2446,#2447,#2448,#2449,#2450,#2451,
#2452,#2453,#2454,#2455,#2456,#2457,#2458,#2459,#2460,#2461,#2462),(#2463,
#2464,#2465,#2466,#2467,#2468,#2469,#2470,#2471,#2472,#2473,#2474,#2475,
#2476,#2477,#2478,#2479,#2480,#2481,#2482,#2483,#2484,#2485,#2486,#2487,
#2488,#2489,#2490,#2491,#2492,#2493,#2494,#2495,#2496,#2497,#2498,#2499,
#2500,#2501,#2502,#2503,#2504,#2505,#2506,#2507,#2508,#2509,#2510,#2511,
#2512),(#2513,#2514,#2515,#2516,#2517,#2518,#2519,#2520,#2521,#2522,#2523,
#2524,#2525,#2526,#2527,#2528,#2529,#2530,#2531,#2532,#2533,#2534,#2535,
#2536,#2537,#2538,#2539,#2540,#2541,#2542,#2543,#2544,#2545,#2546,#2547,
#2548,#2549,#2550,#2551,#2552,#2553,#2554,#2555,#2556,#2557,#2558,#2559,
#2560,#2561,#2562)),.UNSPECIFIED.,.F.,.F.,.F.,(4,4),(4,1,1,1,1,1,1,1,1,
1,1,1,1,1,1,1,1,1,1,1,1,1,1,1,1,1,1,1,1,1,1,1,1,1,1,1,1,1,1,1,1,1,1,1,1,
1,1,4),(0.,0.0448889834294927),(14.3981410127764,15.3958965003627,16.393651987949,
17.3914074755354,18.3891629631217,19.386918450708,20.3846739382944,21.3824294258807,
22.380184913467,23.3779404010534,24.3756958886397,25.373451376226,26.3712068638124,
27.3689623513987,28.366717838985,29.3644733265713,30.3622288141577,31.359984301744,
32.3577397893303,33.3554952769167,34.353250764503,35.3510062520893,36.3487617396757,
37.346517227262,38.3442727148483,39.3420282024347,40.339783690021,41.3375391776073,
42.3352946651937,43.33305015278,44.3308056403663,45.3285611279526,46.326316615539,
47.3240721031253,48.3218275907116,49.319583078298,50.3173385658843,51.3150940534706,
52.312849541057,53.3106050286433,54.3083605162296,55.306116003816,56.3038714914023,
57.3016269789886,58.2993824665749,59.2971379541613,60.2948934417476,61.2926489293339),
 .UNSPECIFIED.);
#27=B_SPLINE_SURFACE_WITH_KNOTS('',3,3,((#2957,#2958,#2959,#2960,#2961,
#2962,#2963,#2964,#2965,#2966,#2967,#2968,#2969,#2970,#2971,#2972,#2973,
#2974,#2975,#2976,#2977,#2978,#2979,#2980,#2981,#2982,#2983,#2984,#2985,
#2986,#2987,#2988,#2989,#2990,#2991,#2992,#2993,#2994,#2995,#2996,#2997,
#2998,#2999,#3000,#3001,#3002,#3003,#3004,#3005,#3006),(#3007,#3008,#3009,
#3010,#3011,#3012,#3013,#3014,#3015,#3016,#3017,#3018,#3019,#3020,#3021,
#3022,#3023,#3024,#3025,#3026,#3027,#3028,#3029,#3030,#3031,#3032,#3033,
#3034,#3035,#3036,#3037,#3038,#3039,#3040,#3041,#3042,#3043,#3044,#3045,
#3046,#3047,#3048,#3049,#3050,#3051,#3052,#3053,#3054,#3055,#3056),(#3057,
#3058,#3059,#3060,#3061,#3062,#3063,#3064,#3065,#3066,#3067,#3068,#3069,
#3070,#3071,#3072,#3073,#3074,#3075,#3076,#3077,#3078,#3079,#3080,#3081,
#3082,#3083,#3084,#3085,#3086,#3087,#3088,#3089,#3090,#3091,#3092,#3093,
#3094,#3095,#3096,#3097,#3098,#3099,#3100,#3101,#3102,#3103,#3104,#3105,
#3106),(#3107,#3108,#3109,#3110,#3111,#3112,#3113,#3114,#3115,#3116,#3117,
#3118,#3119,#3120,#3121,#3122,#3123,#3124,#3125,#3126,#3127,#3128,#3129,
#3130,#3131,#3132,#3133,#3134,#3135,#3136,#3137,#3138,#3139,#3140,#3141,
#3142,#3143,#3144,#3145,#3146,#3147,#3148,#3149,#3150,#3151,#3152,#3153,
#3154,#3155,#3156)),.UNSPECIFIED.,.F.,.F.,.F.,(4,4),(4,1,1,1,1,1,1,1,1,
1,1,1,1,1,1,1,1,1,1,1,1,1,1,1,1,1,1,1,1,1,1,1,1,1,1,1,1,1,1,1,1,1,1,1,1,
1,1,4),(0.,0.0448889834294927),(11.8615800042571,12.8593354918434,13.8570909794297,
14.8548464670161,15.8526019546024,16.8503574421887,17.848112929775,18.8458684173613,
19.8436239049477,20.841379392534,21.8391348801203,22.8368903677066,23.8346458552929,
24.8324013428793,25.8301568304656,26.8279123180519,27.8256678056382,28.8234232932245,
29.8211787808108,30.8189342683972,31.8166897559835,32.8144452435698,33.8122007311561,
34.8099562187424,35.8077117063288,36.8054671939151,37.8032226815014,38.8009781690877,
39.798733656674,40.7964891442604,41.7942446318467,42.792000119433,43.7897556070193,
44.7875110946056,45.785266582192,46.7830220697783,47.7807775573646,48.7785330449509,
49.7762885325372,50.7740440201235,51.7717995077099,52.7695549952962,53.7673104828825,
54.7650659704688,55.7628214580551,56.7605769456415,57.7583324332278,58.7560879208141),
 .UNSPECIFIED.);
#28=B_SPLINE_SURFACE_WITH_KNOTS('',3,3,((#3270,#3271,#3272,#3273,#3274,
#3275,#3276,#3277,#3278,#3279,#3280,#3281,#3282,#3283,#3284,#3285,#3286,
#3287,#3288,#3289,#3290,#3291,#3292,#3293,#3294,#3295,#3296,#3297,#3298,
#3299,#3300,#3301,#3302,#3303,#3304,#3305,#3306,#3307,#3308,#3309,#3310,
#3311,#3312,#3313,#3314,#3315,#3316,#3317,#3318,#3319),(#3320,#3321,#3322,
#3323,#3324,#3325,#3326,#3327,#3328,#3329,#3330,#3331,#3332,#3333,#3334,
#3335,#3336,#3337,#3338,#3339,#3340,#3341,#3342,#3343,#3344,#3345,#3346,
#3347,#3348,#3349,#3350,#3351,#3352,#3353,#3354,#3355,#3356,#3357,#3358,
#3359,#3360,#3361,#3362,#3363,#3364,#3365,#3366,#3367,#3368,#3369),(#3370,
#3371,#3372,#3373,#3374,#3375,#3376,#3377,#3378,#3379,#3380,#3381,#3382,
#3383,#3384,#3385,#3386,#3387,#3388,#3389,#3390,#3391,#3392,#3393,#3394,
#3395,#3396,#3397,#3398,#3399,#3400,#3401,#3402,#3403,#3404,#3405,#3406,
#3407,#3408,#3409,#3410,#3411,#3412,#3413,#3414,#3415,#3416,#3417,#3418,
#3419),(#3420,#3421,#3422,#3423,#3424,#3425,#3426,#3427,#3428,#3429,#3430,
#3431,#3432,#3433,#3434,#3435,#3436,#3437,#3438,#3439,#3440,#3441,#3442,
#3443,#3444,#3445,#3446,#3447,#3448,#3449,#3450,#3451,#3452,#3453,#3454,
#3455,#3456,#3457,#3458,#3459,#3460,#3461,#3462,#3463,#3464,#3465,#3466,
#3467,#3468,#3469)),.UNSPECIFIED.,.F.,.F.,.F.,(4,4),(4,1,1,1,1,1,1,1,1,
1,1,1,1,1,1,1,1,1,1,1,1,1,1,1,1,1,1,1,1,1,1,1,1,1,1,1,1,1,1,1,1,1,1,1,1,
1,1,4),(0.,0.0448889834294927),(14.3981410127764,15.3958965003627,16.393651987949,
17.3914074755354,18.3891629631217,19.386918450708,20.3846739382943,21.3824294258807,
22.380184913467,23.3779404010533,24.3756958886396,25.373451376226,26.3712068638123,
27.3689623513986,28.3667178389849,29.3644733265713,30.3622288141576,31.3599843017439,
32.3577397893302,33.3554952769165,34.3532507645029,35.3510062520892,36.3487617396755,
37.3465172272618,38.3442727148482,39.3420282024345,40.3397836900208,41.3375391776071,
42.3352946651935,43.3330501527798,44.3308056403661,45.3285611279524,46.3263166155388,
47.3240721031251,48.3218275907114,49.3195830782977,50.3173385658841,51.3150940534704,
52.3128495410567,53.310605028643,54.3083605162294,55.3061160038157,56.303871491402,
57.3016269789883,58.2993824665747,59.297137954161,60.2948934417473,61.2926489293336),
 .UNSPECIFIED.);
#29=FACE_OUTER_BOUND('',#71,.T.);
#30=FACE_OUTER_BOUND('',#72,.T.);
#31=FACE_OUTER_BOUND('',#73,.T.);
#32=FACE_OUTER_BOUND('',#74,.T.);
#33=FACE_OUTER_BOUND('',#75,.T.);
#34=FACE_OUTER_BOUND('',#76,.T.);
#35=FACE_OUTER_BOUND('',#77,.T.);
#36=FACE_OUTER_BOUND('',#78,.T.);
#37=FACE_OUTER_BOUND('',#79,.T.);
#38=FACE_OUTER_BOUND('',#80,.T.);
#39=FACE_OUTER_BOUND('',#81,.T.);
#40=FACE_OUTER_BOUND('',#82,.T.);
#41=FACE_OUTER_BOUND('',#83,.T.);
#42=FACE_OUTER_BOUND('',#84,.T.);
#43=FACE_OUTER_BOUND('',#85,.T.);
#44=FACE_OUTER_BOUND('',#86,.T.);
#45=FACE_OUTER_BOUND('',#87,.T.);
#46=FACE_OUTER_BOUND('',#88,.T.);
#47=FACE_OUTER_BOUND('',#89,.T.);
#48=FACE_OUTER_BOUND('',#90,.T.);
#49=FACE_OUTER_BOUND('',#91,.T.);
#50=FACE_OUTER_BOUND('',#92,.T.);
#51=FACE_OUTER_BOUND('',#93,.T.);
#52=FACE_OUTER_BOUND('',#94,.T.);
#53=FACE_OUTER_BOUND('',#95,.T.);
#54=FACE_OUTER_BOUND('',#96,.T.);
#55=FACE_OUTER_BOUND('',#97,.T.);
#56=FACE_OUTER_BOUND('',#98,.T.);
#57=FACE_OUTER_BOUND('',#99,.T.);
#58=FACE_OUTER_BOUND('',#100,.T.);
#59=FACE_OUTER_BOUND('',#101,.T.);
#60=FACE_OUTER_BOUND('',#102,.T.);
#61=FACE_OUTER_BOUND('',#105,.T.);
#62=FACE_OUTER_BOUND('',#106,.T.);
#63=FACE_OUTER_BOUND('',#107,.T.);
#64=FACE_OUTER_BOUND('',#108,.T.);
#65=FACE_OUTER_BOUND('',#109,.T.);
#66=FACE_OUTER_BOUND('',#110,.T.);
#67=FACE_OUTER_BOUND('',#111,.T.);
#68=FACE_OUTER_BOUND('',#112,.T.);
#69=FACE_OUTER_BOUND('',#113,.T.);
#70=FACE_OUTER_BOUND('',#114,.T.);
#71=EDGE_LOOP('',(#477,#478,#479,#480));
#72=EDGE_LOOP('',(#481,#482,#483,#484));
#73=EDGE_LOOP('',(#485,#486,#487,#488));
#74=EDGE_LOOP('',(#489,#490,#491,#492));
#75=EDGE_LOOP('',(#493,#494,#495,#496));
#76=EDGE_LOOP('',(#497,#498,#499,#500));
#77=EDGE_LOOP('',(#501,#502,#503,#504));
#78=EDGE_LOOP('',(#505,#506,#507,#508));
#79=EDGE_LOOP('',(#509,#510,#511,#512));
#80=EDGE_LOOP('',(#513,#514,#515,#516));
#81=EDGE_LOOP('',(#517,#518,#519,#520));
#82=EDGE_LOOP('',(#521,#522,#523,#524));
#83=EDGE_LOOP('',(#525,#526,#527,#528));
#84=EDGE_LOOP('',(#529,#530,#531,#532));
#85=EDGE_LOOP('',(#533,#534,#535,#536));
#86=EDGE_LOOP('',(#537,#538,#539,#540));
#87=EDGE_LOOP('',(#541,#542,#543,#544));
#88=EDGE_LOOP('',(#545,#546,#547,#548));
#89=EDGE_LOOP('',(#549,#550,#551,#552));
#90=EDGE_LOOP('',(#553,#554,#555,#556));
#91=EDGE_LOOP('',(#557,#558,#559,#560));
#92=EDGE_LOOP('',(#561,#562,#563,#564));
#93=EDGE_LOOP('',(#565,#566,#567,#568));
#94=EDGE_LOOP('',(#569,#570,#571,#572));
#95=EDGE_LOOP('',(#573,#574,#575,#576));
#96=EDGE_LOOP('',(#577,#578,#579,#580));
#97=EDGE_LOOP('',(#581,#582,#583,#584));
#98=EDGE_LOOP('',(#585,#586,#587,#588));
#99=EDGE_LOOP('',(#589,#590,#591,#592));
#100=EDGE_LOOP('',(#593,#594,#595,#596,#597,#598,#599,#600,#601,#602,#603,
#604,#605,#606,#607,#608,#609,#610));
#101=EDGE_LOOP('',(#611,#612,#613,#614,#615,#616,#617,#618,#619,#620,#621,
#622,#623,#624,#625,#626,#627,#628));
#102=EDGE_LOOP('',(#629,#630,#631,#632));
#103=EDGE_LOOP('',(#633,#634,#635,#636));
#104=EDGE_LOOP('',(#637,#638,#639,#640));
#105=EDGE_LOOP('',(#641,#642,#643,#644));
#106=EDGE_LOOP('',(#645,#646,#647,#648));
#107=EDGE_LOOP('',(#649,#650,#651,#652,#653,#654,#655,#656,#657,#658,#659,
#660,#661,#662,#663,#664,#665,#666));
#108=EDGE_LOOP('',(#667,#668,#669,#670,#671,#672,#673,#674,#675,#676,#677,
#678,#679,#680,#681,#682,#683,#684));
#109=EDGE_LOOP('',(#685,#686,#687,#688));
#110=EDGE_LOOP('',(#689,#690,#691,#692));
#111=EDGE_LOOP('',(#693,#694,#695,#696));
#112=EDGE_LOOP('',(#697,#698,#699,#700));
#113=EDGE_LOOP('',(#701,#702,#703,#704));
#114=EDGE_LOOP('',(#705,#706,#707,#708));
#115=EDGE_LOOP('',(#709,#710,#711,#712));
#116=EDGE_LOOP('',(#713,#714,#715,#716));
#117=CIRCLE('',#806,1.666);
#118=CIRCLE('',#813,1.666);
#119=CIRCLE('',#815,2.05474999999998);
#120=CIRCLE('',#822,2.05474999999998);
#121=CIRCLE('',#824,1.666);
#122=CIRCLE('',#831,1.666);
#123=CIRCLE('',#833,2.05475000000002);
#124=CIRCLE('',#840,2.05475000000002);
#125=B_SPLINE_CURVE_WITH_KNOTS('',3,(#991,#992,#993,#994,#995,#996,#997),
 .UNSPECIFIED.,.F.,.F.,(4,3,4),(45.2921194054296,45.8967524289709,46.8945079165569),
 .UNSPECIFIED.);
#126=B_SPLINE_CURVE_WITH_KNOTS('',3,(#1000,#1001,#1002,#1003,#1004,#1005,
#1006,#1007,#1008,#1009,#1010,#1011,#1012),.UNSPECIFIED.,.F.,.F.,(4,3,3,
3,4),(-44.8798950512828,-43.901241453798,-42.9034859662117,-41.9057304786254,
-41.5454951067693),.UNSPECIFIED.);
#127=B_SPLINE_CURVE_WITH_KNOTS('',3,(#1017,#1018,#1019,#1020,#1021,#1022,
#1023,#1024,#1025,#1026,#1027,#1028,#1029,#1030,#1031,#1032,#1033,#1034,
#1035,#1036,#1037,#1038),.UNSPECIFIED.,.F.,.F.,(4,3,3,3,3,3,3,4),(39.00893409825,
39.910219503453,40.9079749910393,41.9057304786256,42.9034859662119,43.9012414537983,
44.8989969413846,45.2921194054296),.UNSPECIFIED.);
#128=B_SPLINE_CURVE_WITH_KNOTS('',3,(#1039,#1040,#1041,#1042,#1043,#1044,
#1045,#1046,#1047,#1048,#1049,#1050,#1051,#1052,#1053,#1054,#1055,#1056,
#1057,#1058,#1059,#1060),.UNSPECIFIED.,.F.,.F.,(4,3,3,3,3,3,3,4),(-41.5454951067693,
-40.9079749910391,-39.9102195034528,-38.9124640158664,-37.9147085282801,
-36.9169530406938,-35.9191975531075,-35.2623097995897),.UNSPECIFIED.);
#129=B_SPLINE_CURVE_WITH_KNOTS('',3,(#1065,#1066,#1067,#1068,#1069,#1070,
#1071,#1072,#1073,#1074,#1075,#1076,#1077,#1078,#1079,#1080,#1081,#1082,
#1083,#1084,#1085,#1086,#1087,#1088,#1089),.UNSPECIFIED.,.F.,.F.,(4,3,3,
3,3,3,3,3,4),(32.7257487910704,32.9259310903487,33.923686577935,34.9214420655213,
35.9191975531077,36.916953040694,37.9147085282803,38.9124640158667,39.00893409825),
 .UNSPECIFIED.);
#130=B_SPLINE_CURVE_WITH_KNOTS('',3,(#1090,#1091,#1092,#1093,#1094,#1095,
#1096,#1097,#1098,#1099,#1100,#1101,#1102,#1103,#1104,#1105,#1106,#1107,
#1108,#1109,#1110,#1111),.UNSPECIFIED.,.F.,.F.,(4,3,3,3,3,3,3,4),(-35.2623097995897,
-34.9214420655211,-33.9236865779348,-32.9259310903485,-31.9281756027622,
-30.9304201151759,-29.9326646275896,-28.9791244924101),.UNSPECIFIED.);
#131=B_SPLINE_CURVE_WITH_KNOTS('',3,(#1116,#1117,#1118,#1119,#1120,#1121,
#1122,#1123,#1124,#1125,#1126,#1127,#1128,#1129,#1130,#1131,#1132,#1133,
#1134,#1135,#1136,#1137),.UNSPECIFIED.,.F.,.F.,(4,3,3,3,3,3,3,4),(26.4425634838908,
26.9393981648307,27.9371536524171,28.9349091400034,29.9326646275897,30.930420115176,
31.9281756027624,32.7257487910704),.UNSPECIFIED.);
#132=B_SPLINE_CURVE_WITH_KNOTS('',3,(#1138,#1139,#1140,#1141,#1142,#1143,
#1144,#1145,#1146,#1147,#1148,#1149,#1150,#1151,#1152,#1153,#1154,#1155,
#1156,#1157,#1158,#1159,#1160,#1161,#1162),.UNSPECIFIED.,.F.,.F.,(4,3,3,
3,3,3,3,3,4),(-28.9791244924101,-28.9349091400032,-27.9371536524169,-26.9393981648306,
-25.9416426772443,-24.9438871896579,-23.9461317020716,-22.9483762144853,
-22.6959391852305),.UNSPECIFIED.);
#133=B_SPLINE_CURVE_WITH_KNOTS('',3,(#1167,#1168,#1169,#1170,#1171,#1172,
#1173,#1174,#1175,#1176,#1177,#1178,#1179,#1180,#1181,#1182,#1183,#1184,
#1185,#1186,#1187,#1188),.UNSPECIFIED.,.F.,.F.,(4,3,3,3,3,3,3,4),(20.1593781767112,
20.9528652393128,21.9506207268991,22.9483762144855,23.9461317020718,24.9438871896581,
25.9416426772444,26.4425634838908),.UNSPECIFIED.);
#134=B_SPLINE_CURVE_WITH_KNOTS('',3,(#1189,#1190,#1191,#1192,#1193,#1194,
#1195,#1196,#1197,#1198,#1199,#1200,#1201,#1202,#1203,#1204,#1205,#1206,
#1207,#1208,#1209,#1210),.UNSPECIFIED.,.F.,.F.,(4,3,3,3,3,3,3,4),(-22.6959391852305,
-21.950620726899,-20.9528652393127,-19.9551097517264,-18.95735426414,-17.9595987765537,
-16.9618432889674,-16.4127538780508),.UNSPECIFIED.);
#135=B_SPLINE_CURVE_WITH_KNOTS('',3,(#1215,#1216,#1217,#1218,#1219,#1220,
#1221,#1222,#1223,#1224,#1225,#1226,#1227,#1228,#1229,#1230,#1231,#1232,
#1233,#1234,#1235,#1236,#1237,#1238,#1239),.UNSPECIFIED.,.F.,.F.,(4,3,3,
3,3,3,3,3,4),(13.8761928695316,13.9685768262085,14.9663323137949,15.9640878013812,
16.9618432889675,17.9595987765538,18.9573542641402,19.9551097517265,20.1593781767112),
 .UNSPECIFIED.);
#136=B_SPLINE_CURVE_WITH_KNOTS('',3,(#1240,#1241,#1242,#1243,#1244,#1245,
#1246,#1247,#1248,#1249,#1250,#1251,#1252,#1253,#1254,#1255,#1256,#1257,
#1258,#1259,#1260,#1261),.UNSPECIFIED.,.F.,.F.,(4,3,3,3,3,3,3,4),(-16.4127538780508,
-15.9640878013811,-14.9663323137948,-13.9685768262085,-12.9708213386221,
-11.9730658510358,-10.9753103634495,-10.1295685708712),.UNSPECIFIED.);
#137=B_SPLINE_CURVE_WITH_KNOTS('',3,(#1267,#1268,#1269,#1270,#1271,#1272,
#1273,#1274,#1275,#1276,#1277,#1278,#1279),.UNSPECIFIED.,.F.,.F.,(4,3,3,
3,4),(-3.84638326369162,-2.99326646275894,-1.99551097517262,-0.997755487586304,
0.),.UNSPECIFIED.);
#138=B_SPLINE_CURVE_WITH_KNOTS('',3,(#1282,#1283,#1284,#1285,#1286,#1287,
#1288,#1289,#1290,#1291,#1292,#1293,#1294,#1295,#1296,#1297,#1298,#1299,
#1300),.UNSPECIFIED.,.F.,.F.,(4,3,3,3,3,3,4),(2.01461286527417,2.99326646275895,
3.99102195034528,4.98877743793161,5.98653292551794,6.98428841310427,7.59300756235196),
 .UNSPECIFIED.);
#139=B_SPLINE_CURVE_WITH_KNOTS('',3,(#1306,#1307,#1308,#1309,#1310,#1311,
#1312,#1313,#1314),.UNSPECIFIED.,.F.,.F.,(4,1,1,1,1,1,4),(53.4070751110264,
53.7673104828825,54.7650659704688,55.7628214580551,56.7605769456415,57.7583324332278,
58.7560879208141),.UNSPECIFIED.);
#140=B_SPLINE_CURVE_WITH_KNOTS('',3,(#1317,#1318,#1319,#1320,#1321,#1322,
#1323,#1324,#1325),.UNSPECIFIED.,.F.,.F.,(4,1,1,1,1,1,4),(53.4070751110264,
54.3083605162294,55.3061160038157,56.303871491402,57.3016269789883,58.2993824665747,
59.2780360640594),.UNSPECIFIED.);
#141=B_SPLINE_CURVE_WITH_KNOTS('',3,(#1330,#1331,#1332,#1333,#1334,#1335,
#1336,#1337,#1338,#1339),.UNSPECIFIED.,.F.,.F.,(4,1,1,1,1,1,1,4),(47.1238898038468,
47.7807775573646,48.7785330449509,49.7762885325372,50.7740440201235,51.7717995077099,
52.7695549952962,53.4070751110264),.UNSPECIFIED.);
#142=B_SPLINE_CURVE_WITH_KNOTS('',3,(#1340,#1341,#1342,#1343,#1344,#1345,
#1346,#1347,#1348,#1349,#1350),.UNSPECIFIED.,.F.,.F.,(4,1,1,1,1,1,1,1,4),
(47.1238898038468,47.3240721031251,48.3218275907114,49.3195830782977,50.3173385658841,
51.3150940534704,52.3128495410567,53.310605028643,53.4070751110264),
 .UNSPECIFIED.);
#143=B_SPLINE_CURVE_WITH_KNOTS('',3,(#1355,#1356,#1357,#1358,#1359,#1360,
#1361,#1362,#1363,#1364),.UNSPECIFIED.,.F.,.F.,(4,1,1,1,1,1,1,4),(40.8407044966672,
41.7942446318467,42.792000119433,43.7897556070193,44.7875110946056,45.785266582192,
46.7830220697783,47.1238898038468),.UNSPECIFIED.);
#144=B_SPLINE_CURVE_WITH_KNOTS('',3,(#1365,#1366,#1367,#1368,#1369,#1370,
#1371,#1372,#1373,#1374),.UNSPECIFIED.,.F.,.F.,(4,1,1,1,1,1,1,4),(40.8407044966675,
41.3375391776071,42.3352946651935,43.3330501527798,44.3308056403661,45.3285611279524,
46.3263166155388,47.1238898038468),.UNSPECIFIED.);
#145=B_SPLINE_CURVE_WITH_KNOTS('',3,(#1379,#1380,#1381,#1382,#1383,#1384,
#1385,#1386,#1387,#1388,#1389),.UNSPECIFIED.,.F.,.F.,(4,1,1,1,1,1,1,1,4),
(34.5575191894875,34.8099562187424,35.8077117063288,36.8054671939151,37.8032226815014,
38.8009781690877,39.798733656674,40.7964891442604,40.8407044966672),
 .UNSPECIFIED.);
#146=B_SPLINE_CURVE_WITH_KNOTS('',3,(#1390,#1391,#1392,#1393,#1394,#1395,
#1396,#1397,#1398,#1399),.UNSPECIFIED.,.F.,.F.,(4,1,1,1,1,1,1,4),(34.5575191894879,
35.3510062520892,36.3487617396755,37.3465172272618,38.3442727148482,39.3420282024345,
40.3397836900208,40.8407044966675),.UNSPECIFIED.);
#147=B_SPLINE_CURVE_WITH_KNOTS('',3,(#1404,#1405,#1406,#1407,#1408,#1409,
#1410,#1411,#1412,#1413),.UNSPECIFIED.,.F.,.F.,(4,1,1,1,1,1,1,4),(28.2743338823083,
28.8234232932245,29.8211787808108,30.8189342683972,31.8166897559835,32.8144452435698,
33.8122007311561,34.5575191894875),.UNSPECIFIED.);
#148=B_SPLINE_CURVE_WITH_KNOTS('',3,(#1414,#1415,#1416,#1417,#1418,#1419,
#1420,#1421,#1422,#1423,#1424),.UNSPECIFIED.,.F.,.F.,(4,1,1,1,1,1,1,1,4),
(28.2743338823082,28.3667178389849,29.3644733265713,30.3622288141576,31.3599843017439,
32.3577397893302,33.3554952769165,34.3532507645029,34.5575191894879),
 .UNSPECIFIED.);
#149=B_SPLINE_CURVE_WITH_KNOTS('',3,(#1429,#1430,#1431,#1432,#1433,#1434,
#1435,#1436,#1437,#1438),.UNSPECIFIED.,.F.,.F.,(4,1,1,1,1,1,1,4),(21.9911485751286,
22.8368903677066,23.8346458552929,24.8324013428793,25.8301568304656,26.8279123180519,
27.8256678056382,28.2743338823083),.UNSPECIFIED.);
#150=B_SPLINE_CURVE_WITH_KNOTS('',3,(#1439,#1440,#1441,#1442,#1443,#1444,
#1445,#1446,#1447,#1448),.UNSPECIFIED.,.F.,.F.,(4,1,1,1,1,1,1,4),(21.9911485751287,
22.380184913467,23.3779404010533,24.3756958886396,25.373451376226,26.3712068638123,
27.3689623513986,28.2743338823082),.UNSPECIFIED.);
#151=B_SPLINE_CURVE_WITH_KNOTS('',3,(#1454,#1455,#1456,#1457,#1458),
 .UNSPECIFIED.,.F.,.F.,(4,1,4),(14.3981410127764,15.3958965003627,15.7079632679487),
 .UNSPECIFIED.);
#152=B_SPLINE_CURVE_WITH_KNOTS('',3,(#1461,#1462,#1463,#1464,#1465),
 .UNSPECIFIED.,.F.,.F.,(4,1,4),(13.8761928695313,14.8548464670161,15.7079632679487),
 .UNSPECIFIED.);
#153=B_SPLINE_CURVE_WITH_KNOTS('',3,(#1471,#1472,#1473,#1474,#1475,#1476,
#1477),.UNSPECIFIED.,.F.,.F.,(4,3,4),(45.2921194054296,45.8967524289712,
46.8945079165569),.UNSPECIFIED.);
#154=B_SPLINE_CURVE_WITH_KNOTS('',3,(#1480,#1481,#1482,#1483,#1484,#1485,
#1486,#1487,#1488,#1489,#1490,#1491,#1492),.UNSPECIFIED.,.F.,.F.,(4,3,3,
3,4),(-44.8798950512831,-43.9012414537983,-42.903485966212,-41.9057304786257,
-41.5454951067693),.UNSPECIFIED.);
#155=B_SPLINE_CURVE_WITH_KNOTS('',3,(#1497,#1498,#1499,#1500,#1501,#1502,
#1503,#1504,#1505,#1506,#1507,#1508,#1509,#1510,#1511,#1512,#1513,#1514,
#1515,#1516,#1517,#1518),.UNSPECIFIED.,.F.,.F.,(4,3,3,3,3,3,3,4),(39.00893409825,
39.9102195034533,40.9079749910396,41.9057304786259,42.9034859662122,43.9012414537986,
44.8989969413849,45.2921194054296),.UNSPECIFIED.);
#156=B_SPLINE_CURVE_WITH_KNOTS('',3,(#1519,#1520,#1521,#1522,#1523,#1524,
#1525,#1526,#1527,#1528,#1529,#1530,#1531,#1532,#1533,#1534,#1535,#1536,
#1537,#1538,#1539,#1540),.UNSPECIFIED.,.F.,.F.,(4,3,3,3,3,3,3,4),(-41.5454951067693,
-40.9079749910394,-39.910219503453,-38.9124640158667,-37.9147085282804,
-36.916953040694,-35.9191975531077,-35.2623097995897),.UNSPECIFIED.);
#157=B_SPLINE_CURVE_WITH_KNOTS('',3,(#1545,#1546,#1547,#1548,#1549,#1550,
#1551,#1552,#1553,#1554,#1555,#1556,#1557,#1558,#1559,#1560,#1561,#1562,
#1563,#1564,#1565,#1566,#1567,#1568,#1569),.UNSPECIFIED.,.F.,.F.,(4,3,3,
3,3,3,3,3,4),(32.7257487910704,32.9259310903489,33.9236865779353,34.9214420655216,
35.9191975531079,36.9169530406943,37.9147085282806,38.9124640158669,39.00893409825),
 .UNSPECIFIED.);
#158=B_SPLINE_CURVE_WITH_KNOTS('',3,(#1570,#1571,#1572,#1573,#1574,#1575,
#1576,#1577,#1578,#1579,#1580,#1581,#1582,#1583,#1584,#1585,#1586,#1587,
#1588,#1589,#1590,#1591),.UNSPECIFIED.,.F.,.F.,(4,3,3,3,3,3,3,4),(-35.2623097995897,
-34.9214420655214,-33.9236865779351,-32.9259310903487,-31.9281756027624,
-30.9304201151761,-29.9326646275898,-28.9791244924101),.UNSPECIFIED.);
#159=B_SPLINE_CURVE_WITH_KNOTS('',3,(#1596,#1597,#1598,#1599,#1600,#1601,
#1602,#1603,#1604,#1605,#1606,#1607,#1608,#1609,#1610,#1611,#1612,#1613,
#1614,#1615,#1616,#1617),.UNSPECIFIED.,.F.,.F.,(4,3,3,3,3,3,3,4),(26.4425634838908,
26.9393981648309,27.9371536524173,28.9349091400036,29.9326646275899,30.9304201151763,
31.9281756027626,32.7257487910704),.UNSPECIFIED.);
#160=B_SPLINE_CURVE_WITH_KNOTS('',3,(#1618,#1619,#1620,#1621,#1622,#1623,
#1624,#1625,#1626,#1627,#1628,#1629,#1630,#1631,#1632,#1633,#1634,#1635,
#1636,#1637,#1638,#1639,#1640,#1641,#1642),.UNSPECIFIED.,.F.,.F.,(4,3,3,
3,3,3,3,3,4),(-28.9791244924101,-28.9349091400034,-27.9371536524171,-26.9393981648308,
-25.9416426772444,-24.9438871896581,-23.9461317020718,-22.9483762144855,
-22.6959391852305),.UNSPECIFIED.);
#161=B_SPLINE_CURVE_WITH_KNOTS('',3,(#1647,#1648,#1649,#1650,#1651,#1652,
#1653,#1654,#1655,#1656,#1657,#1658,#1659,#1660,#1661,#1662,#1663,#1664,
#1665,#1666,#1667,#1668),.UNSPECIFIED.,.F.,.F.,(4,3,3,3,3,3,3,4),(20.1593781767112,
20.9528652393129,21.9506207268993,22.9483762144856,23.9461317020719,24.9438871896583,
25.9416426772446,26.4425634838908),.UNSPECIFIED.);
#162=B_SPLINE_CURVE_WITH_KNOTS('',3,(#1669,#1670,#1671,#1672,#1673,#1674,
#1675,#1676,#1677,#1678,#1679,#1680,#1681,#1682,#1683,#1684,#1685,#1686,
#1687,#1688,#1689,#1690),.UNSPECIFIED.,.F.,.F.,(4,3,3,3,3,3,3,4),(-22.6959391852305,
-21.9506207268991,-20.9528652393128,-19.9551097517265,-18.9573542641402,
-17.9595987765539,-16.9618432889675,-16.4127538780512),.UNSPECIFIED.);
#163=B_SPLINE_CURVE_WITH_KNOTS('',3,(#1695,#1696,#1697,#1698,#1699,#1700,
#1701,#1702,#1703,#1704,#1705,#1706,#1707,#1708,#1709,#1710,#1711,#1712,
#1713,#1714,#1715,#1716,#1717,#1718,#1719),.UNSPECIFIED.,.F.,.F.,(4,3,3,
3,3,3,3,3,4),(13.8761928695319,13.9685768262086,14.966332313795,15.9640878013813,
16.9618432889676,17.959598776554,18.9573542641403,19.9551097517266,20.1593781767112),
 .UNSPECIFIED.);
#164=B_SPLINE_CURVE_WITH_KNOTS('',3,(#1720,#1721,#1722,#1723,#1724,#1725,
#1726,#1727,#1728,#1729,#1730,#1731,#1732,#1733,#1734,#1735,#1736,#1737,
#1738,#1739,#1740,#1741),.UNSPECIFIED.,.F.,.F.,(4,3,3,3,3,3,3,4),(-16.4127538780512,
-15.9640878013812,-14.9663323137949,-13.9685768262086,-12.9708213386222,
-11.9730658510359,-10.9753103634496,-10.1295685708716),.UNSPECIFIED.);
#165=B_SPLINE_CURVE_WITH_KNOTS('',3,(#1747,#1748,#1749,#1750,#1751,#1752,
#1753,#1754,#1755,#1756,#1757,#1758,#1759),.UNSPECIFIED.,.F.,.F.,(4,3,3,
3,4),(-3.84638326369162,-2.99326646275895,-1.99551097517263,-0.997755487586311,
0.),.UNSPECIFIED.);
#166=B_SPLINE_CURVE_WITH_KNOTS('',3,(#1762,#1763,#1764,#1765,#1766,#1767,
#1768,#1769,#1770,#1771,#1772,#1773,#1774,#1775,#1776,#1777,#1778,#1779,
#1780),.UNSPECIFIED.,.F.,.F.,(4,3,3,3,3,3,4),(2.01461286527417,2.99326646275895,
3.99102195034529,4.98877743793163,5.98653292551796,6.9842884131043,7.59300756235228),
 .UNSPECIFIED.);
#167=B_SPLINE_CURVE_WITH_KNOTS('',3,(#1786,#1787,#1788,#1789,#1790,#1791,
#1792,#1793,#1794),.UNSPECIFIED.,.F.,.F.,(4,1,1,1,1,1,4),(53.4070751110264,
53.7673104828828,54.7650659704691,55.7628214580554,56.7605769456418,57.7583324332281,
58.7560879208144),.UNSPECIFIED.);
#168=B_SPLINE_CURVE_WITH_KNOTS('',3,(#1797,#1798,#1799,#1800,#1801,#1802,
#1803,#1804,#1805),.UNSPECIFIED.,.F.,.F.,(4,1,1,1,1,1,4),(53.4070751110264,
54.3083605162296,55.306116003816,56.3038714914023,57.3016269789886,58.2993824665749,
59.2780360640598),.UNSPECIFIED.);
#169=B_SPLINE_CURVE_WITH_KNOTS('',3,(#1810,#1811,#1812,#1813,#1814,#1815,
#1816,#1817,#1818,#1819),.UNSPECIFIED.,.F.,.F.,(4,1,1,1,1,1,1,4),(47.1238898038468,
47.7807775573648,48.7785330449512,49.7762885325375,50.7740440201238,51.7717995077101,
52.7695549952965,53.4070751110264),.UNSPECIFIED.);
#170=B_SPLINE_CURVE_WITH_KNOTS('',3,(#1820,#1821,#1822,#1823,#1824,#1825,
#1826,#1827,#1828,#1829,#1830),.UNSPECIFIED.,.F.,.F.,(4,1,1,1,1,1,1,1,4),
(47.1238898038468,47.3240721031253,48.3218275907116,49.319583078298,50.3173385658843,
51.3150940534706,52.312849541057,53.3106050286433,53.4070751110264),
 .UNSPECIFIED.);
#171=B_SPLINE_CURVE_WITH_KNOTS('',3,(#1835,#1836,#1837,#1838,#1839,#1840,
#1841,#1842,#1843,#1844),.UNSPECIFIED.,.F.,.F.,(4,1,1,1,1,1,1,4),(40.8407044966672,
41.7942446318469,42.7920001194332,43.7897556070195,44.7875110946059,45.7852665821922,
46.7830220697785,47.1238898038468),.UNSPECIFIED.);
#172=B_SPLINE_CURVE_WITH_KNOTS('',3,(#1845,#1846,#1847,#1848,#1849,#1850,
#1851,#1852,#1853,#1854),.UNSPECIFIED.,.F.,.F.,(4,1,1,1,1,1,1,4),(40.8407044966672,
41.3375391776073,42.3352946651937,43.33305015278,44.3308056403663,45.3285611279526,
46.326316615539,47.1238898038468),.UNSPECIFIED.);
#173=B_SPLINE_CURVE_WITH_KNOTS('',3,(#1859,#1860,#1861,#1862,#1863,#1864,
#1865,#1866,#1867,#1868,#1869),.UNSPECIFIED.,.F.,.F.,(4,1,1,1,1,1,1,1,4),
(34.5575191894876,34.8099562187426,35.8077117063289,36.8054671939152,37.8032226815016,
38.8009781690879,39.7987336566742,40.7964891442605,40.8407044966672),
 .UNSPECIFIED.);
#174=B_SPLINE_CURVE_WITH_KNOTS('',3,(#1870,#1871,#1872,#1873,#1874,#1875,
#1876,#1877,#1878,#1879),.UNSPECIFIED.,.F.,.F.,(4,1,1,1,1,1,1,4),(34.5575191894876,
35.3510062520893,36.3487617396757,37.346517227262,38.3442727148483,39.3420282024347,
40.339783690021,40.8407044966672),.UNSPECIFIED.);
#175=B_SPLINE_CURVE_WITH_KNOTS('',3,(#1884,#1885,#1886,#1887,#1888,#1889,
#1890,#1891,#1892,#1893),.UNSPECIFIED.,.F.,.F.,(4,1,1,1,1,1,1,4),(28.2743338823082,
28.8234232932246,29.821178780811,30.8189342683973,31.8166897559836,32.8144452435699,
33.8122007311563,34.5575191894876),.UNSPECIFIED.);
#176=B_SPLINE_CURVE_WITH_KNOTS('',3,(#1894,#1895,#1896,#1897,#1898,#1899,
#1900,#1901,#1902,#1903,#1904),.UNSPECIFIED.,.F.,.F.,(4,1,1,1,1,1,1,1,4),
(28.2743338823082,28.366717838985,29.3644733265713,30.3622288141577,31.359984301744,
32.3577397893303,33.3554952769167,34.353250764503,34.5575191894876),
 .UNSPECIFIED.);
#177=B_SPLINE_CURVE_WITH_KNOTS('',3,(#1909,#1910,#1911,#1912,#1913,#1914,
#1915,#1916,#1917,#1918),.UNSPECIFIED.,.F.,.F.,(4,1,1,1,1,1,1,4),(21.9911485751287,
22.8368903677067,23.834645855293,24.8324013428793,25.8301568304657,26.827912318052,
27.8256678056383,28.2743338823082),.UNSPECIFIED.);
#178=B_SPLINE_CURVE_WITH_KNOTS('',3,(#1919,#1920,#1921,#1922,#1923,#1924,
#1925,#1926,#1927,#1928),.UNSPECIFIED.,.F.,.F.,(4,1,1,1,1,1,1,4),(21.9911485751287,
22.380184913467,23.3779404010534,24.3756958886397,25.373451376226,26.3712068638124,
27.3689623513987,28.2743338823082),.UNSPECIFIED.);
#179=B_SPLINE_CURVE_WITH_KNOTS('',3,(#1934,#1935,#1936,#1937,#1938),
 .UNSPECIFIED.,.F.,.F.,(4,1,4),(14.3981410127764,15.3958965003627,15.7079632679487),
 .UNSPECIFIED.);
#180=B_SPLINE_CURVE_WITH_KNOTS('',3,(#1941,#1942,#1943,#1944,#1945),
 .UNSPECIFIED.,.F.,.F.,(4,1,4),(13.8761928695313,14.8548464670161,15.7079632679487),
 .UNSPECIFIED.);
#181=B_SPLINE_CURVE_WITH_KNOTS('',3,(#1947,#1948,#1949,#1950,#1951,#1952,
#1953,#1954,#1955,#1956,#1957),.UNSPECIFIED.,.F.,.F.,(4,1,1,1,1,1,1,1,4),
(15.7079632679487,15.8526019546024,16.8503574421887,17.8481129297751,18.8458684173614,
19.8436239049477,20.841379392534,21.8391348801204,21.9911485751287),
 .UNSPECIFIED.);
#182=B_SPLINE_CURVE_WITH_KNOTS('',3,(#1958,#1959,#1960,#1961,#1962,#1963,
#1964,#1965,#1966,#1967),.UNSPECIFIED.,.F.,.F.,(4,1,1,1,1,1,1,4),(15.7079632679487,
16.393651987949,17.3914074755354,18.3891629631217,19.386918450708,20.3846739382944,
21.3824294258807,21.9911485751287),.UNSPECIFIED.);
#183=B_SPLINE_CURVE_WITH_KNOTS('',3,(#2168,#2169,#2170,#2171,#2172,#2173,
#2174,#2175,#2176,#2177,#2178,#2179,#2180,#2181,#2182,#2183,#2184,#2185,
#2186,#2187,#2188,#2189,#2190,#2191,#2192,#2193,#2194,#2195,#2196,#2197,
#2198,#2199,#2200,#2201,#2202,#2203,#2204,#2205,#2206,#2207,#2208,#2209,
#2210,#2211,#2212,#2213,#2214,#2215,#2216,#2217,#2218,#2219,#2220,#2221,
#2222,#2223,#2224,#2225,#2226,#2227,#2228,#2229,#2230,#2231,#2232,#2233,
#2234,#2235,#2236,#2237,#2238,#2239,#2240,#2241,#2242,#2243,#2244,#2245,
#2246,#2247,#2248,#2249,#2250,#2251,#2252,#2253,#2254,#2255),
 .UNSPECIFIED.,.F.,.F.,(4,3,3,3,3,3,3,3,3,3,3,3,3,3,3,3,3,3,3,3,3,3,3,3,
3,3,3,3,3,4),(0.,0.0219506373518316,0.0445260068814717,0.0636100431841541,
0.0720916636700277,0.076741119222794,0.0810452121742442,0.102991474669092,
0.12477165491695,0.142878315513445,0.150424850983115,0.153920293595835,
0.157566193959788,0.178340446852982,0.19719829730293,0.219473681207871,
0.224386077542216,0.229388796369874,0.250052766418136,0.270713406990943,
0.285703283225641,0.291945552913336,0.296702779545845,0.300589030189627,
0.320365350748517,0.334291322019866,0.33876149145149,0.357791978208867,
0.375401368542458,0.37862159683132),.UNSPECIFIED.);
#184=B_SPLINE_CURVE_WITH_KNOTS('',3,(#2256,#2257,#2258,#2259,#2260,#2261,
#2262,#2263,#2264,#2265,#2266,#2267,#2268,#2269,#2270,#2271,#2272,#2273,
#2274,#2275,#2276,#2277,#2278,#2279,#2280,#2281,#2282,#2283,#2284,#2285,
#2286,#2287,#2288,#2289,#2290,#2291,#2292,#2293,#2294,#2295,#2296,#2297,
#2298,#2299,#2300,#2301,#2302,#2303,#2304,#2305,#2306,#2307,#2308,#2309,
#2310,#2311,#2312,#2313,#2314,#2315,#2316,#2317,#2318,#2319,#2320,#2321,
#2322,#2323,#2324,#2325,#2326,#2327,#2328,#2329,#2330,#2331,#2332,#2333,
#2334,#2335,#2336,#2337),.UNSPECIFIED.,.F.,.F.,(4,3,3,3,3,3,3,3,3,3,3,3,
3,3,3,3,3,3,3,3,3,3,3,3,3,3,3,4),(0.,0.0185790727489626,0.0384116558436525,
0.0557651660515061,0.0644676876310317,0.0684492620529103,0.0884900154238142,
0.108893450768139,0.125980022452724,0.133847670029029,0.137283458449526,
0.15835874856499,0.177239737506482,0.197775761239098,0.205671845645474,
0.20913972819844,0.230154427512062,0.251651601987838,0.268037105326432,
0.278232502463717,0.28406198760774,0.306331717407664,0.323002879240781,
0.328158476114476,0.333183264580648,0.355703995551428,0.373016364740133,
0.37694081721129),.UNSPECIFIED.);
#185=B_SPLINE_CURVE_WITH_KNOTS('',3,(#2338,#2339,#2340,#2341,#2342,#2343,
#2344,#2345,#2346,#2347,#2348,#2349,#2350,#2351,#2352,#2353,#2354,#2355,
#2356,#2357,#2358,#2359,#2360,#2361,#2362),.UNSPECIFIED.,.F.,.F.,(4,3,3,
3,3,3,3,3,4),(-10.1295685708716,-9.97755487586324,-8.97979938827691,-7.98204390069058,
-6.98428841310426,-5.98653292551793,-4.9887774379316,-3.99102195034528,
-3.84638326369162),.UNSPECIFIED.);
#186=B_SPLINE_CURVE_WITH_KNOTS('',3,(#2563,#2564,#2565,#2566,#2567,#2568,
#2569,#2570,#2571,#2572,#2573,#2574,#2575,#2576,#2577,#2578,#2579,#2580,
#2581,#2582,#2583,#2584,#2585,#2586,#2587,#2588,#2589,#2590,#2591,#2592,
#2593,#2594,#2595,#2596,#2597,#2598,#2599,#2600,#2601,#2602,#2603,#2604,
#2605,#2606,#2607,#2608,#2609,#2610,#2611,#2612,#2613,#2614,#2615,#2616,
#2617,#2618,#2619,#2620,#2621,#2622,#2623,#2624,#2625,#2626,#2627,#2628,
#2629,#2630,#2631,#2632,#2633,#2634,#2635,#2636,#2637,#2638,#2639,#2640,
#2641,#2642,#2643,#2644),.UNSPECIFIED.,.F.,.F.,(4,3,3,3,3,3,3,3,3,3,3,3,
3,3,3,3,3,3,3,3,3,3,3,3,3,3,3,4),(0.,0.0185790721748957,0.0384116553413683,
0.0557651656120319,0.064467686860827,0.0684492618209165,0.0884900147492903,
0.108893449848143,0.125980021762776,0.133847668924417,0.137283457854828,
0.158358747929741,0.177239737506677,0.197775761427312,0.205671845680238,
0.20913972816757,0.230154427694894,0.251651602289764,0.268037105217126,
0.278232502185882,0.284061987730774,0.306331717544083,0.323002879343235,
0.328158476233318,0.333183264625231,0.355703995572553,0.373016364740688,
0.376940817211918),.UNSPECIFIED.);
#187=B_SPLINE_CURVE_WITH_KNOTS('',3,(#2645,#2646,#2647,#2648,#2649,#2650,
#2651,#2652,#2653,#2654,#2655,#2656,#2657,#2658,#2659,#2660,#2661,#2662,
#2663,#2664,#2665,#2666),.UNSPECIFIED.,.F.,.F.,(4,3,3,3,3,3,3,4),(7.59300756235228,
7.98204390069064,8.97979938827697,9.97755487586331,10.9753103634496,11.973065851036,
12.9708213386223,13.8761928695319),.UNSPECIFIED.);
#188=B_SPLINE_CURVE_WITH_KNOTS('',3,(#2667,#2668,#2669,#2670,#2671,#2672,
#2673,#2674,#2675,#2676,#2677,#2678,#2679,#2680,#2681,#2682,#2683,#2684,
#2685,#2686,#2687,#2688,#2689,#2690,#2691,#2692,#2693,#2694,#2695,#2696,
#2697,#2698,#2699,#2700,#2701,#2702,#2703,#2704,#2705,#2706,#2707,#2708,
#2709,#2710,#2711,#2712,#2713,#2714,#2715,#2716,#2717,#2718,#2719,#2720,
#2721,#2722,#2723,#2724,#2725,#2726,#2727,#2728,#2729,#2730,#2731,#2732,
#2733,#2734,#2735,#2736,#2737,#2738,#2739,#2740,#2741,#2742,#2743,#2744,
#2745,#2746,#2747,#2748,#2749,#2750,#2751,#2752,#2753,#2754),
 .UNSPECIFIED.,.F.,.F.,(4,3,3,3,3,3,3,3,3,3,3,3,3,3,3,3,3,3,3,3,3,3,3,3,
3,3,3,3,3,4),(0.,0.0219506368631306,0.0445260062955097,0.0636100426714575,
0.0720916635182403,0.076741118890162,0.0810452120658127,0.102991474516895,
0.124771654847957,0.14287831546174,0.150424850848481,0.153920293076015,
0.157566193839167,0.178340446820695,0.197198297303092,0.219473681208042,
0.2243860775072,0.229388796362034,0.2500527663678,0.270713406890892,0.285703283215634,
0.291945552904444,0.296702779929779,0.300589030270435,0.320365350855171,
0.334291322226777,0.338761491597134,0.357791978438874,0.37540136854269,
0.378621596831566),.UNSPECIFIED.);
#189=B_SPLINE_CURVE_WITH_KNOTS('',3,(#2764,#2765,#2766,#2767,#2768,#2769,
#2770,#2771,#2772,#2773,#2774,#2775,#2776,#2777,#2778,#2779,#2780,#2781,
#2782,#2783,#2784,#2785,#2786,#2787,#2788,#2789,#2790,#2791,#2792,#2793,
#2794,#2795,#2796,#2797,#2798,#2799,#2800,#2801,#2802,#2803,#2804,#2805,
#2806,#2807,#2808,#2809,#2810,#2811,#2812,#2813,#2814,#2815,#2816,#2817,
#2818,#2819,#2820,#2821,#2822,#2823,#2824,#2825,#2826,#2827,#2828,#2829,
#2830,#2831,#2832,#2833,#2834,#2835,#2836,#2837,#2838,#2839,#2840,#2841,
#2842,#2843,#2844,#2845),.UNSPECIFIED.,.F.,.F.,(4,3,3,3,3,3,3,3,3,3,3,3,
3,3,3,3,3,3,3,3,3,3,3,3,3,3,3,4),(0.,0.0185789181161343,0.0384115205399356,
0.0557650476607619,0.06446748004203,0.0684492075890456,0.0884898411059098,
0.108893210419689,0.125979842191403,0.133847381134175,0.137283305891627,
0.158358584919454,0.177239737506545,0.19777581158372,0.205671854447387,
0.209139729718639,0.23015448698589,0.251651693800185,0.268037069664254,
0.278232409651096,0.284062012520331,0.306331745595375,0.323002900381642,
0.328158499804501,0.333183274770863,0.355703998347016,0.373016364740443,
0.376940817211618),.UNSPECIFIED.);
#190=B_SPLINE_CURVE_WITH_KNOTS('',3,(#2846,#2847,#2848,#2849,#2850,#2851,
#2852,#2853,#2854,#2855,#2856,#2857,#2858,#2859,#2860,#2861,#2862,#2863,
#2864,#2865,#2866,#2867,#2868,#2869,#2870,#2871,#2872,#2873,#2874,#2875,
#2876,#2877,#2878,#2879,#2880,#2881,#2882,#2883,#2884,#2885,#2886,#2887,
#2888,#2889,#2890,#2891,#2892,#2893,#2894,#2895,#2896,#2897,#2898,#2899,
#2900,#2901,#2902,#2903,#2904,#2905,#2906,#2907,#2908,#2909,#2910,#2911,
#2912,#2913,#2914,#2915,#2916,#2917,#2918,#2919,#2920,#2921,#2922,#2923,
#2924,#2925,#2926,#2927,#2928,#2929,#2930,#2931,#2932,#2933),
 .UNSPECIFIED.,.F.,.F.,(4,3,3,3,3,3,3,3,3,3,3,3,3,3,3,3,3,3,3,3,3,3,3,3,
3,3,3,3,3,4),(0.,0.0219505048685554,0.0445258480329676,0.0636099041917284,
0.0720916224655937,0.0767410290436709,0.0810451880921054,0.102991438695317,
0.124771641677895,0.142878305584184,0.150424817487337,0.15392015994284,
0.157566162322864,0.178340439039536,0.197198297303054,0.219473681207994,
0.224386068016035,0.229388796095262,0.250052754774834,0.270713382072841,
0.285703287048962,0.291945559709969,0.296702706059564,0.30058902414406,
0.320365351818122,0.334291337808767,0.338761510157843,0.357792019772484,
0.375401368542571,0.378621596831444),.UNSPECIFIED.);
#191=B_SPLINE_CURVE_WITH_KNOTS('',3,(#2936,#2937,#2938,#2939,#2940,#2941,
#2942,#2943,#2944,#2945,#2946),.UNSPECIFIED.,.F.,.F.,(4,1,1,1,1,1,1,1,4),
(15.7079632679487,15.8526019546024,16.8503574421887,17.848112929775,18.8458684173613,
19.8436239049477,20.841379392534,21.8391348801203,21.9911485751286),
 .UNSPECIFIED.);
#192=B_SPLINE_CURVE_WITH_KNOTS('',3,(#2947,#2948,#2949,#2950,#2951,#2952,
#2953,#2954,#2955,#2956),.UNSPECIFIED.,.F.,.F.,(4,1,1,1,1,1,1,4),(15.7079632679487,
16.393651987949,17.3914074755354,18.3891629631217,19.386918450708,20.3846739382943,
21.3824294258807,21.9911485751287),.UNSPECIFIED.);
#193=B_SPLINE_CURVE_WITH_KNOTS('',3,(#3157,#3158,#3159,#3160,#3161,#3162,
#3163,#3164,#3165,#3166,#3167,#3168,#3169,#3170,#3171,#3172,#3173,#3174,
#3175,#3176,#3177,#3178,#3179,#3180,#3181,#3182,#3183,#3184,#3185,#3186,
#3187,#3188,#3189,#3190,#3191,#3192,#3193,#3194,#3195,#3196,#3197,#3198,
#3199,#3200,#3201,#3202,#3203,#3204,#3205,#3206,#3207,#3208,#3209,#3210,
#3211,#3212,#3213,#3214,#3215,#3216,#3217,#3218,#3219,#3220,#3221,#3222,
#3223,#3224,#3225,#3226,#3227,#3228,#3229,#3230,#3231,#3232,#3233,#3234,
#3235,#3236,#3237,#3238,#3239,#3240,#3241,#3242,#3243,#3244),
 .UNSPECIFIED.,.F.,.F.,(4,3,3,3,3,3,3,3,3,3,3,3,3,3,3,3,3,3,3,3,3,3,3,3,
3,3,3,3,3,4),(0.,0.0219505053467254,0.0445258486066541,0.0636099046936996,
0.0720916226145717,0.0767410293688995,0.0810451881951555,0.102991438841902,
0.124771641741821,0.14287830563212,0.150424817618164,0.153920160493481,
0.157566162447681,0.178340439078913,0.197198297303018,0.219473681207968,
0.224386068050583,0.229388796146702,0.250052754867939,0.270713382214118,
0.285703287178774,0.291945559891589,0.296702703159554,0.300589023670225,
0.320365351327959,0.334291337047796,0.338761509447582,0.357792018986048,
0.375401368542619,0.378621596831449),.UNSPECIFIED.);
#194=B_SPLINE_CURVE_WITH_KNOTS('',3,(#3245,#3246,#3247,#3248,#3249,#3250,
#3251,#3252,#3253,#3254,#3255,#3256,#3257,#3258,#3259,#3260,#3261,#3262,
#3263,#3264,#3265,#3266,#3267,#3268,#3269),.UNSPECIFIED.,.F.,.F.,(4,3,3,
3,3,3,3,3,4),(-10.1295685708712,-9.97755487586319,-8.97979938827686,-7.98204390069054,
-6.98428841310422,-5.9865329255179,-4.98877743793157,-3.99102195034525,
-3.84638326369162),.UNSPECIFIED.);
#195=B_SPLINE_CURVE_WITH_KNOTS('',3,(#3470,#3471,#3472,#3473,#3474,#3475,
#3476,#3477,#3478,#3479,#3480,#3481,#3482,#3483,#3484,#3485,#3486,#3487,
#3488,#3489,#3490,#3491,#3492,#3493,#3494,#3495,#3496,#3497,#3498,#3499,
#3500,#3501,#3502,#3503,#3504,#3505,#3506,#3507,#3508,#3509,#3510,#3511,
#3512,#3513,#3514,#3515,#3516,#3517,#3518,#3519,#3520,#3521,#3522,#3523,
#3524,#3525,#3526,#3527,#3528,#3529,#3530,#3531,#3532,#3533,#3534,#3535,
#3536,#3537,#3538,#3539,#3540,#3541,#3542,#3543,#3544,#3545,#3546,#3547,
#3548,#3549,#3550,#3551),.UNSPECIFIED.,.F.,.F.,(4,3,3,3,3,3,3,3,3,3,3,3,
3,3,3,3,3,3,3,3,3,3,3,3,3,3,3,4),(0.,0.0185789175561179,0.038411520049891,
0.0557650472319425,0.0644674792899837,0.0684492073933054,0.088489840475869,
0.108893209548941,0.125979841538282,0.133847380087498,0.13728330538911,
0.158358584376202,0.177239737506303,0.197775811765655,0.205671854478799,
0.209139729726033,0.230154487202364,0.251651694133585,0.268037069533232,
0.278232409310127,0.284062012640699,0.306331745727663,0.323002900480749,
0.328158499895747,0.333183274808463,0.355703998356451,0.373016364740006,
0.376940817211154),.UNSPECIFIED.);
#196=B_SPLINE_CURVE_WITH_KNOTS('',3,(#3552,#3553,#3554,#3555,#3556,#3557,
#3558,#3559,#3560,#3561,#3562,#3563,#3564,#3565,#3566,#3567,#3568,#3569,
#3570,#3571,#3572,#3573),.UNSPECIFIED.,.F.,.F.,(4,3,3,3,3,3,3,4),(7.59300756235196,
7.9820439006906,8.97979938827692,9.97755487586324,10.9753103634496,11.9730658510359,
12.9708213386222,13.8761928695316),.UNSPECIFIED.);
#197=LINE('',#989,#237);
#198=LINE('',#1016,#238);
#199=LINE('',#1064,#239);
#200=LINE('',#1115,#240);
#201=LINE('',#1166,#241);
#202=LINE('',#1214,#242);
#203=LINE('',#1265,#243);
#204=LINE('',#1304,#244);
#205=LINE('',#1329,#245);
#206=LINE('',#1354,#246);
#207=LINE('',#1378,#247);
#208=LINE('',#1403,#248);
#209=LINE('',#1428,#249);
#210=LINE('',#1452,#250);
#211=LINE('',#1469,#251);
#212=LINE('',#1496,#252);
#213=LINE('',#1544,#253);
#214=LINE('',#1595,#254);
#215=LINE('',#1646,#255);
#216=LINE('',#1694,#256);
#217=LINE('',#1745,#257);
#218=LINE('',#1784,#258);
#219=LINE('',#1809,#259);
#220=LINE('',#1834,#260);
#221=LINE('',#1858,#261);
#222=LINE('',#1883,#262);
#223=LINE('',#1908,#263);
#224=LINE('',#1932,#264);
#225=LINE('',#2758,#265);
#226=LINE('',#2760,#266);
#227=LINE('',#2762,#267);
#228=LINE('',#2763,#268);
#229=LINE('',#3578,#269);
#230=LINE('',#3579,#270);
#231=LINE('',#3580,#271);
#232=LINE('',#3583,#272);
#233=LINE('',#3584,#273);
#234=LINE('',#3587,#274);
#235=LINE('',#3588,#275);
#236=LINE('',#3590,#276);
#237=VECTOR('',#855,1.666);
#238=VECTOR('',#860,1.666);
#239=VECTOR('',#863,1.666);
#240=VECTOR('',#866,1.666);
#241=VECTOR('',#869,1.666);
#242=VECTOR('',#872,1.666);
#243=VECTOR('',#875,1.666);
#244=VECTOR('',#880,2.05474999999998);
#245=VECTOR('',#885,2.05474999999998);
#246=VECTOR('',#888,2.05474999999998);
#247=VECTOR('',#891,2.05474999999998);
#248=VECTOR('',#894,2.05474999999998);
#249=VECTOR('',#897,2.05474999999998);
#250=VECTOR('',#900,2.05474999999998);
#251=VECTOR('',#905,1.666);
#252=VECTOR('',#910,1.666);
#253=VECTOR('',#913,1.666);
#254=VECTOR('',#916,1.666);
#255=VECTOR('',#919,1.666);
#256=VECTOR('',#922,1.666);
#257=VECTOR('',#925,1.666);
#258=VECTOR('',#930,2.05475000000002);
#259=VECTOR('',#935,2.05475000000002);
#260=VECTOR('',#938,2.05475000000002);
#261=VECTOR('',#941,2.05475000000002);
#262=VECTOR('',#944,2.05475000000002);
#263=VECTOR('',#947,2.05475000000002);
#264=VECTOR('',#950,2.05475000000002);
#265=VECTOR('',#957,10.);
#266=VECTOR('',#958,10.);
#267=VECTOR('',#959,10.);
#268=VECTOR('',#960,10.);
#269=VECTOR('',#969,10.);
#270=VECTOR('',#970,10.);
#271=VECTOR('',#971,10.);
#272=VECTOR('',#974,10.);
#273=VECTOR('',#975,10.);
#274=VECTOR('',#978,10.);
#275=VECTOR('',#979,10.);
#276=VECTOR('',#982,10.);
#277=VERTEX_POINT('',#987);
#278=VERTEX_POINT('',#988);
#279=VERTEX_POINT('',#990);
#280=VERTEX_POINT('',#998);
#281=VERTEX_POINT('',#1014);
#282=VERTEX_POINT('',#1015);
#283=VERTEX_POINT('',#1062);
#284=VERTEX_POINT('',#1063);
#285=VERTEX_POINT('',#1113);
#286=VERTEX_POINT('',#1114);
#287=VERTEX_POINT('',#1164);
#288=VERTEX_POINT('',#1165);
#289=VERTEX_POINT('',#1212);
#290=VERTEX_POINT('',#1213);
#291=VERTEX_POINT('',#1263);
#292=VERTEX_POINT('',#1264);
#293=VERTEX_POINT('',#1266);
#294=VERTEX_POINT('',#1280);
#295=VERTEX_POINT('',#1302);
#296=VERTEX_POINT('',#1303);
#297=VERTEX_POINT('',#1305);
#298=VERTEX_POINT('',#1315);
#299=VERTEX_POINT('',#1327);
#300=VERTEX_POINT('',#1328);
#301=VERTEX_POINT('',#1352);
#302=VERTEX_POINT('',#1353);
#303=VERTEX_POINT('',#1376);
#304=VERTEX_POINT('',#1377);
#305=VERTEX_POINT('',#1401);
#306=VERTEX_POINT('',#1402);
#307=VERTEX_POINT('',#1426);
#308=VERTEX_POINT('',#1427);
#309=VERTEX_POINT('',#1450);
#310=VERTEX_POINT('',#1451);
#311=VERTEX_POINT('',#1453);
#312=VERTEX_POINT('',#1459);
#313=VERTEX_POINT('',#1467);
#314=VERTEX_POINT('',#1468);
#315=VERTEX_POINT('',#1470);
#316=VERTEX_POINT('',#1478);
#317=VERTEX_POINT('',#1494);
#318=VERTEX_POINT('',#1495);
#319=VERTEX_POINT('',#1542);
#320=VERTEX_POINT('',#1543);
#321=VERTEX_POINT('',#1593);
#322=VERTEX_POINT('',#1594);
#323=VERTEX_POINT('',#1644);
#324=VERTEX_POINT('',#1645);
#325=VERTEX_POINT('',#1692);
#326=VERTEX_POINT('',#1693);
#327=VERTEX_POINT('',#1743);
#328=VERTEX_POINT('',#1744);
#329=VERTEX_POINT('',#1746);
#330=VERTEX_POINT('',#1760);
#331=VERTEX_POINT('',#1782);
#332=VERTEX_POINT('',#1783);
#333=VERTEX_POINT('',#1785);
#334=VERTEX_POINT('',#1795);
#335=VERTEX_POINT('',#1807);
#336=VERTEX_POINT('',#1808);
#337=VERTEX_POINT('',#1832);
#338=VERTEX_POINT('',#1833);
#339=VERTEX_POINT('',#1856);
#340=VERTEX_POINT('',#1857);
#341=VERTEX_POINT('',#1881);
#342=VERTEX_POINT('',#1882);
#343=VERTEX_POINT('',#1906);
#344=VERTEX_POINT('',#1907);
#345=VERTEX_POINT('',#1930);
#346=VERTEX_POINT('',#1931);
#347=VERTEX_POINT('',#1933);
#348=VERTEX_POINT('',#1939);
#349=VERTEX_POINT('',#2756);
#350=VERTEX_POINT('',#2757);
#351=VERTEX_POINT('',#2759);
#352=VERTEX_POINT('',#2761);
#353=VERTEX_POINT('',#3576);
#354=VERTEX_POINT('',#3577);
#355=VERTEX_POINT('',#3582);
#356=VERTEX_POINT('',#3586);
#357=EDGE_CURVE('',#277,#278,#197,.T.);
#358=EDGE_CURVE('',#278,#279,#125,.T.);
#359=EDGE_CURVE('',#280,#279,#117,.T.);
#360=EDGE_CURVE('',#280,#277,#126,.T.);
#361=EDGE_CURVE('',#281,#282,#198,.T.);
#362=EDGE_CURVE('',#282,#278,#127,.T.);
#363=EDGE_CURVE('',#277,#281,#128,.T.);
#364=EDGE_CURVE('',#283,#284,#199,.T.);
#365=EDGE_CURVE('',#284,#282,#129,.T.);
#366=EDGE_CURVE('',#281,#283,#130,.T.);
#367=EDGE_CURVE('',#285,#286,#200,.T.);
#368=EDGE_CURVE('',#286,#284,#131,.T.);
#369=EDGE_CURVE('',#283,#285,#132,.T.);
#370=EDGE_CURVE('',#287,#288,#201,.T.);
#371=EDGE_CURVE('',#288,#286,#133,.T.);
#372=EDGE_CURVE('',#285,#287,#134,.T.);
#373=EDGE_CURVE('',#289,#290,#202,.T.);
#374=EDGE_CURVE('',#290,#288,#135,.T.);
#375=EDGE_CURVE('',#287,#289,#136,.T.);
#376=EDGE_CURVE('',#291,#292,#203,.T.);
#377=EDGE_CURVE('',#291,#293,#137,.T.);
#378=EDGE_CURVE('',#294,#293,#118,.T.);
#379=EDGE_CURVE('',#294,#292,#138,.T.);
#380=EDGE_CURVE('',#295,#296,#204,.T.);
#381=EDGE_CURVE('',#296,#297,#139,.T.);
#382=EDGE_CURVE('',#298,#297,#119,.T.);
#383=EDGE_CURVE('',#295,#298,#140,.T.);
#384=EDGE_CURVE('',#299,#300,#205,.T.);
#385=EDGE_CURVE('',#300,#296,#141,.T.);
#386=EDGE_CURVE('',#299,#295,#142,.T.);
#387=EDGE_CURVE('',#301,#302,#206,.T.);
#388=EDGE_CURVE('',#302,#300,#143,.T.);
#389=EDGE_CURVE('',#301,#299,#144,.T.);
#390=EDGE_CURVE('',#303,#304,#207,.T.);
#391=EDGE_CURVE('',#304,#302,#145,.T.);
#392=EDGE_CURVE('',#303,#301,#146,.T.);
#393=EDGE_CURVE('',#305,#306,#208,.T.);
#394=EDGE_CURVE('',#306,#304,#147,.T.);
#395=EDGE_CURVE('',#305,#303,#148,.T.);
#396=EDGE_CURVE('',#307,#308,#209,.T.);
#397=EDGE_CURVE('',#308,#306,#149,.T.);
#398=EDGE_CURVE('',#307,#305,#150,.T.);
#399=EDGE_CURVE('',#309,#310,#210,.T.);
#400=EDGE_CURVE('',#311,#309,#151,.T.);
#401=EDGE_CURVE('',#312,#311,#120,.T.);
#402=EDGE_CURVE('',#312,#310,#152,.T.);
#403=EDGE_CURVE('',#313,#314,#211,.T.);
#404=EDGE_CURVE('',#314,#315,#153,.T.);
#405=EDGE_CURVE('',#316,#315,#121,.T.);
#406=EDGE_CURVE('',#316,#313,#154,.T.);
#407=EDGE_CURVE('',#317,#318,#212,.T.);
#408=EDGE_CURVE('',#318,#314,#155,.T.);
#409=EDGE_CURVE('',#313,#317,#156,.T.);
#410=EDGE_CURVE('',#319,#320,#213,.T.);
#411=EDGE_CURVE('',#320,#318,#157,.T.);
#412=EDGE_CURVE('',#317,#319,#158,.T.);
#413=EDGE_CURVE('',#321,#322,#214,.T.);
#414=EDGE_CURVE('',#322,#320,#159,.T.);
#415=EDGE_CURVE('',#319,#321,#160,.T.);
#416=EDGE_CURVE('',#323,#324,#215,.T.);
#417=EDGE_CURVE('',#324,#322,#161,.T.);
#418=EDGE_CURVE('',#321,#323,#162,.T.);
#419=EDGE_CURVE('',#325,#326,#216,.T.);
#420=EDGE_CURVE('',#326,#324,#163,.T.);
#421=EDGE_CURVE('',#323,#325,#164,.T.);
#422=EDGE_CURVE('',#327,#328,#217,.T.);
#423=EDGE_CURVE('',#327,#329,#165,.T.);
#424=EDGE_CURVE('',#330,#329,#122,.T.);
#425=EDGE_CURVE('',#330,#328,#166,.T.);
#426=EDGE_CURVE('',#331,#332,#218,.T.);
#427=EDGE_CURVE('',#332,#333,#167,.T.);
#428=EDGE_CURVE('',#334,#333,#123,.T.);
#429=EDGE_CURVE('',#331,#334,#168,.T.);
#430=EDGE_CURVE('',#335,#336,#219,.T.);
#431=EDGE_CURVE('',#336,#332,#169,.T.);
#432=EDGE_CURVE('',#335,#331,#170,.T.);
#433=EDGE_CURVE('',#337,#338,#220,.T.);
#434=EDGE_CURVE('',#338,#336,#171,.T.);
#435=EDGE_CURVE('',#337,#335,#172,.T.);
#436=EDGE_CURVE('',#339,#340,#221,.T.);
#437=EDGE_CURVE('',#340,#338,#173,.T.);
#438=EDGE_CURVE('',#339,#337,#174,.T.);
#439=EDGE_CURVE('',#341,#342,#222,.T.);
#440=EDGE_CURVE('',#342,#340,#175,.T.);
#441=EDGE_CURVE('',#341,#339,#176,.T.);
#442=EDGE_CURVE('',#343,#344,#223,.T.);
#443=EDGE_CURVE('',#344,#342,#177,.T.);
#444=EDGE_CURVE('',#343,#341,#178,.T.);
#445=EDGE_CURVE('',#345,#346,#224,.T.);
#446=EDGE_CURVE('',#347,#345,#179,.T.);
#447=EDGE_CURVE('',#348,#347,#124,.T.);
#448=EDGE_CURVE('',#348,#346,#180,.T.);
#449=EDGE_CURVE('',#346,#344,#181,.T.);
#450=EDGE_CURVE('',#345,#343,#182,.T.);
#451=EDGE_CURVE('',#333,#316,#183,.T.);
#452=EDGE_CURVE('',#329,#348,#184,.T.);
#453=EDGE_CURVE('',#325,#327,#185,.T.);
#454=EDGE_CURVE('',#315,#334,#186,.T.);
#455=EDGE_CURVE('',#328,#326,#187,.T.);
#456=EDGE_CURVE('',#347,#330,#188,.T.);
#457=EDGE_CURVE('',#349,#350,#225,.T.);
#458=EDGE_CURVE('',#350,#351,#226,.T.);
#459=EDGE_CURVE('',#351,#352,#227,.T.);
#460=EDGE_CURVE('',#352,#349,#228,.T.);
#461=EDGE_CURVE('',#293,#312,#189,.T.);
#462=EDGE_CURVE('',#311,#294,#190,.T.);
#463=EDGE_CURVE('',#310,#308,#191,.T.);
#464=EDGE_CURVE('',#309,#307,#192,.T.);
#465=EDGE_CURVE('',#297,#280,#193,.T.);
#466=EDGE_CURVE('',#289,#291,#194,.T.);
#467=EDGE_CURVE('',#279,#298,#195,.T.);
#468=EDGE_CURVE('',#292,#290,#196,.T.);
#469=EDGE_CURVE('',#353,#354,#229,.T.);
#470=EDGE_CURVE('',#349,#353,#230,.T.);
#471=EDGE_CURVE('',#354,#352,#231,.T.);
#472=EDGE_CURVE('',#354,#355,#232,.T.);
#473=EDGE_CURVE('',#355,#351,#233,.T.);
#474=EDGE_CURVE('',#355,#356,#234,.T.);
#475=EDGE_CURVE('',#356,#350,#235,.T.);
#476=EDGE_CURVE('',#353,#356,#236,.T.);
#477=ORIENTED_EDGE('',*,*,#357,.T.);
#478=ORIENTED_EDGE('',*,*,#358,.T.);
#479=ORIENTED_EDGE('',*,*,#359,.F.);
#480=ORIENTED_EDGE('',*,*,#360,.T.);
#481=ORIENTED_EDGE('',*,*,#361,.T.);
#482=ORIENTED_EDGE('',*,*,#362,.T.);
#483=ORIENTED_EDGE('',*,*,#357,.F.);
#484=ORIENTED_EDGE('',*,*,#363,.T.);
#485=ORIENTED_EDGE('',*,*,#364,.T.);
#486=ORIENTED_EDGE('',*,*,#365,.T.);
#487=ORIENTED_EDGE('',*,*,#361,.F.);
#488=ORIENTED_EDGE('',*,*,#366,.T.);
#489=ORIENTED_EDGE('',*,*,#367,.T.);
#490=ORIENTED_EDGE('',*,*,#368,.T.);
#491=ORIENTED_EDGE('',*,*,#364,.F.);
#492=ORIENTED_EDGE('',*,*,#369,.T.);
#493=ORIENTED_EDGE('',*,*,#370,.T.);
#494=ORIENTED_EDGE('',*,*,#371,.T.);
#495=ORIENTED_EDGE('',*,*,#367,.F.);
#496=ORIENTED_EDGE('',*,*,#372,.T.);
#497=ORIENTED_EDGE('',*,*,#373,.T.);
#498=ORIENTED_EDGE('',*,*,#374,.T.);
#499=ORIENTED_EDGE('',*,*,#370,.F.);
#500=ORIENTED_EDGE('',*,*,#375,.T.);
#501=ORIENTED_EDGE('',*,*,#376,.F.);
#502=ORIENTED_EDGE('',*,*,#377,.T.);
#503=ORIENTED_EDGE('',*,*,#378,.F.);
#504=ORIENTED_EDGE('',*,*,#379,.T.);
#505=ORIENTED_EDGE('',*,*,#380,.T.);
#506=ORIENTED_EDGE('',*,*,#381,.T.);
#507=ORIENTED_EDGE('',*,*,#382,.F.);
#508=ORIENTED_EDGE('',*,*,#383,.F.);
#509=ORIENTED_EDGE('',*,*,#384,.T.);
#510=ORIENTED_EDGE('',*,*,#385,.T.);
#511=ORIENTED_EDGE('',*,*,#380,.F.);
#512=ORIENTED_EDGE('',*,*,#386,.F.);
#513=ORIENTED_EDGE('',*,*,#387,.T.);
#514=ORIENTED_EDGE('',*,*,#388,.T.);
#515=ORIENTED_EDGE('',*,*,#384,.F.);
#516=ORIENTED_EDGE('',*,*,#389,.F.);
#517=ORIENTED_EDGE('',*,*,#390,.T.);
#518=ORIENTED_EDGE('',*,*,#391,.T.);
#519=ORIENTED_EDGE('',*,*,#387,.F.);
#520=ORIENTED_EDGE('',*,*,#392,.F.);
#521=ORIENTED_EDGE('',*,*,#393,.T.);
#522=ORIENTED_EDGE('',*,*,#394,.T.);
#523=ORIENTED_EDGE('',*,*,#390,.F.);
#524=ORIENTED_EDGE('',*,*,#395,.F.);
#525=ORIENTED_EDGE('',*,*,#396,.T.);
#526=ORIENTED_EDGE('',*,*,#397,.T.);
#527=ORIENTED_EDGE('',*,*,#393,.F.);
#528=ORIENTED_EDGE('',*,*,#398,.F.);
#529=ORIENTED_EDGE('',*,*,#399,.F.);
#530=ORIENTED_EDGE('',*,*,#400,.F.);
#531=ORIENTED_EDGE('',*,*,#401,.F.);
#532=ORIENTED_EDGE('',*,*,#402,.T.);
#533=ORIENTED_EDGE('',*,*,#403,.T.);
#534=ORIENTED_EDGE('',*,*,#404,.T.);
#535=ORIENTED_EDGE('',*,*,#405,.F.);
#536=ORIENTED_EDGE('',*,*,#406,.T.);
#537=ORIENTED_EDGE('',*,*,#407,.T.);
#538=ORIENTED_EDGE('',*,*,#408,.T.);
#539=ORIENTED_EDGE('',*,*,#403,.F.);
#540=ORIENTED_EDGE('',*,*,#409,.T.);
#541=ORIENTED_EDGE('',*,*,#410,.T.);
#542=ORIENTED_EDGE('',*,*,#411,.T.);
#543=ORIENTED_EDGE('',*,*,#407,.F.);
#544=ORIENTED_EDGE('',*,*,#412,.T.);
#545=ORIENTED_EDGE('',*,*,#413,.T.);
#546=ORIENTED_EDGE('',*,*,#414,.T.);
#547=ORIENTED_EDGE('',*,*,#410,.F.);
#548=ORIENTED_EDGE('',*,*,#415,.T.);
#549=ORIENTED_EDGE('',*,*,#416,.T.);
#550=ORIENTED_EDGE('',*,*,#417,.T.);
#551=ORIENTED_EDGE('',*,*,#413,.F.);
#552=ORIENTED_EDGE('',*,*,#418,.T.);
#553=ORIENTED_EDGE('',*,*,#419,.T.);
#554=ORIENTED_EDGE('',*,*,#420,.T.);
#555=ORIENTED_EDGE('',*,*,#416,.F.);
#556=ORIENTED_EDGE('',*,*,#421,.T.);
#557=ORIENTED_EDGE('',*,*,#422,.F.);
#558=ORIENTED_EDGE('',*,*,#423,.T.);
#559=ORIENTED_EDGE('',*,*,#424,.F.);
#560=ORIENTED_EDGE('',*,*,#425,.T.);
#561=ORIENTED_EDGE('',*,*,#426,.T.);
#562=ORIENTED_EDGE('',*,*,#427,.T.);
#563=ORIENTED_EDGE('',*,*,#428,.F.);
#564=ORIENTED_EDGE('',*,*,#429,.F.);
#565=ORIENTED_EDGE('',*,*,#430,.T.);
#566=ORIENTED_EDGE('',*,*,#431,.T.);
#567=ORIENTED_EDGE('',*,*,#426,.F.);
#568=ORIENTED_EDGE('',*,*,#432,.F.);
#569=ORIENTED_EDGE('',*,*,#433,.T.);
#570=ORIENTED_EDGE('',*,*,#434,.T.);
#571=ORIENTED_EDGE('',*,*,#430,.F.);
#572=ORIENTED_EDGE('',*,*,#435,.F.);
#573=ORIENTED_EDGE('',*,*,#436,.T.);
#574=ORIENTED_EDGE('',*,*,#437,.T.);
#575=ORIENTED_EDGE('',*,*,#433,.F.);
#576=ORIENTED_EDGE('',*,*,#438,.F.);
#577=ORIENTED_EDGE('',*,*,#439,.T.);
#578=ORIENTED_EDGE('',*,*,#440,.T.);
#579=ORIENTED_EDGE('',*,*,#436,.F.);
#580=ORIENTED_EDGE('',*,*,#441,.F.);
#581=ORIENTED_EDGE('',*,*,#442,.T.);
#582=ORIENTED_EDGE('',*,*,#443,.T.);
#583=ORIENTED_EDGE('',*,*,#439,.F.);
#584=ORIENTED_EDGE('',*,*,#444,.F.);
#585=ORIENTED_EDGE('',*,*,#445,.F.);
#586=ORIENTED_EDGE('',*,*,#446,.F.);
#587=ORIENTED_EDGE('',*,*,#447,.F.);
#588=ORIENTED_EDGE('',*,*,#448,.T.);
#589=ORIENTED_EDGE('',*,*,#445,.T.);
#590=ORIENTED_EDGE('',*,*,#449,.T.);
#591=ORIENTED_EDGE('',*,*,#442,.F.);
#592=ORIENTED_EDGE('',*,*,#450,.F.);
#593=ORIENTED_EDGE('',*,*,#451,.F.);
#594=ORIENTED_EDGE('',*,*,#427,.F.);
#595=ORIENTED_EDGE('',*,*,#431,.F.);
#596=ORIENTED_EDGE('',*,*,#434,.F.);
#597=ORIENTED_EDGE('',*,*,#437,.F.);
#598=ORIENTED_EDGE('',*,*,#440,.F.);
#599=ORIENTED_EDGE('',*,*,#443,.F.);
#600=ORIENTED_EDGE('',*,*,#449,.F.);
#601=ORIENTED_EDGE('',*,*,#448,.F.);
#602=ORIENTED_EDGE('',*,*,#452,.F.);
#603=ORIENTED_EDGE('',*,*,#423,.F.);
#604=ORIENTED_EDGE('',*,*,#453,.F.);
#605=ORIENTED_EDGE('',*,*,#421,.F.);
#606=ORIENTED_EDGE('',*,*,#418,.F.);
#607=ORIENTED_EDGE('',*,*,#415,.F.);
#608=ORIENTED_EDGE('',*,*,#412,.F.);
#609=ORIENTED_EDGE('',*,*,#409,.F.);
#610=ORIENTED_EDGE('',*,*,#406,.F.);
#611=ORIENTED_EDGE('',*,*,#454,.F.);
#612=ORIENTED_EDGE('',*,*,#404,.F.);
#613=ORIENTED_EDGE('',*,*,#408,.F.);
#614=ORIENTED_EDGE('',*,*,#411,.F.);
#615=ORIENTED_EDGE('',*,*,#414,.F.);
#616=ORIENTED_EDGE('',*,*,#417,.F.);
#617=ORIENTED_EDGE('',*,*,#420,.F.);
#618=ORIENTED_EDGE('',*,*,#455,.F.);
#619=ORIENTED_EDGE('',*,*,#425,.F.);
#620=ORIENTED_EDGE('',*,*,#456,.F.);
#621=ORIENTED_EDGE('',*,*,#446,.T.);
#622=ORIENTED_EDGE('',*,*,#450,.T.);
#623=ORIENTED_EDGE('',*,*,#444,.T.);
#624=ORIENTED_EDGE('',*,*,#441,.T.);
#625=ORIENTED_EDGE('',*,*,#438,.T.);
#626=ORIENTED_EDGE('',*,*,#435,.T.);
#627=ORIENTED_EDGE('',*,*,#432,.T.);
#628=ORIENTED_EDGE('',*,*,#429,.T.);
#629=ORIENTED_EDGE('',*,*,#457,.T.);
#630=ORIENTED_EDGE('',*,*,#458,.T.);
#631=ORIENTED_EDGE('',*,*,#459,.T.);
#632=ORIENTED_EDGE('',*,*,#460,.T.);
#633=ORIENTED_EDGE('',*,*,#461,.T.);
#634=ORIENTED_EDGE('',*,*,#401,.T.);
#635=ORIENTED_EDGE('',*,*,#462,.T.);
#636=ORIENTED_EDGE('',*,*,#378,.T.);
#637=ORIENTED_EDGE('',*,*,#452,.T.);
#638=ORIENTED_EDGE('',*,*,#447,.T.);
#639=ORIENTED_EDGE('',*,*,#456,.T.);
#640=ORIENTED_EDGE('',*,*,#424,.T.);
#641=ORIENTED_EDGE('',*,*,#422,.T.);
#642=ORIENTED_EDGE('',*,*,#455,.T.);
#643=ORIENTED_EDGE('',*,*,#419,.F.);
#644=ORIENTED_EDGE('',*,*,#453,.T.);
#645=ORIENTED_EDGE('',*,*,#399,.T.);
#646=ORIENTED_EDGE('',*,*,#463,.T.);
#647=ORIENTED_EDGE('',*,*,#396,.F.);
#648=ORIENTED_EDGE('',*,*,#464,.F.);
#649=ORIENTED_EDGE('',*,*,#465,.F.);
#650=ORIENTED_EDGE('',*,*,#381,.F.);
#651=ORIENTED_EDGE('',*,*,#385,.F.);
#652=ORIENTED_EDGE('',*,*,#388,.F.);
#653=ORIENTED_EDGE('',*,*,#391,.F.);
#654=ORIENTED_EDGE('',*,*,#394,.F.);
#655=ORIENTED_EDGE('',*,*,#397,.F.);
#656=ORIENTED_EDGE('',*,*,#463,.F.);
#657=ORIENTED_EDGE('',*,*,#402,.F.);
#658=ORIENTED_EDGE('',*,*,#461,.F.);
#659=ORIENTED_EDGE('',*,*,#377,.F.);
#660=ORIENTED_EDGE('',*,*,#466,.F.);
#661=ORIENTED_EDGE('',*,*,#375,.F.);
#662=ORIENTED_EDGE('',*,*,#372,.F.);
#663=ORIENTED_EDGE('',*,*,#369,.F.);
#664=ORIENTED_EDGE('',*,*,#366,.F.);
#665=ORIENTED_EDGE('',*,*,#363,.F.);
#666=ORIENTED_EDGE('',*,*,#360,.F.);
#667=ORIENTED_EDGE('',*,*,#467,.F.);
#668=ORIENTED_EDGE('',*,*,#358,.F.);
#669=ORIENTED_EDGE('',*,*,#362,.F.);
#670=ORIENTED_EDGE('',*,*,#365,.F.);
#671=ORIENTED_EDGE('',*,*,#368,.F.);
#672=ORIENTED_EDGE('',*,*,#371,.F.);
#673=ORIENTED_EDGE('',*,*,#374,.F.);
#674=ORIENTED_EDGE('',*,*,#468,.F.);
#675=ORIENTED_EDGE('',*,*,#379,.F.);
#676=ORIENTED_EDGE('',*,*,#462,.F.);
#677=ORIENTED_EDGE('',*,*,#400,.T.);
#678=ORIENTED_EDGE('',*,*,#464,.T.);
#679=ORIENTED_EDGE('',*,*,#398,.T.);
#680=ORIENTED_EDGE('',*,*,#395,.T.);
#681=ORIENTED_EDGE('',*,*,#392,.T.);
#682=ORIENTED_EDGE('',*,*,#389,.T.);
#683=ORIENTED_EDGE('',*,*,#386,.T.);
#684=ORIENTED_EDGE('',*,*,#383,.T.);
#685=ORIENTED_EDGE('',*,*,#376,.T.);
#686=ORIENTED_EDGE('',*,*,#468,.T.);
#687=ORIENTED_EDGE('',*,*,#373,.F.);
#688=ORIENTED_EDGE('',*,*,#466,.T.);
#689=ORIENTED_EDGE('',*,*,#469,.F.);
#690=ORIENTED_EDGE('',*,*,#470,.F.);
#691=ORIENTED_EDGE('',*,*,#460,.F.);
#692=ORIENTED_EDGE('',*,*,#471,.F.);
#693=ORIENTED_EDGE('',*,*,#472,.F.);
#694=ORIENTED_EDGE('',*,*,#471,.T.);
#695=ORIENTED_EDGE('',*,*,#459,.F.);
#696=ORIENTED_EDGE('',*,*,#473,.F.);
#697=ORIENTED_EDGE('',*,*,#474,.F.);
#698=ORIENTED_EDGE('',*,*,#473,.T.);
#699=ORIENTED_EDGE('',*,*,#458,.F.);
#700=ORIENTED_EDGE('',*,*,#475,.F.);
#701=ORIENTED_EDGE('',*,*,#476,.T.);
#702=ORIENTED_EDGE('',*,*,#475,.T.);
#703=ORIENTED_EDGE('',*,*,#457,.F.);
#704=ORIENTED_EDGE('',*,*,#470,.T.);
#705=ORIENTED_EDGE('',*,*,#472,.T.);
#706=ORIENTED_EDGE('',*,*,#474,.T.);
#707=ORIENTED_EDGE('',*,*,#476,.F.);
#708=ORIENTED_EDGE('',*,*,#469,.T.);
#709=ORIENTED_EDGE('',*,*,#451,.T.);
#710=ORIENTED_EDGE('',*,*,#405,.T.);
#711=ORIENTED_EDGE('',*,*,#454,.T.);
#712=ORIENTED_EDGE('',*,*,#428,.T.);
#713=ORIENTED_EDGE('',*,*,#465,.T.);
#714=ORIENTED_EDGE('',*,*,#359,.T.);
#715=ORIENTED_EDGE('',*,*,#467,.T.);
#716=ORIENTED_EDGE('',*,*,#382,.T.);
#717=CYLINDRICAL_SURFACE('',#805,1.666);
#718=CYLINDRICAL_SURFACE('',#807,1.666);
#719=CYLINDRICAL_SURFACE('',#808,1.666);
#720=CYLINDRICAL_SURFACE('',#809,1.666);
#721=CYLINDRICAL_SURFACE('',#810,1.666);
#722=CYLINDRICAL_SURFACE('',#811,1.666);
#723=CYLINDRICAL_SURFACE('',#812,1.666);
#724=CYLINDRICAL_SURFACE('',#814,2.05474999999998);
#725=CYLINDRICAL_SURFACE('',#816,2.05474999999998);
#726=CYLINDRICAL_SURFACE('',#817,2.05474999999998);
#727=CYLINDRICAL_SURFACE('',#818,2.05474999999998);
#728=CYLINDRICAL_SURFACE('',#819,2.05474999999998);
#729=CYLINDRICAL_SURFACE('',#820,2.05474999999998);
#730=CYLINDRICAL_SURFACE('',#821,2.05474999999998);
#731=CYLINDRICAL_SURFACE('',#823,1.666);
#732=CYLINDRICAL_SURFACE('',#825,1.666);
#733=CYLINDRICAL_SURFACE('',#826,1.666);
#734=CYLINDRICAL_SURFACE('',#827,1.666);
#735=CYLINDRICAL_SURFACE('',#828,1.666);
#736=CYLINDRICAL_SURFACE('',#829,1.666);
#737=CYLINDRICAL_SURFACE('',#830,1.666);
#738=CYLINDRICAL_SURFACE('',#832,2.05475000000002);
#739=CYLINDRICAL_SURFACE('',#834,2.05475000000002);
#740=CYLINDRICAL_SURFACE('',#835,2.05475000000002);
#741=CYLINDRICAL_SURFACE('',#836,2.05475000000002);
#742=CYLINDRICAL_SURFACE('',#837,2.05475000000002);
#743=CYLINDRICAL_SURFACE('',#838,2.05475000000002);
#744=CYLINDRICAL_SURFACE('',#839,2.05475000000002);
#745=CYLINDRICAL_SURFACE('',#841,2.05475000000002);
#746=CYLINDRICAL_SURFACE('',#843,1.666);
#747=CYLINDRICAL_SURFACE('',#844,2.05474999999998);
#748=CYLINDRICAL_SURFACE('',#845,1.666);
#749=ADVANCED_FACE('',(#29),#717,.F.);
#750=ADVANCED_FACE('',(#30),#718,.F.);
#751=ADVANCED_FACE('',(#31),#719,.F.);
#752=ADVANCED_FACE('',(#32),#720,.F.);
#753=ADVANCED_FACE('',(#33),#721,.F.);
#754=ADVANCED_FACE('',(#34),#722,.F.);
#755=ADVANCED_FACE('',(#35),#723,.F.);
#756=ADVANCED_FACE('',(#36),#724,.F.);
#757=ADVANCED_FACE('',(#37),#725,.F.);
#758=ADVANCED_FACE('',(#38),#726,.F.);
#759=ADVANCED_FACE('',(#39),#727,.F.);
#760=ADVANCED_FACE('',(#40),#728,.F.);
#761=ADVANCED_FACE('',(#41),#729,.F.);
#762=ADVANCED_FACE('',(#42),#730,.F.);
#763=ADVANCED_FACE('',(#43),#731,.F.);
#764=ADVANCED_FACE('',(#44),#732,.F.);
#765=ADVANCED_FACE('',(#45),#733,.F.);
#766=ADVANCED_FACE('',(#46),#734,.F.);
#767=ADVANCED_FACE('',(#47),#735,.F.);
#768=ADVANCED_FACE('',(#48),#736,.F.);
#769=ADVANCED_FACE('',(#49),#737,.F.);
#770=ADVANCED_FACE('',(#50),#738,.F.);
#771=ADVANCED_FACE('',(#51),#739,.F.);
#772=ADVANCED_FACE('',(#52),#740,.F.);
#773=ADVANCED_FACE('',(#53),#741,.F.);
#774=ADVANCED_FACE('',(#54),#742,.F.);
#775=ADVANCED_FACE('',(#55),#743,.F.);
#776=ADVANCED_FACE('',(#56),#744,.F.);
#777=ADVANCED_FACE('',(#57),#745,.F.);
#778=ADVANCED_FACE('',(#58),#25,.F.);
#779=ADVANCED_FACE('',(#59),#26,.F.);
#780=ADVANCED_FACE('',(#60,#15,#16),#19,.T.);
#781=ADVANCED_FACE('',(#61),#746,.F.);
#782=ADVANCED_FACE('',(#62),#747,.F.);
#783=ADVANCED_FACE('',(#63),#27,.F.);
#784=ADVANCED_FACE('',(#64),#28,.F.);
#785=ADVANCED_FACE('',(#65),#748,.F.);
#786=ADVANCED_FACE('',(#66),#20,.F.);
#787=ADVANCED_FACE('',(#67),#21,.T.);
#788=ADVANCED_FACE('',(#68),#22,.T.);
#789=ADVANCED_FACE('',(#69),#23,.T.);
#790=ADVANCED_FACE('',(#70,#17,#18),#24,.F.);
#791=CLOSED_SHELL('',(#749,#750,#751,#752,#753,#754,#755,#756,#757,#758,
#759,#760,#761,#762,#763,#764,#765,#766,#767,#768,#769,#770,#771,#772,#773,
#774,#775,#776,#777,#778,#779,#780,#781,#782,#783,#784,#785,#786,#787,#788,
#789,#790));
#792=DERIVED_UNIT_ELEMENT(#794,1.);
#793=DERIVED_UNIT_ELEMENT(#3597,-3.);
#794=(
MASS_UNIT()
NAMED_UNIT(*)
SI_UNIT(.KILO.,.GRAM.)
);
#795=DERIVED_UNIT((#792,#793));
#796=MEASURE_REPRESENTATION_ITEM('density measure',
POSITIVE_RATIO_MEASURE(7850.),#795);
#797=PROPERTY_DEFINITION_REPRESENTATION(#802,#799);
#798=PROPERTY_DEFINITION_REPRESENTATION(#803,#800);
#799=REPRESENTATION('material name',(#801),#3594);
#800=REPRESENTATION('density',(#796),#3594);
#801=DESCRIPTIVE_REPRESENTATION_ITEM('Steel','Steel');
#802=PROPERTY_DEFINITION('material property','material name',#3604);
#803=PROPERTY_DEFINITION('material property','density of part',#3604);
#804=AXIS2_PLACEMENT_3D('',#985,#851,#852);
#805=AXIS2_PLACEMENT_3D('',#986,#853,#854);
#806=AXIS2_PLACEMENT_3D('',#999,#856,#857);
#807=AXIS2_PLACEMENT_3D('',#1013,#858,#859);
#808=AXIS2_PLACEMENT_3D('',#1061,#861,#862);
#809=AXIS2_PLACEMENT_3D('',#1112,#864,#865);
#810=AXIS2_PLACEMENT_3D('',#1163,#867,#868);
#811=AXIS2_PLACEMENT_3D('',#1211,#870,#871);
#812=AXIS2_PLACEMENT_3D('',#1262,#873,#874);
#813=AXIS2_PLACEMENT_3D('',#1281,#876,#877);
#814=AXIS2_PLACEMENT_3D('',#1301,#878,#879);
#815=AXIS2_PLACEMENT_3D('',#1316,#881,#882);
#816=AXIS2_PLACEMENT_3D('',#1326,#883,#884);
#817=AXIS2_PLACEMENT_3D('',#1351,#886,#887);
#818=AXIS2_PLACEMENT_3D('',#1375,#889,#890);
#819=AXIS2_PLACEMENT_3D('',#1400,#892,#893);
#820=AXIS2_PLACEMENT_3D('',#1425,#895,#896);
#821=AXIS2_PLACEMENT_3D('',#1449,#898,#899);
#822=AXIS2_PLACEMENT_3D('',#1460,#901,#902);
#823=AXIS2_PLACEMENT_3D('',#1466,#903,#904);
#824=AXIS2_PLACEMENT_3D('',#1479,#906,#907);
#825=AXIS2_PLACEMENT_3D('',#1493,#908,#909);
#826=AXIS2_PLACEMENT_3D('',#1541,#911,#912);
#827=AXIS2_PLACEMENT_3D('',#1592,#914,#915);
#828=AXIS2_PLACEMENT_3D('',#1643,#917,#918);
#829=AXIS2_PLACEMENT_3D('',#1691,#920,#921);
#830=AXIS2_PLACEMENT_3D('',#1742,#923,#924);
#831=AXIS2_PLACEMENT_3D('',#1761,#926,#927);
#832=AXIS2_PLACEMENT_3D('',#1781,#928,#929);
#833=AXIS2_PLACEMENT_3D('',#1796,#931,#932);
#834=AXIS2_PLACEMENT_3D('',#1806,#933,#934);
#835=AXIS2_PLACEMENT_3D('',#1831,#936,#937);
#836=AXIS2_PLACEMENT_3D('',#1855,#939,#940);
#837=AXIS2_PLACEMENT_3D('',#1880,#942,#943);
#838=AXIS2_PLACEMENT_3D('',#1905,#945,#946);
#839=AXIS2_PLACEMENT_3D('',#1929,#948,#949);
#840=AXIS2_PLACEMENT_3D('',#1940,#951,#952);
#841=AXIS2_PLACEMENT_3D('',#1946,#953,#954);
#842=AXIS2_PLACEMENT_3D('',#2755,#955,#956);
#843=AXIS2_PLACEMENT_3D('',#2934,#961,#962);
#844=AXIS2_PLACEMENT_3D('',#2935,#963,#964);
#845=AXIS2_PLACEMENT_3D('',#3574,#965,#966);
#846=AXIS2_PLACEMENT_3D('',#3575,#967,#968);
#847=AXIS2_PLACEMENT_3D('',#3581,#972,#973);
#848=AXIS2_PLACEMENT_3D('',#3585,#976,#977);
#849=AXIS2_PLACEMENT_3D('',#3589,#980,#981);
#850=AXIS2_PLACEMENT_3D('',#3591,#983,#984);
#851=DIRECTION('axis',(0.,0.,1.));
#852=DIRECTION('refdir',(1.,0.,0.));
#853=DIRECTION('center_axis',(0.,0.,-1.));
#854=DIRECTION('ref_axis',(0.095811589664778,0.995399487284331,0.));
#855=DIRECTION('',(0.,0.,-1.));
#856=DIRECTION('center_axis',(0.,0.,1.));
#857=DIRECTION('ref_axis',(1.,0.,0.));
#858=DIRECTION('center_axis',(0.,0.,-1.));
#859=DIRECTION('ref_axis',(1.,0.,0.));
#860=DIRECTION('',(0.,0.,-1.));
#861=DIRECTION('center_axis',(0.,0.,-1.));
#862=DIRECTION('ref_axis',(1.,0.,0.));
#863=DIRECTION('',(0.,0.,-1.));
#864=DIRECTION('center_axis',(0.,0.,-1.));
#865=DIRECTION('ref_axis',(1.,0.,0.));
#866=DIRECTION('',(0.,0.,-1.));
#867=DIRECTION('center_axis',(0.,0.,-1.));
#868=DIRECTION('ref_axis',(1.,0.,0.));
#869=DIRECTION('',(0.,0.,-1.));
#870=DIRECTION('center_axis',(0.,0.,-1.));
#871=DIRECTION('ref_axis',(1.,0.,0.));
#872=DIRECTION('',(0.,0.,-1.));
#873=DIRECTION('center_axis',(0.,0.,-1.));
#874=DIRECTION('ref_axis',(0.938424178475733,-0.345485254753579,0.));
#875=DIRECTION('',(0.,0.,-1.));
#876=DIRECTION('center_axis',(0.,0.,-1.));
#877=DIRECTION('ref_axis',(1.,0.,0.));
#878=DIRECTION('center_axis',(0.,0.,-1.));
#879=DIRECTION('ref_axis',(0.978777501611346,0.204925845952754,0.));
#880=DIRECTION('',(1.22464679914735E-16,-8.48477627655657E-30,-1.));
#881=DIRECTION('center_axis',(0.,0.,1.));
#882=DIRECTION('ref_axis',(1.,-6.91609914354648E-14,0.));
#883=DIRECTION('center_axis',(0.,0.,-1.));
#884=DIRECTION('ref_axis',(1.,-6.91609914354648E-14,0.));
#885=DIRECTION('',(1.22464679914735E-16,-8.48477627655657E-30,-1.));
#886=DIRECTION('center_axis',(0.,0.,-1.));
#887=DIRECTION('ref_axis',(1.,-6.91609914354648E-14,0.));
#888=DIRECTION('',(1.22464679914735E-16,-8.48477627655657E-30,-1.));
#889=DIRECTION('center_axis',(0.,0.,-1.));
#890=DIRECTION('ref_axis',(1.,-6.91609914354648E-14,0.));
#891=DIRECTION('',(1.22464679914735E-16,-8.48477627655657E-30,-1.));
#892=DIRECTION('center_axis',(0.,0.,-1.));
#893=DIRECTION('ref_axis',(1.,-6.91609914354648E-14,0.));
#894=DIRECTION('',(1.22464679914735E-16,-8.48477627655657E-30,-1.));
#895=DIRECTION('center_axis',(0.,0.,-1.));
#896=DIRECTION('ref_axis',(1.,-6.91609914354648E-14,0.));
#897=DIRECTION('',(1.22464679914735E-16,-8.48477627655657E-30,-1.));
#898=DIRECTION('center_axis',(0.,0.,-1.));
#899=DIRECTION('ref_axis',(-0.60937465530754,-0.792882418438457,0.));
#900=DIRECTION('',(1.22464679914735E-16,-8.48477627655657E-30,-1.));
#901=DIRECTION('center_axis',(0.,0.,-1.));
#902=DIRECTION('ref_axis',(1.,-6.91609914354648E-14,0.));
#903=DIRECTION('center_axis',(0.,0.,-1.));
#904=DIRECTION('ref_axis',(0.095814829730766,0.995399175408371,0.));
#905=DIRECTION('',(0.,0.,-1.));
#906=DIRECTION('center_axis',(0.,0.,1.));
#907=DIRECTION('ref_axis',(1.,0.,0.));
#908=DIRECTION('center_axis',(0.,0.,-1.));
#909=DIRECTION('ref_axis',(1.,0.,0.));
#910=DIRECTION('',(0.,0.,-1.));
#911=DIRECTION('center_axis',(0.,0.,-1.));
#912=DIRECTION('ref_axis',(1.,0.,0.));
#913=DIRECTION('',(0.,0.,-1.));
#914=DIRECTION('center_axis',(0.,0.,-1.));
#915=DIRECTION('ref_axis',(1.,0.,0.));
#916=DIRECTION('',(0.,0.,-1.));
#917=DIRECTION('center_axis',(0.,0.,-1.));
#918=DIRECTION('ref_axis',(1.,0.,0.));
#919=DIRECTION('',(0.,0.,-1.));
#920=DIRECTION('center_axis',(0.,0.,-1.));
#921=DIRECTION('ref_axis',(1.,0.,0.));
#922=DIRECTION('',(0.,0.,-1.));
#923=DIRECTION('center_axis',(0.,0.,-1.));
#924=DIRECTION('ref_axis',(0.938424032285511,-0.34548565184245,0.));
#925=DIRECTION('',(0.,0.,-1.));
#926=DIRECTION('center_axis',(0.,0.,-1.));
#927=DIRECTION('ref_axis',(1.,0.,0.));
#928=DIRECTION('center_axis',(0.,0.,-1.));
#929=DIRECTION('ref_axis',(0.978777505112857,0.204925829228652,0.));
#930=DIRECTION('',(1.22464679914735E-16,-1.49975978266186E-32,-1.));
#931=DIRECTION('center_axis',(0.,0.,1.));
#932=DIRECTION('ref_axis',(1.,0.,0.));
#933=DIRECTION('center_axis',(0.,0.,-1.));
#934=DIRECTION('ref_axis',(1.,0.,0.));
#935=DIRECTION('',(1.22464679914735E-16,-1.49975978266186E-32,-1.));
#936=DIRECTION('center_axis',(0.,0.,-1.));
#937=DIRECTION('ref_axis',(1.,0.,0.));
#938=DIRECTION('',(1.22464679914735E-16,-1.49975978266186E-32,-1.));
#939=DIRECTION('center_axis',(0.,0.,-1.));
#940=DIRECTION('ref_axis',(1.,0.,0.));
#941=DIRECTION('',(1.22464679914735E-16,-1.49975978266186E-32,-1.));
#942=DIRECTION('center_axis',(0.,0.,-1.));
#943=DIRECTION('ref_axis',(1.,0.,0.));
#944=DIRECTION('',(1.22464679914735E-16,-1.49975978266186E-32,-1.));
#945=DIRECTION('center_axis',(0.,0.,-1.));
#946=DIRECTION('ref_axis',(1.,0.,0.));
#947=DIRECTION('',(1.22464679914735E-16,-1.49975978266186E-32,-1.));
#948=DIRECTION('center_axis',(0.,0.,-1.));
#949=DIRECTION('ref_axis',(-0.609374990811179,-0.792882160584961,0.));
#950=DIRECTION('',(1.22464679914735E-16,-1.49975978266186E-32,-1.));
#951=DIRECTION('center_axis',(0.,0.,-1.));
#952=DIRECTION('ref_axis',(1.,0.,0.));
#953=DIRECTION('center_axis',(0.,0.,-1.));
#954=DIRECTION('ref_axis',(1.,0.,0.));
#955=DIRECTION('center_axis',(0.,0.,1.));
#956=DIRECTION('ref_axis',(1.,0.,0.));
#957=DIRECTION('',(0.999992205139756,-0.00394837431454201,0.));
#958=DIRECTION('',(0.00394837431454046,0.999992205139756,0.));
#959=DIRECTION('',(-0.999992205139756,0.00394837431454044,0.));
#960=DIRECTION('',(-0.00394837431454162,-0.999992205139756,0.));
#961=DIRECTION('center_axis',(0.,0.,-1.));
#962=DIRECTION('ref_axis',(1.,0.,0.));
#963=DIRECTION('center_axis',(0.,0.,-1.));
#964=DIRECTION('ref_axis',(1.,-6.91609914354648E-14,0.));
#965=DIRECTION('center_axis',(0.,0.,-1.));
#966=DIRECTION('ref_axis',(1.,0.,0.));
#967=DIRECTION('center_axis',(0.999992205139756,-0.00394837431454162,0.));
#968=DIRECTION('ref_axis',(0.,0.,-1.));
#969=DIRECTION('',(0.00394837431454162,0.999992205139756,0.));
#970=DIRECTION('',(0.,0.,-1.));
#971=DIRECTION('',(0.,0.,1.));
#972=DIRECTION('center_axis',(0.00394837431454044,0.999992205139756,0.));
#973=DIRECTION('ref_axis',(-0.999992205139756,0.00394837431454044,0.));
#974=DIRECTION('',(0.999992205139756,-0.00394837431454044,0.));
#975=DIRECTION('',(0.,0.,1.));
#976=DIRECTION('center_axis',(0.999992205139756,-0.00394837431454046,0.));
#977=DIRECTION('ref_axis',(0.00394837431454045,0.999992205139756,0.));
#978=DIRECTION('',(-0.00394837431454046,-0.999992205139756,0.));
#979=DIRECTION('',(0.,0.,1.));
#980=DIRECTION('center_axis',(-0.00394837431454201,-0.999992205139756,0.));
#981=DIRECTION('ref_axis',(0.999992205139756,-0.00394837431454201,0.));
#982=DIRECTION('',(0.999992205139756,-0.00394837431454201,0.));
#983=DIRECTION('center_axis',(0.,0.,1.));
#984=DIRECTION('ref_axis',(1.,0.,0.));
#985=CARTESIAN_POINT('',(0.,0.,0.));
#986=CARTESIAN_POINT('Origin',(-139.056339273478,-364.270843994938,315.571));
#987=CARTESIAN_POINT('',(-140.720717396941,-364.269693841558,315.94248036339));
#988=CARTESIAN_POINT('',(-140.72009834041,-364.272324266418,315.74951963661));
#989=CARTESIAN_POINT('',(-140.722339273478,-364.270843994938,315.571));
#990=CARTESIAN_POINT('',(-139.003715449075,-362.605675314862,315.571));
#991=CARTESIAN_POINT('Ctrl Pts',(-140.72009834041,-364.272324266418,315.74951963661));
#992=CARTESIAN_POINT('Ctrl Pts',(-140.718165251271,-363.935537304082,315.727065891904));
#993=CARTESIAN_POINT('Ctrl Pts',(-140.618745878936,-363.597915597669,315.704612147198));
#994=CARTESIAN_POINT('Ctrl Pts',(-140.429103303782,-363.323247804854,315.682158402492));
#995=CARTESIAN_POINT('Ctrl Pts',(-140.116158240128,-362.869995523099,315.645105601662));
#996=CARTESIAN_POINT('Ctrl Pts',(-139.557525845177,-362.58817341167,315.608052800831));
#997=CARTESIAN_POINT('Ctrl Pts',(-139.003715449076,-362.605675314862,315.571));
#998=CARTESIAN_POINT('',(-137.41788717501,-364.590595402963,315.571));
#999=CARTESIAN_POINT('Origin',(-139.056339273478,-364.270843994938,315.571));
#1000=CARTESIAN_POINT('Ctrl Pts',(-137.417886021926,-364.590595583747,315.571));
#1001=CARTESIAN_POINT('Ctrl Pts',(-137.314957929903,-364.059545202373,315.60734343011));
#1002=CARTESIAN_POINT('Ctrl Pts',(-137.49379606158,-363.472445698862,315.64368686022));
#1003=CARTESIAN_POINT('Ctrl Pts',(-137.876710167097,-363.090007996548,315.68003029033));
#1004=CARTESIAN_POINT('Ctrl Pts',(-138.267098197177,-362.700105668364,315.717083091161));
#1005=CARTESIAN_POINT('Ctrl Pts',(-138.869606479034,-362.522932511491,315.754135891992));
#1006=CARTESIAN_POINT('Ctrl Pts',(-139.408766056939,-362.639476388441,315.791188692823));
#1007=CARTESIAN_POINT('Ctrl Pts',(-139.947925634844,-362.756020265392,315.828241493653));
#1008=CARTESIAN_POINT('Ctrl Pts',(-140.423736508796,-363.166281176167,315.865294294484));
#1009=CARTESIAN_POINT('Ctrl Pts',(-140.618214608113,-363.682511844256,315.902347095315));
#1010=CARTESIAN_POINT('Ctrl Pts',(-140.688430098077,-363.868894729639,315.91572485134));
#1011=CARTESIAN_POINT('Ctrl Pts',(-140.721972727404,-364.06909119983,315.929102607365));
#1012=CARTESIAN_POINT('Ctrl Pts',(-140.720717396941,-364.269693841558,315.94248036339));
#1013=CARTESIAN_POINT('Origin',(-139.056339273478,-364.270843994938,315.571));
#1014=CARTESIAN_POINT('',(-140.720937685502,-364.272087694342,316.64248036339));
#1015=CARTESIAN_POINT('',(-140.724697973566,-364.271764153856,316.44951963661));
#1016=CARTESIAN_POINT('',(-140.722339273478,-364.270843994938,315.571));
#1017=CARTESIAN_POINT('Ctrl Pts',(-140.724697973566,-364.271764153856,316.44951963661));
#1018=CARTESIAN_POINT('Ctrl Pts',(-140.721386181476,-363.772951725483,316.416049363556));
#1019=CARTESIAN_POINT('Ctrl Pts',(-140.482847497246,-363.27139364493,316.382579090501));
#1020=CARTESIAN_POINT('Ctrl Pts',(-140.092117275194,-362.962144846009,316.349108817447));
#1021=CARTESIAN_POINT('Ctrl Pts',(-139.659564810716,-362.619795259105,316.312056016617));
#1022=CARTESIAN_POINT('Ctrl Pts',(-139.040497211386,-362.513126263315,316.275003215786));
#1023=CARTESIAN_POINT('Ctrl Pts',(-138.518295015741,-362.690965792292,316.237950414955));
#1024=CARTESIAN_POINT('Ctrl Pts',(-137.996092820096,-362.868805321269,316.200897614124));
#1025=CARTESIAN_POINT('Ctrl Pts',(-137.570756028135,-363.331153375012,316.163844813293));
#1026=CARTESIAN_POINT('Ctrl Pts',(-137.437085308507,-363.866361724106,316.126792012462));
#1027=CARTESIAN_POINT('Ctrl Pts',(-137.30341458888,-364.401570073201,316.089739211632));
#1028=CARTESIAN_POINT('Ctrl Pts',(-137.461409941585,-365.009638717645,316.052686410801));
#1029=CARTESIAN_POINT('Ctrl Pts',(-137.838571352765,-365.412161762279,316.01563360997));
#1030=CARTESIAN_POINT('Ctrl Pts',(-138.215732763944,-365.814684806913,315.978580809139));
#1031=CARTESIAN_POINT('Ctrl Pts',(-138.812060233597,-366.011662251738,315.941528008308));
#1032=CARTESIAN_POINT('Ctrl Pts',(-139.354919989907,-365.913021856519,315.904475207478));
#1033=CARTESIAN_POINT('Ctrl Pts',(-139.897779746217,-365.8143814613,315.867422406647));
#1034=CARTESIAN_POINT('Ctrl Pts',(-140.387171789184,-365.420123226037,315.830369605816));
#1035=CARTESIAN_POINT('Ctrl Pts',(-140.598238944488,-364.910652882364,315.793316804985));
#1036=CARTESIAN_POINT('Ctrl Pts',(-140.681400842573,-364.709918093777,315.77871774886));
#1037=CARTESIAN_POINT('Ctrl Pts',(-140.721355203228,-364.491297619406,315.764118692735));
#1038=CARTESIAN_POINT('Ctrl Pts',(-140.72009834041,-364.272324266418,315.74951963661));
#1039=CARTESIAN_POINT('Ctrl Pts',(-140.720717396941,-364.269693841558,315.94248036339));
#1040=CARTESIAN_POINT('Ctrl Pts',(-140.718495798274,-364.6247067841,315.966155408196));
#1041=CARTESIAN_POINT('Ctrl Pts',(-140.607288665094,-364.98099183634,315.989830453002));
#1042=CARTESIAN_POINT('Ctrl Pts',(-140.397488040043,-365.264235516233,316.013505497808));
#1043=CARTESIAN_POINT('Ctrl Pts',(-140.069138047975,-365.707528094717,316.050558298638));
#1044=CARTESIAN_POINT('Ctrl Pts',(-139.499292739157,-365.971912826279,316.087611099469));
#1045=CARTESIAN_POINT('Ctrl Pts',(-138.948800846077,-365.936366431159,316.1246639003));
#1046=CARTESIAN_POINT('Ctrl Pts',(-138.398308952997,-365.900820036038,316.161716701131));
#1047=CARTESIAN_POINT('Ctrl Pts',(-137.867170475656,-365.565342514233,316.198769501962));
#1048=CARTESIAN_POINT('Ctrl Pts',(-137.598561430583,-365.083512928556,316.235822302793));
#1049=CARTESIAN_POINT('Ctrl Pts',(-137.32995238551,-364.601683342879,316.272875103623));
#1050=CARTESIAN_POINT('Ctrl Pts',(-137.323872772705,-363.973501693329,316.309927904454));
#1051=CARTESIAN_POINT('Ctrl Pts',(-137.583099105858,-363.486559045891,316.346980705285));
#1052=CARTESIAN_POINT('Ctrl Pts',(-137.84232543901,-362.999616398453,316.384033506116));
#1053=CARTESIAN_POINT('Ctrl Pts',(-138.366857718119,-362.653912753128,316.421086306947));
#1054=CARTESIAN_POINT('Ctrl Pts',(-138.916562794885,-362.607713540252,316.458139107778));
#1055=CARTESIAN_POINT('Ctrl Pts',(-139.466267871651,-362.561514327377,316.495191908608));
#1056=CARTESIAN_POINT('Ctrl Pts',(-140.041145746074,-362.814819546952,316.532244709439));
#1057=CARTESIAN_POINT('Ctrl Pts',(-140.378009947228,-363.251664057849,316.56929751027));
#1058=CARTESIAN_POINT('Ctrl Pts',(-140.599789702979,-363.539267396512,316.593691794644));
#1059=CARTESIAN_POINT('Ctrl Pts',(-140.718403602404,-363.906424938506,316.618086079017));
#1060=CARTESIAN_POINT('Ctrl Pts',(-140.720937685502,-364.272087694342,316.64248036339));
#1061=CARTESIAN_POINT('Origin',(-139.056339273478,-364.270843994938,315.571));
#1062=CARTESIAN_POINT('',(-140.725185573309,-364.27129305696,317.34248036339));
#1063=CARTESIAN_POINT('',(-140.723140543624,-364.269367864397,317.14951963661));
#1064=CARTESIAN_POINT('',(-140.722339273478,-364.270843994938,315.571));
#1065=CARTESIAN_POINT('Ctrl Pts',(-140.723140543624,-364.269367864397,317.14951963661));
#1066=CARTESIAN_POINT('Ctrl Pts',(-140.72416300848,-364.158308672424,317.142085636038));
#1067=CARTESIAN_POINT('Ctrl Pts',(-140.714011977905,-364.047435402066,317.134651635467));
#1068=CARTESIAN_POINT('Ctrl Pts',(-140.692003939034,-363.93896791578,317.127217634895));
#1069=CARTESIAN_POINT('Ctrl Pts',(-140.582310716237,-363.398340547342,317.090164834064));
#1070=CARTESIAN_POINT('Ctrl Pts',(-140.178058676113,-362.917479090616,317.053112033233));
#1071=CARTESIAN_POINT('Ctrl Pts',(-139.664318736792,-362.716526935407,317.016059232402));
#1072=CARTESIAN_POINT('Ctrl Pts',(-139.150578797472,-362.515574780197,316.979006431572));
#1073=CARTESIAN_POINT('Ctrl Pts',(-138.527350958954,-362.594531926505,316.941953630741));
#1074=CARTESIAN_POINT('Ctrl Pts',(-138.079955069202,-362.917250909756,316.90490082991));
#1075=CARTESIAN_POINT('Ctrl Pts',(-137.632559179449,-363.239969893007,316.867848029079));
#1076=CARTESIAN_POINT('Ctrl Pts',(-137.360995238462,-363.806450713201,316.830795228248));
#1077=CARTESIAN_POINT('Ctrl Pts',(-137.38958872636,-364.357352730668,316.793742427417));
#1078=CARTESIAN_POINT('Ctrl Pts',(-137.418182214257,-364.908254748135,316.756689626587));
#1079=CARTESIAN_POINT('Ctrl Pts',(-137.74693313104,-365.443577962874,316.719636825756));
#1080=CARTESIAN_POINT('Ctrl Pts',(-138.225334381257,-365.71824555502,316.682584024925));
#1081=CARTESIAN_POINT('Ctrl Pts',(-138.703735631475,-365.992913147167,316.645531224094));
#1082=CARTESIAN_POINT('Ctrl Pts',(-139.331787215127,-366.00692511672,316.608478423263));
#1083=CARTESIAN_POINT('Ctrl Pts',(-139.821963940311,-365.753867385275,316.571425622432));
#1084=CARTESIAN_POINT('Ctrl Pts',(-140.312140665494,-365.500809653831,316.534372821602));
#1085=CARTESIAN_POINT('Ctrl Pts',(-140.66444253221,-364.980682221389,316.497320020771));
#1086=CARTESIAN_POINT('Ctrl Pts',(-140.717574800754,-364.431603416159,316.46026721994));
#1087=CARTESIAN_POINT('Ctrl Pts',(-140.722712005598,-364.378514580032,316.456684692163));
#1088=CARTESIAN_POINT('Ctrl Pts',(-140.725052454903,-364.32515509504,316.453102164386));
#1089=CARTESIAN_POINT('Ctrl Pts',(-140.724697973566,-364.271764153856,316.44951963661));
#1090=CARTESIAN_POINT('Ctrl Pts',(-140.720937685502,-364.272087694342,316.64248036339));
#1091=CARTESIAN_POINT('Ctrl Pts',(-140.722252654702,-364.461834929464,316.655138879848));
#1092=CARTESIAN_POINT('Ctrl Pts',(-140.692310704788,-364.65117966214,316.667797396305));
#1093=CARTESIAN_POINT('Ctrl Pts',(-140.629307390874,-364.828797059813,316.680455912763));
#1094=CARTESIAN_POINT('Ctrl Pts',(-140.444890105482,-365.348701748663,316.717508713593));
#1095=CARTESIAN_POINT('Ctrl Pts',(-139.977205006816,-365.768127324144,316.754561514424));
#1096=CARTESIAN_POINT('Ctrl Pts',(-139.440362883722,-365.895056537208,316.791614315255));
#1097=CARTESIAN_POINT('Ctrl Pts',(-138.903520760628,-366.021985750273,316.828667116086));
#1098=CARTESIAN_POINT('Ctrl Pts',(-138.297521613107,-365.856418600921,316.865719916917));
#1099=CARTESIAN_POINT('Ctrl Pts',(-137.8997982681,-365.474153389596,316.902772717748));
#1100=CARTESIAN_POINT('Ctrl Pts',(-137.502074923093,-365.09188817827,316.939825518579));
#1101=CARTESIAN_POINT('Ctrl Pts',(-137.312627380599,-364.492924904971,316.976878319409));
#1102=CARTESIAN_POINT('Ctrl Pts',(-137.418186627281,-363.951475190453,317.01393112024));
#1103=CARTESIAN_POINT('Ctrl Pts',(-137.523745873963,-363.410025475936,317.050983921071));
#1104=CARTESIAN_POINT('Ctrl Pts',(-137.924311909821,-362.9260893202,317.088036721902));
#1105=CARTESIAN_POINT('Ctrl Pts',(-138.436501480241,-362.72121769934,317.125089522733));
#1106=CARTESIAN_POINT('Ctrl Pts',(-138.948691050661,-362.51634607848,317.162142323563));
#1107=CARTESIAN_POINT('Ctrl Pts',(-139.572504155643,-362.590538992495,317.199195124394));
#1108=CARTESIAN_POINT('Ctrl Pts',(-140.022352677258,-362.909830161806,317.236247925225));
#1109=CARTESIAN_POINT('Ctrl Pts',(-140.452266243705,-363.214972001199,317.271658737947));
#1110=CARTESIAN_POINT('Ctrl Pts',(-140.723292012153,-363.743970451654,317.307069550669));
#1111=CARTESIAN_POINT('Ctrl Pts',(-140.725185573309,-364.27129305696,317.34248036339));
#1112=CARTESIAN_POINT('Origin',(-139.056339273478,-364.270843994938,315.571));
#1113=CARTESIAN_POINT('',(-140.722262372551,-364.26932280046,318.04248036339));
#1114=CARTESIAN_POINT('',(-140.719862837087,-364.270825282419,317.84951963661));
#1115=CARTESIAN_POINT('',(-140.722339273478,-364.270843994938,315.571));
#1116=CARTESIAN_POINT('Ctrl Pts',(-140.719862837087,-364.270825282419,317.84951963661));
#1117=CARTESIAN_POINT('Ctrl Pts',(-140.719890574604,-363.993809775732,317.83106910769));
#1118=CARTESIAN_POINT('Ctrl Pts',(-140.654475350559,-363.716806588787,317.81261857877));
#1119=CARTESIAN_POINT('Ctrl Pts',(-140.523544615267,-363.475325884025,317.79416804985));
#1120=CARTESIAN_POINT('Ctrl Pts',(-140.260606328865,-362.990378460735,317.757115249019));
#1121=CARTESIAN_POINT('Ctrl Pts',(-139.733446284821,-362.648691961451,317.720062448188));
#1122=CARTESIAN_POINT('Ctrl Pts',(-139.183403816411,-362.606694007274,317.683009647357));
#1123=CARTESIAN_POINT('Ctrl Pts',(-138.633361348001,-362.564696053096,317.645956846527));
#1124=CARTESIAN_POINT('Ctrl Pts',(-138.060436455225,-362.822386644024,317.608904045696));
#1125=CARTESIAN_POINT('Ctrl Pts',(-137.726920089299,-363.261792356068,317.571851244865));
#1126=CARTESIAN_POINT('Ctrl Pts',(-137.393403723373,-363.701198068113,317.534798444034));
#1127=CARTESIAN_POINT('Ctrl Pts',(-137.299295884297,-364.322318901274,317.497745643203));
#1128=CARTESIAN_POINT('Ctrl Pts',(-137.487680122437,-364.840799301769,317.460692842373));
#1129=CARTESIAN_POINT('Ctrl Pts',(-137.676064360578,-365.359279702264,317.423640041542));
#1130=CARTESIAN_POINT('Ctrl Pts',(-138.146940675933,-365.775119670094,317.386587240711));
#1131=CARTESIAN_POINT('Ctrl Pts',(-138.684736997192,-365.897943355107,317.34953443988));
#1132=CARTESIAN_POINT('Ctrl Pts',(-139.222533318451,-366.020767040121,317.312481639049));
#1133=CARTESIAN_POINT('Ctrl Pts',(-139.827249645612,-365.850574442319,317.275428838218));
#1134=CARTESIAN_POINT('Ctrl Pts',(-140.222040606457,-365.465281503343,317.238376037387));
#1135=CARTESIAN_POINT('Ctrl Pts',(-140.537623621809,-365.157290896832,317.208757237128));
#1136=CARTESIAN_POINT('Ctrl Pts',(-140.719066804048,-364.71185370931,317.179138436869));
#1137=CARTESIAN_POINT('Ctrl Pts',(-140.723140543624,-364.269367864397,317.14951963661));
#1138=CARTESIAN_POINT('Ctrl Pts',(-140.725185573309,-364.27129305696,317.34248036339));
#1139=CARTESIAN_POINT('Ctrl Pts',(-140.725273377137,-364.295744838238,317.344122351499));
#1140=CARTESIAN_POINT('Ctrl Pts',(-140.724782507058,-364.320193016203,317.345764339608));
#1141=CARTESIAN_POINT('Ctrl Pts',(-140.723701971523,-364.344615104896,317.347406327718));
#1142=CARTESIAN_POINT('Ctrl Pts',(-140.699318805928,-364.895719454066,317.384459128548));
#1143=CARTESIAN_POINT('Ctrl Pts',(-140.374668536491,-365.433538727799,317.421511929379));
#1144=CARTESIAN_POINT('Ctrl Pts',(-139.898379418757,-365.711853689415,317.45856473021));
#1145=CARTESIAN_POINT('Ctrl Pts',(-139.422090301024,-365.990168651031,317.495617531041));
#1146=CARTESIAN_POINT('Ctrl Pts',(-138.794162334992,-366.00897930053,317.532670331872));
#1147=CARTESIAN_POINT('Ctrl Pts',(-138.302067452974,-365.759673927094,317.569723132703));
#1148=CARTESIAN_POINT('Ctrl Pts',(-137.809972570955,-365.510368553658,317.606775933533));
#1149=CARTESIAN_POINT('Ctrl Pts',(-137.453710772948,-364.992947157288,317.643828734364));
#1150=CARTESIAN_POINT('Ctrl Pts',(-137.396382402045,-364.444290616349,317.680881535195));
#1151=CARTESIAN_POINT('Ctrl Pts',(-137.339054031142,-363.89563407541,317.717934336026));
#1152=CARTESIAN_POINT('Ctrl Pts',(-137.580659087342,-363.315742389904,317.754987136857));
#1153=CARTESIAN_POINT('Ctrl Pts',(-138.010588272021,-362.970095983716,317.792039937688));
#1154=CARTESIAN_POINT('Ctrl Pts',(-138.4405174567,-362.624449577529,317.829092738518));
#1155=CARTESIAN_POINT('Ctrl Pts',(-139.058770769857,-362.51304845066,317.866145539349));
#1156=CARTESIAN_POINT('Ctrl Pts',(-139.582305436663,-362.686893193648,317.90319834018));
#1157=CARTESIAN_POINT('Ctrl Pts',(-140.10584010347,-362.860737936635,317.940251141011));
#1158=CARTESIAN_POINT('Ctrl Pts',(-140.534656123924,-363.319828549479,317.977303941842));
#1159=CARTESIAN_POINT('Ctrl Pts',(-140.672437079373,-363.853988591346,318.014356742673));
#1160=CARTESIAN_POINT('Ctrl Pts',(-140.70729633649,-363.989133700336,318.023731282912));
#1161=CARTESIAN_POINT('Ctrl Pts',(-140.723526008252,-364.12908411461,318.033105823151));
#1162=CARTESIAN_POINT('Ctrl Pts',(-140.722262372551,-364.26932280046,318.04248036339));
#1163=CARTESIAN_POINT('Origin',(-139.056339273478,-364.270843994938,315.571));
#1164=CARTESIAN_POINT('',(-140.719976880594,-364.271297178164,318.74248036339));
#1165=CARTESIAN_POINT('',(-140.723071792644,-364.272329561253,318.54951963661));
#1166=CARTESIAN_POINT('',(-140.722339273478,-364.270843994938,315.571));
#1167=CARTESIAN_POINT('Ctrl Pts',(-140.723071792644,-364.272329561253,318.54951963661));
#1168=CARTESIAN_POINT('Ctrl Pts',(-140.719010906217,-363.8320639709,318.520052579341));
#1169=CARTESIAN_POINT('Ctrl Pts',(-140.539623045518,-363.388872700786,318.490585522073));
#1170=CARTESIAN_POINT('Ctrl Pts',(-140.226911490565,-363.081179645739,318.461118464805));
#1171=CARTESIAN_POINT('Ctrl Pts',(-139.833698186036,-362.694276760191,318.424065663974));
#1172=CARTESIAN_POINT('Ctrl Pts',(-139.229682317616,-362.521614646312,318.387012863143));
#1173=CARTESIAN_POINT('Ctrl Pts',(-138.691388610034,-362.642239809547,318.349960062313));
#1174=CARTESIAN_POINT('Ctrl Pts',(-138.153094902453,-362.762864972783,318.312907261482));
#1175=CARTESIAN_POINT('Ctrl Pts',(-137.680523355709,-363.176777413134,318.275854460651));
#1176=CARTESIAN_POINT('Ctrl Pts',(-137.490022122013,-363.694483725295,318.23880165982));
#1177=CARTESIAN_POINT('Ctrl Pts',(-137.299520888318,-364.212190037456,318.201748858989));
#1178=CARTESIAN_POINT('Ctrl Pts',(-137.391089967671,-364.833690221427,318.164696058158));
#1179=CARTESIAN_POINT('Ctrl Pts',(-137.722808086471,-365.27445505141,318.127643257327));
#1180=CARTESIAN_POINT('Ctrl Pts',(-138.054526205271,-365.715219881394,318.090590456496));
#1181=CARTESIAN_POINT('Ctrl Pts',(-138.626393363518,-365.97524935739,318.053537655666));
#1182=CARTESIAN_POINT('Ctrl Pts',(-139.176602848879,-365.935499290142,318.016484854835));
#1183=CARTESIAN_POINT('Ctrl Pts',(-139.726812334241,-365.895749222893,317.979432054004));
#1184=CARTESIAN_POINT('Ctrl Pts',(-140.255364146716,-365.5562196124,317.942379253173));
#1185=CARTESIAN_POINT('Ctrl Pts',(-140.520281788573,-365.072350633506,317.905326452342));
#1186=CARTESIAN_POINT('Ctrl Pts',(-140.653283070455,-364.829425345462,317.886724180431));
#1187=CARTESIAN_POINT('Ctrl Pts',(-140.719834871447,-364.550119052331,317.868121908521));
#1188=CARTESIAN_POINT('Ctrl Pts',(-140.719862837087,-364.270825282419,317.84951963661));
#1189=CARTESIAN_POINT('Ctrl Pts',(-140.722262372551,-364.26932280046,318.04248036339));
#1190=CARTESIAN_POINT('Ctrl Pts',(-140.718531497508,-364.683376481273,318.070158623982));
#1191=CARTESIAN_POINT('Ctrl Pts',(-140.562307744078,-365.099943086674,318.097836884574));
#1192=CARTESIAN_POINT('Ctrl Pts',(-140.282836070515,-365.402765437709,318.125515145165));
#1193=CARTESIAN_POINT('Ctrl Pts',(-139.908708215762,-365.808152771314,318.162567945996));
#1194=CARTESIAN_POINT('Ctrl Pts',(-139.313706615813,-366.009697967633,318.199620746827));
#1195=CARTESIAN_POINT('Ctrl Pts',(-138.770229169978,-365.915131547093,318.236673547658));
#1196=CARTESIAN_POINT('Ctrl Pts',(-138.226751724143,-365.820565126553,318.273726348488));
#1197=CARTESIAN_POINT('Ctrl Pts',(-137.734798432422,-365.429887089154,318.310779149319));
#1198=CARTESIAN_POINT('Ctrl Pts',(-137.519590610943,-364.92195388911,318.34783195015));
#1199=CARTESIAN_POINT('Ctrl Pts',(-137.304382789464,-364.414020689065,318.384884750981));
#1200=CARTESIAN_POINT('Ctrl Pts',(-137.365920438227,-363.788832326375,318.421937551812));
#1201=CARTESIAN_POINT('Ctrl Pts',(-137.676030983221,-363.332606514507,318.458990352643));
#1202=CARTESIAN_POINT('Ctrl Pts',(-137.986141528214,-362.876380702638,318.496043153473));
#1203=CARTESIAN_POINT('Ctrl Pts',(-138.544824969437,-362.589117441591,318.533095954304));
#1204=CARTESIAN_POINT('Ctrl Pts',(-139.096310238264,-362.60232882705,318.570148755135));
#1205=CARTESIAN_POINT('Ctrl Pts',(-139.647795507091,-362.61554021251,318.607201555966));
#1206=CARTESIAN_POINT('Ctrl Pts',(-140.192082603522,-362.929226244475,318.644254356797));
#1207=CARTESIAN_POINT('Ctrl Pts',(-140.47999125062,-363.399778211982,318.681307157628));
#1208=CARTESIAN_POINT('Ctrl Pts',(-140.638434467821,-363.658734545331,318.701698226215));
#1209=CARTESIAN_POINT('Ctrl Pts',(-140.719231628569,-363.965198854948,318.722089294803));
#1210=CARTESIAN_POINT('Ctrl Pts',(-140.719976880594,-364.271297178164,318.74248036339));
#1211=CARTESIAN_POINT('Origin',(-139.056339273478,-364.270843994938,315.571));
#1212=CARTESIAN_POINT('',(-140.723924410024,-364.272135141887,319.44248036339));
#1213=CARTESIAN_POINT('',(-140.724745000217,-364.269957929795,319.24951963661));
#1214=CARTESIAN_POINT('',(-140.722339273478,-364.270843994938,315.571));
#1215=CARTESIAN_POINT('Ctrl Pts',(-140.724745000217,-364.269957929795,319.24951963661));
#1216=CARTESIAN_POINT('Ctrl Pts',(-140.725074270982,-364.218832356981,319.246088851824));
#1217=CARTESIAN_POINT('Ctrl Pts',(-140.72292801824,-364.167734801704,319.242658067038));
#1218=CARTESIAN_POINT('Ctrl Pts',(-140.7182159737,-364.116874961287,319.239227282252));
#1219=CARTESIAN_POINT('Ctrl Pts',(-140.667325446099,-363.567583864662,319.202174481422));
#1220=CARTESIAN_POINT('Ctrl Pts',(-140.317155710808,-363.046020315921,319.165121680591));
#1221=CARTESIAN_POINT('Ctrl Pts',(-139.828018161071,-362.79096148148,319.12806887976));
#1222=CARTESIAN_POINT('Ctrl Pts',(-139.338880611333,-362.535902647039,319.091016078929));
#1223=CARTESIAN_POINT('Ctrl Pts',(-138.710775247149,-362.547348526898,319.053963278098));
#1224=CARTESIAN_POINT('Ctrl Pts',(-138.231255187423,-362.820059093395,319.016910477267));
#1225=CARTESIAN_POINT('Ctrl Pts',(-137.751735127696,-363.092769659893,318.979857676437));
#1226=CARTESIAN_POINT('Ctrl Pts',(-137.420800372427,-363.62674491303,318.942804875606));
#1227=CARTESIAN_POINT('Ctrl Pts',(-137.389956294874,-364.177525440788,318.905752074775));
#1228=CARTESIAN_POINT('Ctrl Pts',(-137.359112217322,-364.728305968546,318.868699273944));
#1229=CARTESIAN_POINT('Ctrl Pts',(-137.628358817486,-365.295891770924,318.831646473113));
#1230=CARTESIAN_POINT('Ctrl Pts',(-138.074432205574,-365.62043618785,318.794593672282));
#1231=CARTESIAN_POINT('Ctrl Pts',(-138.520505593662,-365.944980604775,318.757540871452));
#1232=CARTESIAN_POINT('Ctrl Pts',(-139.143405769675,-366.026483636246,318.720488070621));
#1233=CARTESIAN_POINT('Ctrl Pts',(-139.657962579461,-365.827632348315,318.68343526979));
#1234=CARTESIAN_POINT('Ctrl Pts',(-140.172519389248,-365.628781060384,318.646382468959));
#1235=CARTESIAN_POINT('Ctrl Pts',(-140.578732832809,-365.149575453051,318.609329668128));
#1236=CARTESIAN_POINT('Ctrl Pts',(-140.690634184271,-364.609400820777,318.572276867297));
#1237=CARTESIAN_POINT('Ctrl Pts',(-140.71354351737,-364.498811981403,318.564691123735));
#1238=CARTESIAN_POINT('Ctrl Pts',(-140.724117192013,-364.385667715023,318.557105380172));
#1239=CARTESIAN_POINT('Ctrl Pts',(-140.723071792644,-364.272329561253,318.54951963661));
#1240=CARTESIAN_POINT('Ctrl Pts',(-140.719976880594,-364.271297178164,318.74248036339));
#1241=CARTESIAN_POINT('Ctrl Pts',(-140.720585832971,-364.521412971733,318.759142095634));
#1242=CARTESIAN_POINT('Ctrl Pts',(-140.66774671595,-364.771284408024,318.775803827877));
#1243=CARTESIAN_POINT('Ctrl Pts',(-140.560146998885,-364.994793489682,318.79246556012));
#1244=CARTESIAN_POINT('Ctrl Pts',(-140.320863902286,-365.491838896826,318.829518360951));
#1245=CARTESIAN_POINT('Ctrl Pts',(-139.810767511321,-365.858511808064,318.866571161782));
#1246=CARTESIAN_POINT('Ctrl Pts',(-139.263385227013,-365.926945591654,318.903623962613));
#1247=CARTESIAN_POINT('Ctrl Pts',(-138.716002942704,-365.995379375243,318.940676763443));
#1248=CARTESIAN_POINT('Ctrl Pts',(-138.131334765052,-365.765574031183,318.977729564274));
#1249=CARTESIAN_POINT('Ctrl Pts',(-137.777047876012,-365.342736767915,319.014782365105));
#1250=CARTESIAN_POINT('Ctrl Pts',(-137.422760986972,-364.919899504647,319.051835165936));
#1251=CARTESIAN_POINT('Ctrl Pts',(-137.298855386544,-364.304030322171,319.088887966767));
#1252=CARTESIAN_POINT('Ctrl Pts',(-137.462056277119,-363.77708064756,319.125940767598));
#1253=CARTESIAN_POINT('Ctrl Pts',(-137.625257167694,-363.250130972949,319.162993568428));
#1254=CARTESIAN_POINT('Ctrl Pts',(-138.07556454927,-362.812100806203,319.200046369259));
#1255=CARTESIAN_POINT('Ctrl Pts',(-138.606823181808,-362.663524610286,319.23709917009));
#1256=CARTESIAN_POINT('Ctrl Pts',(-139.138081814346,-362.51494841437,319.274151970921));
#1257=CARTESIAN_POINT('Ctrl Pts',(-139.750291697844,-362.655826189282,319.311204771752));
#1258=CARTESIAN_POINT('Ctrl Pts',(-140.163176488253,-363.021663265818,319.348257572582));
#1259=CARTESIAN_POINT('Ctrl Pts',(-140.513155944255,-363.331762993408,319.379665169518));
#1260=CARTESIAN_POINT('Ctrl Pts',(-140.719920135793,-363.803496188094,319.411072766454));
#1261=CARTESIAN_POINT('Ctrl Pts',(-140.723924410024,-364.272135141887,319.44248036339));
#1262=CARTESIAN_POINT('Origin',(-139.056339273478,-364.270843994938,315.571));
#1263=CARTESIAN_POINT('',(-140.724075752166,-364.269641469401,320.14248036339));
#1264=CARTESIAN_POINT('',(-140.720395179908,-364.269907710104,319.94951963661));
#1265=CARTESIAN_POINT('',(-140.722339273478,-364.270843994938,315.571));
#1266=CARTESIAN_POINT('',(-137.787268393625,-363.19148534189,320.571));
#1267=CARTESIAN_POINT('Ctrl Pts',(-140.724075752166,-364.269641469401,320.14248036339));
#1268=CARTESIAN_POINT('Ctrl Pts',(-140.720169172905,-364.742228145707,320.174161839768));
#1269=CARTESIAN_POINT('Ctrl Pts',(-140.509425984031,-365.217852239427,320.205843316145));
#1270=CARTESIAN_POINT('Ctrl Pts',(-140.154083574609,-365.528164929724,320.237524792523));
#1271=CARTESIAN_POINT('Ctrl Pts',(-139.738495886517,-365.891088493382,320.274577593353));
#1272=CARTESIAN_POINT('Ctrl Pts',(-139.125121440203,-366.027894610097,320.311630394184));
#1273=CARTESIAN_POINT('Ctrl Pts',(-138.595203264424,-365.875263989351,320.348683195015));
#1274=CARTESIAN_POINT('Ctrl Pts',(-138.065285088645,-365.722633368605,320.385735995846));
#1275=CARTESIAN_POINT('Ctrl Pts',(-137.618823183402,-365.280566010398,320.422788796677));
#1276=CARTESIAN_POINT('Ctrl Pts',(-137.459574341385,-364.753297539929,320.459841597508));
#1277=CARTESIAN_POINT('Ctrl Pts',(-137.300325499367,-364.226029069459,320.496894398338));
#1278=CARTESIAN_POINT('Ctrl Pts',(-137.428289720575,-363.613559486726,320.533947199169));
#1279=CARTESIAN_POINT('Ctrl Pts',(-137.787268393625,-363.19148534189,320.571));
#1280=CARTESIAN_POINT('',(-140.327889164287,-363.189212270574,320.571));
#1281=CARTESIAN_POINT('Origin',(-139.056339273478,-364.270843994938,320.571));
#1282=CARTESIAN_POINT('Ctrl Pts',(-140.32789002491,-363.189211481447,320.571));
#1283=CARTESIAN_POINT('Ctrl Pts',(-139.97687273365,-362.777634566276,320.53465656989));
#1284=CARTESIAN_POINT('Ctrl Pts',(-139.406356105027,-362.551405294263,320.49831313978));
#1285=CARTESIAN_POINT('Ctrl Pts',(-138.868611227124,-362.612333592829,320.46196970967));
#1286=CARTESIAN_POINT('Ctrl Pts',(-138.32037035392,-362.674451122873,320.424916908839));
#1287=CARTESIAN_POINT('Ctrl Pts',(-137.806193030105,-363.035045416377,320.387864108008));
#1288=CARTESIAN_POINT('Ctrl Pts',(-137.561150202814,-363.529241272629,320.350811307177));
#1289=CARTESIAN_POINT('Ctrl Pts',(-137.316107375523,-364.023437128882,320.313758506347));
#1290=CARTESIAN_POINT('Ctrl Pts',(-137.340199044755,-364.651234547885,320.276705705516));
#1291=CARTESIAN_POINT('Ctrl Pts',(-137.622549323644,-365.125148209048,320.239652904685));
#1292=CARTESIAN_POINT('Ctrl Pts',(-137.904899602534,-365.599061870211,320.202600103854));
#1293=CARTESIAN_POINT('Ctrl Pts',(-138.44550849108,-365.919091773534,320.165547303023));
#1294=CARTESIAN_POINT('Ctrl Pts',(-138.996811459778,-365.938765815011,320.128494502192));
#1295=CARTESIAN_POINT('Ctrl Pts',(-139.548114428476,-365.958439856487,320.091441701362));
#1296=CARTESIAN_POINT('Ctrl Pts',(-140.110111477326,-365.677758036117,320.054388900531));
#1297=CARTESIAN_POINT('Ctrl Pts',(-140.42554626984,-365.225203325777,320.0173360997));
#1298=CARTESIAN_POINT('Ctrl Pts',(-140.617989409398,-364.949104901169,319.994730612003));
#1299=CARTESIAN_POINT('Ctrl Pts',(-140.718660109976,-364.609034015645,319.972125124307));
#1300=CARTESIAN_POINT('Ctrl Pts',(-140.720395179908,-364.269907710104,319.94951963661));
#1301=CARTESIAN_POINT('Origin',(-139.056339273478,-364.270843994938,322.116925280538));
#1302=CARTESIAN_POINT('',(-141.113998360516,-364.271978866809,316.225074719462));
#1303=CARTESIAN_POINT('',(-141.109088942857,-364.26942546093,316.166925280538));
#1304=CARTESIAN_POINT('',(-141.111089273478,-364.270843994938,322.116925280538));
#1305=CARTESIAN_POINT('',(-140.27785533581,-365.923083708771,315.571));
#1306=CARTESIAN_POINT('Ctrl Pts',(-141.109088942857,-364.26942546093,316.166925280538));
#1307=CARTESIAN_POINT('Ctrl Pts',(-141.11063719632,-364.022013529303,316.153547524513));
#1308=CARTESIAN_POINT('Ctrl Pts',(-140.954684966995,-363.091225262089,316.103116967657));
#1309=CARTESIAN_POINT('Ctrl Pts',(-139.569133200706,-361.896553679993,316.01563360997));
#1310=CARTESIAN_POINT('Ctrl Pts',(-137.339834475353,-362.552099677747,315.904475207478));
#1311=CARTESIAN_POINT('Ctrl Pts',(-136.680238345459,-364.781854312049,315.793316804985));
#1312=CARTESIAN_POINT('Ctrl Pts',(-138.199583037385,-366.541351761139,315.682158402493));
#1313=CARTESIAN_POINT('Ctrl Pts',(-139.728344922048,-366.329341826893,315.608052800831));
#1314=CARTESIAN_POINT('Ctrl Pts',(-140.27785533581,-365.923083708771,315.571));
#1315=CARTESIAN_POINT('',(-140.942702885293,-365.095878717386,315.571));
#1316=CARTESIAN_POINT('Origin',(-139.056339273478,-364.270843994938,315.571));
#1317=CARTESIAN_POINT('Ctrl Pts',(-141.113998360516,-364.271978866809,316.225074719462));
#1318=CARTESIAN_POINT('Ctrl Pts',(-141.109913783807,-363.656771881695,316.191604446408));
#1319=CARTESIAN_POINT('Ctrl Pts',(-140.490023556546,-362.35337342646,316.121081372523));
#1320=CARTESIAN_POINT('Ctrl Pts',(-138.273277672754,-361.971415046467,316.013505497808));
#1321=CARTESIAN_POINT('Ctrl Pts',(-136.699518777289,-363.682116721312,315.902347095315));
#1322=CARTESIAN_POINT('Ctrl Pts',(-137.284106324057,-365.931988955114,315.791188692822));
#1323=CARTESIAN_POINT('Ctrl Pts',(-139.476455263189,-366.656160344444,315.680739661051));
#1324=CARTESIAN_POINT('Ctrl Pts',(-140.674577287035,-365.70678484085,315.60734343011));
#1325=CARTESIAN_POINT('Ctrl Pts',(-140.942704182331,-365.095879343163,315.571));
#1326=CARTESIAN_POINT('Origin',(-139.056339273478,-364.270843994938,322.116925280538));
#1327=CARTESIAN_POINT('',(-141.112077514674,-364.26902341917,316.925074719462));
#1328=CARTESIAN_POINT('',(-141.109360634287,-364.272377903312,316.866925280538));
#1329=CARTESIAN_POINT('',(-141.111089273478,-364.270843994938,322.116925280538));
#1330=CARTESIAN_POINT('Ctrl Pts',(-141.109360634287,-364.272377903312,316.866925280538));
#1331=CARTESIAN_POINT('Ctrl Pts',(-141.106235239781,-363.82139017969,316.842530996164));
#1332=CARTESIAN_POINT('Ctrl Pts',(-140.737739238132,-362.680747414755,316.78108391096));
#1333=CARTESIAN_POINT('Ctrl Pts',(-138.852900182618,-361.850241333268,316.682584024925));
#1334=CARTESIAN_POINT('Ctrl Pts',(-136.912115007648,-363.129355196233,316.571425622433));
#1335=CARTESIAN_POINT('Ctrl Pts',(-136.934609757487,-365.453646152557,316.46026721994));
#1336=CARTESIAN_POINT('Ctrl Pts',(-138.89983806418,-366.694923051588,316.349108817448));
#1337=CARTESIAN_POINT('Ctrl Pts',(-140.754534475492,-365.834420376129,316.25132817098));
#1338=CARTESIAN_POINT('Ctrl Pts',(-141.106348948943,-364.707278308282,316.190600325343));
#1339=CARTESIAN_POINT('Ctrl Pts',(-141.109088942857,-364.26942546093,316.166925280538));
#1340=CARTESIAN_POINT('Ctrl Pts',(-141.112077514674,-364.26902341917,316.925074719462));
#1341=CARTESIAN_POINT('Ctrl Pts',(-141.113338564891,-364.132049304701,316.917640718891));
#1342=CARTESIAN_POINT('Ctrl Pts',(-141.038417710934,-363.313736323031,316.873153917488));
#1343=CARTESIAN_POINT('Ctrl Pts',(-139.941222864787,-362.008613133375,316.791614315255));
#1344=CARTESIAN_POINT('Ctrl Pts',(-137.635261157955,-362.300756944375,316.680455912762));
#1345=CARTESIAN_POINT('Ctrl Pts',(-136.630466426123,-364.396752980319,316.56929751027));
#1346=CARTESIAN_POINT('Ctrl Pts',(-137.846854684693,-366.377464940978,316.458139107777));
#1347=CARTESIAN_POINT('Ctrl Pts',(-140.170664393293,-366.429309648852,316.346980705285));
#1348=CARTESIAN_POINT('Ctrl Pts',(-141.081694143022,-365.084293884323,316.269292575847));
#1349=CARTESIAN_POINT('Ctrl Pts',(-141.114435557711,-364.337828228392,316.228657247239));
#1350=CARTESIAN_POINT('Ctrl Pts',(-141.113998360516,-364.271978866809,316.225074719462));
#1351=CARTESIAN_POINT('Origin',(-139.056339273478,-364.270843994938,322.116925280538));
#1352=CARTESIAN_POINT('',(-141.108034977154,-364.270820915977,317.625074719462));
#1353=CARTESIAN_POINT('',(-141.114599738411,-364.271397842591,317.566925280538));
#1354=CARTESIAN_POINT('',(-141.111089273478,-364.270843994938,322.116925280538));
#1355=CARTESIAN_POINT('Ctrl Pts',(-141.114599738411,-364.271397842591,317.566925280538));
#1356=CARTESIAN_POINT('Ctrl Pts',(-141.112264327375,-363.62102802071,317.531514467816));
#1357=CARTESIAN_POINT('Ctrl Pts',(-140.428228783221,-362.285901309384,317.459050854263));
#1358=CARTESIAN_POINT('Ctrl Pts',(-138.154196318319,-362.015440343128,317.34953443988));
#1359=CARTESIAN_POINT('Ctrl Pts',(-136.672089963855,-363.806018643245,317.238376037388));
#1360=CARTESIAN_POINT('Ctrl Pts',(-137.373051556782,-366.02220073054,317.127217634895));
#1361=CARTESIAN_POINT('Ctrl Pts',(-139.615266589859,-366.634804152144,317.016059232403));
#1362=CARTESIAN_POINT('Ctrl Pts',(-140.965959560423,-365.423486583781,316.929295114283));
#1363=CARTESIAN_POINT('Ctrl Pts',(-141.110982442788,-364.506401391527,316.879583796995));
#1364=CARTESIAN_POINT('Ctrl Pts',(-141.109360634287,-364.272377903312,316.866925280538));
#1365=CARTESIAN_POINT('Ctrl Pts',(-141.108034977154,-364.270820915977,317.625074719462));
#1366=CARTESIAN_POINT('Ctrl Pts',(-141.108069187037,-363.929165686466,317.606624190542));
#1367=CARTESIAN_POINT('Ctrl Pts',(-140.865367361649,-362.901435825543,317.551120860792));
#1368=CARTESIAN_POINT('Ctrl Pts',(-139.241275366549,-361.848756824944,317.45856473021));
#1369=CARTESIAN_POINT('Ctrl Pts',(-137.121436068654,-362.80221974519,317.347406327718));
#1370=CARTESIAN_POINT('Ctrl Pts',(-136.773234239709,-365.100385468966,317.236247925225));
#1371=CARTESIAN_POINT('Ctrl Pts',(-138.515490738468,-366.639005830127,317.125089522732));
#1372=CARTESIAN_POINT('Ctrl Pts',(-140.603322903385,-366.051402082778,317.021365120812));
#1373=CARTESIAN_POINT('Ctrl Pts',(-141.10705319511,-364.814760387858,316.954693519722));
#1374=CARTESIAN_POINT('Ctrl Pts',(-141.112077514674,-364.26902341917,316.925074719462));
#1375=CARTESIAN_POINT('Origin',(-139.056339273478,-364.270843994938,322.116925280538));
#1376=CARTESIAN_POINT('',(-141.111992721111,-364.272676208254,318.325074719462));
#1377=CARTESIAN_POINT('',(-141.110994428233,-364.268967839864,318.266925280538));
#1378=CARTESIAN_POINT('',(-141.111089273478,-364.270843994938,322.116925280538));
#1379=CARTESIAN_POINT('Ctrl Pts',(-141.110994428233,-364.268967839864,318.266925280538));
#1380=CARTESIAN_POINT('Ctrl Pts',(-141.112552924905,-364.096005391034,318.257550740299));
#1381=CARTESIAN_POINT('Ctrl Pts',(-141.013420081536,-363.241170943304,318.211123399228));
#1382=CARTESIAN_POINT('Ctrl Pts',(-139.821856747906,-361.965482734411,318.127643257327));
#1383=CARTESIAN_POINT('Ctrl Pts',(-137.5343009342,-362.377670247195,318.016484854835));
#1384=CARTESIAN_POINT('Ctrl Pts',(-136.640354975209,-364.523286887283,317.905326452342));
#1385=CARTESIAN_POINT('Ctrl Pts',(-137.958534319963,-366.437761582706,317.79416804985));
#1386=CARTESIAN_POINT('Ctrl Pts',(-140.281886639655,-366.368161615017,317.683009647357));
#1387=CARTESIAN_POINT('Ctrl Pts',(-141.100441018666,-365.012135259657,317.607262057587));
#1388=CARTESIAN_POINT('Ctrl Pts',(-141.114708030677,-364.301555284117,317.568567268647));
#1389=CARTESIAN_POINT('Ctrl Pts',(-141.114599738411,-364.271397842591,317.566925280538));
#1390=CARTESIAN_POINT('Ctrl Pts',(-141.111992721111,-364.272676208254,318.325074719462));
#1391=CARTESIAN_POINT('Ctrl Pts',(-141.106984253892,-363.729677575735,318.295607662194));
#1392=CARTESIAN_POINT('Ctrl Pts',(-140.60753474582,-362.495749811736,318.229087804095));
#1393=CARTESIAN_POINT('Ctrl Pts',(-138.525171815079,-361.900491964576,318.125515145165));
#1394=CARTESIAN_POINT('Ctrl Pts',(-136.776642909308,-363.431980416216,318.014356742673));
#1395=CARTESIAN_POINT('Ctrl Pts',(-137.115451251085,-365.731549749376,317.90319834018));
#1396=CARTESIAN_POINT('Ctrl Pts',(-139.23137689948,-366.693666614567,317.792039937688));
#1397=CARTESIAN_POINT('Ctrl Pts',(-140.862426380203,-365.645917686621,317.699332064115));
#1398=CARTESIAN_POINT('Ctrl Pts',(-141.108000485919,-364.615286026258,317.643676991373));
#1399=CARTESIAN_POINT('Ctrl Pts',(-141.108034977154,-364.270820915977,317.625074719462));
#1400=CARTESIAN_POINT('Origin',(-139.056339273478,-364.270843994938,322.116925280538));
#1401=CARTESIAN_POINT('',(-141.114056360522,-364.269751172397,319.025074719462));
#1402=CARTESIAN_POINT('',(-141.108175631954,-364.271402925449,318.966925280538));
#1403=CARTESIAN_POINT('',(-141.111089273478,-364.270843994938,322.116925280538));
#1404=CARTESIAN_POINT('Ctrl Pts',(-141.108175631954,-364.271402925449,318.966925280538));
#1405=CARTESIAN_POINT('Ctrl Pts',(-141.107256480334,-363.893878597943,318.94653421195));
#1406=CARTESIAN_POINT('Ctrl Pts',(-140.826529733702,-362.82907968915,318.889090342532));
#1407=CARTESIAN_POINT('Ctrl Pts',(-139.11451501455,-361.842403526075,318.794593672283));
#1408=CARTESIAN_POINT('Ctrl Pts',(-137.047369514813,-362.905286213295,318.68343526979));
#1409=CARTESIAN_POINT('Ctrl Pts',(-136.819678367522,-365.218501918405,318.572276867297));
#1410=CARTESIAN_POINT('Ctrl Pts',(-138.639920311393,-366.664022381811,318.461118464805));
#1411=CARTESIAN_POINT('Ctrl Pts',(-140.655778652655,-365.981189654681,318.359334602552));
#1412=CARTESIAN_POINT('Ctrl Pts',(-141.106392978355,-364.779638188394,318.294603541129));
#1413=CARTESIAN_POINT('Ctrl Pts',(-141.110994428233,-364.268967839864,318.266925280538));
#1414=CARTESIAN_POINT('Ctrl Pts',(-141.114056360522,-364.269751172397,319.025074719462));
#1415=CARTESIAN_POINT('Ctrl Pts',(-141.114462464427,-364.206695787799,319.021643934676));
#1416=CARTESIAN_POINT('Ctrl Pts',(-141.083226828625,-363.463044028761,318.98116034906));
#1417=CARTESIAN_POINT('Ctrl Pts',(-140.179479316104,-362.116948943177,318.903623962612));
#1418=CARTESIAN_POINT('Ctrl Pts',(-137.855470617922,-362.159299042167,318.79246556012));
#1419=CARTESIAN_POINT('Ctrl Pts',(-136.631002091411,-364.135023504442,318.681307157628));
#1420=CARTESIAN_POINT('Ctrl Pts',(-137.627222592648,-366.235108007631,318.570148755135));
#1421=CARTESIAN_POINT('Ctrl Pts',(-139.931971938377,-366.536671670144,318.458990352643));
#1422=CARTESIAN_POINT('Ctrl Pts',(-141.036542056189,-365.233622244926,318.377299007418));
#1423=CARTESIAN_POINT('Ctrl Pts',(-141.113282057458,-364.412461065073,318.332660463025));
#1424=CARTESIAN_POINT('Ctrl Pts',(-141.111992721111,-364.272676208254,318.325074719462));
#1425=CARTESIAN_POINT('Origin',(-139.056339273478,-364.270843994938,322.116925280538));
#1426=CARTESIAN_POINT('',(-141.108691538626,-364.269689234275,319.725074719462));
#1427=CARTESIAN_POINT('',(-141.113044291076,-364.272436422425,319.666925280538));
#1428=CARTESIAN_POINT('',(-141.111089273478,-364.270843994938,322.116925280538));
#1429=CARTESIAN_POINT('Ctrl Pts',(-141.113044291076,-364.272436422425,319.666925280538));
#1430=CARTESIAN_POINT('Ctrl Pts',(-141.108105646132,-363.694443691149,319.635517683602));
#1431=CARTESIAN_POINT('Ctrl Pts',(-140.552247430481,-362.426251312614,319.567057285835));
#1432=CARTESIAN_POINT('Ctrl Pts',(-138.40209091077,-361.931471214521,319.461544087237));
#1433=CARTESIAN_POINT('Ctrl Pts',(-136.735940084309,-363.552195977646,319.350385684745));
#1434=CARTESIAN_POINT('Ctrl Pts',(-137.194394524546,-365.830930436275,319.239227282253));
#1435=CARTESIAN_POINT('Ctrl Pts',(-139.357684328924,-366.681217106216,319.12806887976));
#1436=CARTESIAN_POINT('Ctrl Pts',(-140.898833865568,-365.573391610359,319.037301545855));
#1437=CARTESIAN_POINT('Ctrl Pts',(-141.108926679311,-364.579881573011,318.983587012781));
#1438=CARTESIAN_POINT('Ctrl Pts',(-141.108175631954,-364.271402925449,318.966925280538));
#1439=CARTESIAN_POINT('Ctrl Pts',(-141.108691538626,-364.269689234275,319.725074719462));
#1440=CARTESIAN_POINT('Ctrl Pts',(-141.11005918614,-364.002377098684,319.710627406328));
#1441=CARTESIAN_POINT('Ctrl Pts',(-140.937268455875,-363.051189909543,319.659127292363));
#1442=CARTESIAN_POINT('Ctrl Pts',(-139.500789359112,-361.882715318933,319.570574377567));
#1443=CARTESIAN_POINT('Ctrl Pts',(-137.290678093791,-362.602567824949,319.459415975075));
#1444=CARTESIAN_POINT('Ctrl Pts',(-136.697235838943,-364.84993218278,319.348257572582));
#1445=CARTESIAN_POINT('Ctrl Pts',(-138.263840735031,-366.567069607496,319.23709917009));
#1446=CARTESIAN_POINT('Ctrl Pts',(-140.485325008794,-366.193628936182,319.129371552383));
#1447=CARTESIAN_POINT('Ctrl Pts',(-141.110076503766,-364.887699917388,319.058696735507));
#1448=CARTESIAN_POINT('Ctrl Pts',(-141.114056360522,-364.269751172397,319.025074719462));
#1449=CARTESIAN_POINT('Origin',(-139.056339273478,-364.270843994938,322.116925280538));
#1450=CARTESIAN_POINT('',(-141.108937109497,-364.271846611686,320.425074719462));
#1451=CARTESIAN_POINT('',(-141.113230947898,-364.269360868079,320.366925280538));
#1452=CARTESIAN_POINT('',(-141.111089273478,-364.270843994938,322.116925280538));
#1453=CARTESIAN_POINT('',(-139.586509490666,-366.25601832061,320.571));
#1454=CARTESIAN_POINT('Ctrl Pts',(-139.586509490666,-366.25601832061,320.571));
#1455=CARTESIAN_POINT('Ctrl Pts',(-140.246749016417,-366.079691572759,320.533947199169));
#1456=CARTESIAN_POINT('Ctrl Pts',(-140.981192922487,-365.381923319653,320.48530543899));
#1457=CARTESIAN_POINT('Ctrl Pts',(-141.110530068618,-364.485874277845,320.436663678811));
#1458=CARTESIAN_POINT('Ctrl Pts',(-141.108937109497,-364.271846611686,320.425074719462));
#1459=CARTESIAN_POINT('',(-138.525248894905,-366.260063156429,320.571));
#1460=CARTESIAN_POINT('Origin',(-139.056339273478,-364.270843994938,320.571));
#1461=CARTESIAN_POINT('Ctrl Pts',(-138.525248575586,-366.260064560088,320.571));
#1462=CARTESIAN_POINT('Ctrl Pts',(-139.170048114557,-366.431327864505,320.53465656989));
#1463=CARTESIAN_POINT('Ctrl Pts',(-140.550328139889,-366.11175790289,320.466631663403));
#1464=CARTESIAN_POINT('Ctrl Pts',(-141.108412794395,-364.852222496614,320.398606756915));
#1465=CARTESIAN_POINT('Ctrl Pts',(-141.113230947898,-364.269360868079,320.366925280538));
#1466=CARTESIAN_POINT('Origin',(-122.892055568799,-364.283091604308,310.571));
#1467=CARTESIAN_POINT('',(-124.556431367074,-364.281941981133,315.94248036339));
#1468=CARTESIAN_POINT('',(-124.555811729447,-364.284561042005,315.74951963661));
#1469=CARTESIAN_POINT('',(-124.558055568799,-364.283091604308,310.571));
#1470=CARTESIAN_POINT('',(-122.839431744395,-362.617922924233,315.571));
#1471=CARTESIAN_POINT('Ctrl Pts',(-124.555811729447,-364.284561042005,315.74951963661));
#1472=CARTESIAN_POINT('Ctrl Pts',(-124.553878559393,-363.947773162206,315.727065891904));
#1473=CARTESIAN_POINT('Ctrl Pts',(-124.454459279679,-363.61015097178,315.704612147198));
#1474=CARTESIAN_POINT('Ctrl Pts',(-124.264817152565,-363.335484733358,315.682158402492));
#1475=CARTESIAN_POINT('Ctrl Pts',(-123.951872828258,-362.882235016637,315.645105601662));
#1476=CARTESIAN_POINT('Ctrl Pts',(-123.393242140497,-362.600421021041,315.608052800831));
#1477=CARTESIAN_POINT('Ctrl Pts',(-122.839431744396,-362.617922924232,315.571));
#1478=CARTESIAN_POINT('',(-121.253610488255,-364.602848864233,315.571));
#1479=CARTESIAN_POINT('Origin',(-122.892055568799,-364.283091604308,315.571));
#1480=CARTESIAN_POINT('Ctrl Pts',(-121.253609460415,-364.602849027536,315.571));
#1481=CARTESIAN_POINT('Ctrl Pts',(-121.150680353824,-364.071797842798,315.60734343011));
#1482=CARTESIAN_POINT('Ctrl Pts',(-121.329518230526,-363.484698895533,315.64368686022));
#1483=CARTESIAN_POINT('Ctrl Pts',(-121.712431277573,-363.102261187236,315.68003029033));
#1484=CARTESIAN_POINT('Ctrl Pts',(-122.102818228524,-362.712358852953,315.717083091161));
#1485=CARTESIAN_POINT('Ctrl Pts',(-122.705324596087,-362.535185105589,315.754135891992));
#1486=CARTESIAN_POINT('Ctrl Pts',(-123.244482838809,-362.651728265516,315.791188692823));
#1487=CARTESIAN_POINT('Ctrl Pts',(-123.783641081531,-362.768271425443,315.828241493653));
#1488=CARTESIAN_POINT('Ctrl Pts',(-124.259451199412,-363.17853149266,315.865294294484));
#1489=CARTESIAN_POINT('Ctrl Pts',(-124.453928884564,-363.69476113718,315.902347095315));
#1490=CARTESIAN_POINT('Ctrl Pts',(-124.524144224996,-363.881143653007,315.91572485134));
#1491=CARTESIAN_POINT('Ctrl Pts',(-124.557686749359,-364.081339730178,315.929102607365));
#1492=CARTESIAN_POINT('Ctrl Pts',(-124.556431367074,-364.281941981133,315.94248036339));
#1493=CARTESIAN_POINT('Origin',(-122.892055568799,-364.283091604308,310.571));
#1494=CARTESIAN_POINT('',(-124.556651210089,-364.284335302942,316.64248036339));
#1495=CARTESIAN_POINT('',(-124.560411492155,-364.284011704682,316.44951963661));
#1496=CARTESIAN_POINT('',(-124.558055568799,-364.283091604308,310.571));
#1497=CARTESIAN_POINT('Ctrl Pts',(-124.560411492155,-364.284011704682,316.44951963661));
#1498=CARTESIAN_POINT('Ctrl Pts',(-124.557099697391,-363.785200081352,316.416049363556));
#1499=CARTESIAN_POINT('Ctrl Pts',(-124.318561391811,-363.283642793153,316.382579090502));
#1500=CARTESIAN_POINT('Ctrl Pts',(-123.927831827596,-362.974394482421,316.349108817447));
#1501=CARTESIAN_POINT('Ctrl Pts',(-123.495280091367,-362.63204543596,316.312056016617));
#1502=CARTESIAN_POINT('Ctrl Pts',(-122.876213562442,-362.525376607851,316.275003215786));
#1503=CARTESIAN_POINT('Ctrl Pts',(-122.354012214555,-362.703215705182,316.237950414955));
#1504=CARTESIAN_POINT('Ctrl Pts',(-121.831810866668,-362.881054802513,316.200897614124));
#1505=CARTESIAN_POINT('Ctrl Pts',(-121.40647469982,-363.343401825285,316.163844813293));
#1506=CARTESIAN_POINT('Ctrl Pts',(-121.272804221724,-363.87860909698,316.126792012462));
#1507=CARTESIAN_POINT('Ctrl Pts',(-121.139133743628,-364.413816368675,316.089739211632));
#1508=CARTESIAN_POINT('Ctrl Pts',(-121.297128954285,-365.021883889293,316.052686410801));
#1509=CARTESIAN_POINT('Ctrl Pts',(-121.67428967518,-365.424405584812,316.01563360997));
#1510=CARTESIAN_POINT('Ctrl Pts',(-122.051450396075,-365.82692728033,315.978580809139));
#1511=CARTESIAN_POINT('Ctrl Pts',(-122.647776627209,-366.02390315075,315.941528008308));
#1512=CARTESIAN_POINT('Ctrl Pts',(-123.190635499481,-365.925262136726,315.904475207478));
#1513=CARTESIAN_POINT('Ctrl Pts',(-123.733494371753,-365.826621122702,315.867422406647));
#1514=CARTESIAN_POINT('Ctrl Pts',(-124.222885885164,-365.432363224235,315.830369605816));
#1515=CARTESIAN_POINT('Ctrl Pts',(-124.433952661443,-364.922891556079,315.793316804985));
#1516=CARTESIAN_POINT('Ctrl Pts',(-124.517114410189,-364.722156245637,315.77871774886));
#1517=CARTESIAN_POINT('Ctrl Pts',(-124.557068644874,-364.503534991511,315.764118692735));
#1518=CARTESIAN_POINT('Ctrl Pts',(-124.555811729447,-364.284561042005,315.74951963661));
#1519=CARTESIAN_POINT('Ctrl Pts',(-124.556431367074,-364.281941981133,315.94248036339));
#1520=CARTESIAN_POINT('Ctrl Pts',(-124.554209676695,-364.63695423211,315.966155408196));
#1521=CARTESIAN_POINT('Ctrl Pts',(-124.443002618238,-364.993238599824,315.989830453002));
#1522=CARTESIAN_POINT('Ctrl Pts',(-124.233202281861,-365.276481744745,316.013505497808));
#1523=CARTESIAN_POINT('Ctrl Pts',(-123.904852741584,-365.719773485968,316.050558298638));
#1524=CARTESIAN_POINT('Ctrl Pts',(-123.335008408606,-365.984157746591,316.087611099469));
#1525=CARTESIAN_POINT('Ctrl Pts',(-122.784517421964,-365.948611381765,316.1246639003));
#1526=CARTESIAN_POINT('Ctrl Pts',(-122.234026435323,-365.913065016939,316.161716701131));
#1527=CARTESIAN_POINT('Ctrl Pts',(-121.702888795017,-365.577588026663,316.198769501962));
#1528=CARTESIAN_POINT('Ctrl Pts',(-121.434280178666,-365.095759227304,316.235822302792));
#1529=CARTESIAN_POINT('Ctrl Pts',(-121.165671562316,-364.613930427944,316.272875103623));
#1530=CARTESIAN_POINT('Ctrl Pts',(-121.159591969922,-363.985749819501,316.309927904454));
#1531=CARTESIAN_POINT('Ctrl Pts',(-121.418817871378,-363.498807978476,316.346980705285));
#1532=CARTESIAN_POINT('Ctrl Pts',(-121.678043772833,-363.011866137452,316.384033506116));
#1533=CARTESIAN_POINT('Ctrl Pts',(-122.202575168138,-362.666163063847,316.421086306947));
#1534=CARTESIAN_POINT('Ctrl Pts',(-122.752279325872,-362.619963925514,316.458139107777));
#1535=CARTESIAN_POINT('Ctrl Pts',(-123.301983483606,-362.573764787181,316.495191908608));
#1536=CARTESIAN_POINT('Ctrl Pts',(-123.876860403768,-362.827069584121,316.532244709439));
#1537=CARTESIAN_POINT('Ctrl Pts',(-124.213724044353,-363.263913366875,316.56929751027));
#1538=CARTESIAN_POINT('Ctrl Pts',(-124.435503431045,-363.551516226155,316.593691794643));
#1539=CARTESIAN_POINT('Ctrl Pts',(-124.554117132054,-363.918673156344,316.618086079017));
#1540=CARTESIAN_POINT('Ctrl Pts',(-124.556651210089,-364.284335302942,316.64248036339));
#1541=CARTESIAN_POINT('Origin',(-122.892055568799,-364.283091604308,310.571));
#1542=CARTESIAN_POINT('',(-124.560899089494,-364.283540665585,317.34248036339));
#1543=CARTESIAN_POINT('',(-124.558854063516,-364.281615476179,317.14951963661));
#1544=CARTESIAN_POINT('',(-124.558055568799,-364.283091604308,310.571));
#1545=CARTESIAN_POINT('Ctrl Pts',(-124.558854063516,-364.281615476179,317.14951963661));
#1546=CARTESIAN_POINT('Ctrl Pts',(-124.559876526669,-364.170556469131,317.142085636038));
#1547=CARTESIAN_POINT('Ctrl Pts',(-124.54972551299,-364.059683383383,317.134651635467));
#1548=CARTESIAN_POINT('Ctrl Pts',(-124.527717510746,-363.951216077692,317.127217634895));
#1549=CARTESIAN_POINT('Ctrl Pts',(-124.41802447051,-363.410589609382,317.090164834064));
#1550=CARTESIAN_POINT('Ctrl Pts',(-124.013773103161,-362.92972895305,317.053112033233));
#1551=CARTESIAN_POINT('Ctrl Pts',(-123.500034019502,-362.728777132474,317.016059232403));
#1552=CARTESIAN_POINT('Ctrl Pts',(-122.986294935844,-362.527825311898,316.979006431572));
#1553=CARTESIAN_POINT('Ctrl Pts',(-122.363068135875,-362.606782327078,316.941953630741));
#1554=CARTESIAN_POINT('Ctrl Pts',(-121.915672990719,-362.929500772258,316.90490082991));
#1555=CARTESIAN_POINT('Ctrl Pts',(-121.468277845563,-363.252219217437,316.867848029079));
#1556=CARTESIAN_POINT('Ctrl Pts',(-121.196714355219,-363.818699092617,316.830795228248));
#1557=CARTESIAN_POINT('Ctrl Pts',(-121.225307796219,-364.369600192415,316.793742427418));
#1558=CARTESIAN_POINT('Ctrl Pts',(-121.25390123722,-364.920501292212,316.756689626587));
#1559=CARTESIAN_POINT('Ctrl Pts',(-121.582651609565,-365.455823616628,316.719636825756));
#1560=CARTESIAN_POINT('Ctrl Pts',(-122.061052061547,-365.73049074738,316.682584024925));
#1561=CARTESIAN_POINT('Ctrl Pts',(-122.53945251353,-366.005157878132,316.645531224094));
#1562=CARTESIAN_POINT('Ctrl Pts',(-123.16750304515,-366.01916981522,316.608478423263));
#1563=CARTESIAN_POINT('Ctrl Pts',(-123.657678956646,-365.766112501464,316.571425622433));
#1564=CARTESIAN_POINT('Ctrl Pts',(-124.147854868141,-365.513055187707,316.534372821602));
#1565=CARTESIAN_POINT('Ctrl Pts',(-124.500156159513,-364.992928623106,316.497320020771));
#1566=CARTESIAN_POINT('Ctrl Pts',(-124.553288333433,-364.4438507084,316.46026721994));
#1567=CARTESIAN_POINT('Ctrl Pts',(-124.558425529128,-364.390761958375,316.456684692163));
#1568=CARTESIAN_POINT('Ctrl Pts',(-124.560765973778,-364.337402559697,316.453102164386));
#1569=CARTESIAN_POINT('Ctrl Pts',(-124.560411492155,-364.284011704682,316.44951963661));
#1570=CARTESIAN_POINT('Ctrl Pts',(-124.556651210089,-364.284335302942,316.64248036339));
#1571=CARTESIAN_POINT('Ctrl Pts',(-124.557966176662,-364.474082221921,316.655138879848));
#1572=CARTESIAN_POINT('Ctrl Pts',(-124.528024276184,-364.663426639144,316.667797396305));
#1573=CARTESIAN_POINT('Ctrl Pts',(-124.465021066944,-364.841043740918,316.680455912762));
#1574=CARTESIAN_POINT('Ctrl Pts',(-124.280604087943,-365.360947563638,316.717508713593));
#1575=CARTESIAN_POINT('Ctrl Pts',(-123.812919768935,-365.780372440507,316.754561514424));
#1576=CARTESIAN_POINT('Ctrl Pts',(-123.276078540005,-365.907301442098,316.791614315255));
#1577=CARTESIAN_POINT('Ctrl Pts',(-122.739237311074,-366.034230443688,316.828667116086));
#1578=CARTESIAN_POINT('Ctrl Pts',(-122.133239172222,-365.86866357,316.865719916917));
#1579=CARTESIAN_POINT('Ctrl Pts',(-121.735516489395,-365.48639899522,316.902772717747));
#1580=CARTESIAN_POINT('Ctrl Pts',(-121.337793806568,-365.104134420439,316.939825518578));
#1581=CARTESIAN_POINT('Ctrl Pts',(-121.148346579766,-364.505172144566,316.976878319409));
#1582=CARTESIAN_POINT('Ctrl Pts',(-121.253905650707,-363.96372333171,317.01393112024));
#1583=CARTESIAN_POINT('Ctrl Pts',(-121.359464721647,-363.422274518855,317.050983921071));
#1584=CARTESIAN_POINT('Ctrl Pts',(-121.760030090328,-362.938339169016,317.088036721902));
#1585=CARTESIAN_POINT('Ctrl Pts',(-122.272218807766,-362.733467889324,317.125089522733));
#1586=CARTESIAN_POINT('Ctrl Pts',(-122.784407525204,-362.528596609633,317.162142323563));
#1587=CARTESIAN_POINT('Ctrl Pts',(-123.408219591398,-362.602789400088,317.199195124394));
#1588=CARTESIAN_POINT('Ctrl Pts',(-123.85806736389,-362.92208003768,317.236247925225));
#1589=CARTESIAN_POINT('Ctrl Pts',(-124.287980214413,-363.227221368918,317.271658737947));
#1590=CARTESIAN_POINT('Ctrl Pts',(-124.559005531499,-363.756218938431,317.307069550669));
#1591=CARTESIAN_POINT('Ctrl Pts',(-124.560899089494,-364.283540665585,317.34248036339));
#1592=CARTESIAN_POINT('Origin',(-122.892055568799,-364.283091604308,310.571));
#1593=CARTESIAN_POINT('',(-124.557975893607,-364.281570412364,318.04248036339));
#1594=CARTESIAN_POINT('',(-124.555576362324,-364.283072891821,317.84951963661));
#1595=CARTESIAN_POINT('',(-124.558055568799,-364.283091604308,310.571));
#1596=CARTESIAN_POINT('Ctrl Pts',(-124.555576362324,-364.283072891821,317.84951963661));
#1597=CARTESIAN_POINT('Ctrl Pts',(-124.555604099796,-364.006057846418,317.83106910769));
#1598=CARTESIAN_POINT('Ctrl Pts',(-124.490188984681,-363.729055120736,317.81261857877));
#1599=CARTESIAN_POINT('Ctrl Pts',(-124.359258467412,-363.487574818084,317.79416804985));
#1600=CARTESIAN_POINT('Ctrl Pts',(-124.096320618851,-363.002628202324,317.757115249019));
#1601=CARTESIAN_POINT('Ctrl Pts',(-123.569161452624,-362.660942272011,317.720062448188));
#1602=CARTESIAN_POINT('Ctrl Pts',(-123.019119900142,-362.618944387769,317.683009647357));
#1603=CARTESIAN_POINT('Ctrl Pts',(-122.46907834766,-362.576946503527,317.645956846527));
#1604=CARTESIAN_POINT('Ctrl Pts',(-121.896154408924,-362.834636665356,317.608904045696));
#1605=CARTESIAN_POINT('Ctrl Pts',(-121.56263859836,-363.274041645703,317.571851244865));
#1606=CARTESIAN_POINT('Ctrl Pts',(-121.229122787797,-363.713446626049,317.534798444034));
#1607=CARTESIAN_POINT('Ctrl Pts',(-121.135015105408,-364.334566424911,317.497745643203));
#1608=CARTESIAN_POINT('Ctrl Pts',(-121.323399029864,-364.853045962042,317.460692842373));
#1609=CARTESIAN_POINT('Ctrl Pts',(-121.511782954319,-365.371525499174,317.423640041542));
#1610=CARTESIAN_POINT('Ctrl Pts',(-121.982658485621,-365.787364774573,317.386587240711));
#1611=CARTESIAN_POINT('Ctrl Pts',(-122.520453911322,-365.91018825504,317.34953443988));
#1612=CARTESIAN_POINT('Ctrl Pts',(-123.058249337024,-366.033011735507,317.312481639049));
#1613=CARTESIAN_POINT('Ctrl Pts',(-123.662964657126,-365.862819421041,317.275428838218));
#1614=CARTESIAN_POINT('Ctrl Pts',(-124.057754960616,-365.477527123664,317.238376037387));
#1615=CARTESIAN_POINT('Ctrl Pts',(-124.373337450499,-365.169537030027,317.208757237128));
#1616=CARTESIAN_POINT('Ctrl Pts',(-124.554780330726,-364.724100584305,317.179138436869));
#1617=CARTESIAN_POINT('Ctrl Pts',(-124.558854063516,-364.281615476179,317.14951963661));
#1618=CARTESIAN_POINT('Ctrl Pts',(-124.560899089494,-364.283540665585,317.34248036339));
#1619=CARTESIAN_POINT('Ctrl Pts',(-124.560986893175,-364.307992406144,317.344122351499));
#1620=CARTESIAN_POINT('Ctrl Pts',(-124.560496023913,-364.332440543395,317.345764339608));
#1621=CARTESIAN_POINT('Ctrl Pts',(-124.559415490177,-364.356862591418,317.347406327718));
#1622=CARTESIAN_POINT('Ctrl Pts',(-124.535032365181,-364.907966022833,317.384459128548));
#1623=CARTESIAN_POINT('Ctrl Pts',(-124.210382636396,-365.445784400933,317.421511929379));
#1624=CARTESIAN_POINT('Ctrl Pts',(-123.73409431183,-365.72409889907,317.45856473021));
#1625=CARTESIAN_POINT('Ctrl Pts',(-123.257805987264,-366.002413397207,317.495617531041));
#1626=CARTESIAN_POINT('Ctrl Pts',(-122.629879066917,-366.021224015381,317.532670331872));
#1627=CARTESIAN_POINT('Ctrl Pts',(-122.137785004383,-365.771919057114,317.569723132703));
#1628=CARTESIAN_POINT('Ctrl Pts',(-121.64569094185,-365.522614098846,317.606775933533));
#1629=CARTESIAN_POINT('Ctrl Pts',(-121.289429737129,-365.005193564139,317.643828734364));
#1630=CARTESIAN_POINT('Ctrl Pts',(-121.232101461696,-364.456537936879,317.680881535195));
#1631=CARTESIAN_POINT('Ctrl Pts',(-121.174773186262,-363.907882309619,317.717934336026));
#1632=CARTESIAN_POINT('Ctrl Pts',(-121.416377840115,-363.327991589807,317.754987136857));
#1633=CARTESIAN_POINT('Ctrl Pts',(-121.846306308832,-362.982345759225,317.792039937688));
#1634=CARTESIAN_POINT('Ctrl Pts',(-122.276234777549,-362.636699928643,317.829092738518));
#1635=CARTESIAN_POINT('Ctrl Pts',(-122.894487061129,-362.525298987291,317.866145539349));
#1636=CARTESIAN_POINT('Ctrl Pts',(-123.418020856092,-362.699143440774,317.90319834018));
#1637=CARTESIAN_POINT('Ctrl Pts',(-123.941554651055,-362.872987894258,317.940251141011));
#1638=CARTESIAN_POINT('Ctrl Pts',(-124.370369957401,-363.332077742576,317.977303941842));
#1639=CARTESIAN_POINT('Ctrl Pts',(-124.508150683403,-363.866236894906,318.014356742673));
#1640=CARTESIAN_POINT('Ctrl Pts',(-124.543009882469,-364.001381778839,318.023731282912));
#1641=CARTESIAN_POINT('Ctrl Pts',(-124.559239527204,-364.141331960053,318.033105823151));
#1642=CARTESIAN_POINT('Ctrl Pts',(-124.557975893607,-364.281570412364,318.04248036339));
#1643=CARTESIAN_POINT('Origin',(-122.892055568799,-364.283091604308,310.571));
#1644=CARTESIAN_POINT('',(-124.555690405443,-364.283544786796,318.74248036339));
#1645=CARTESIAN_POINT('',(-124.558785312539,-364.284577168148,318.54951963661));
#1646=CARTESIAN_POINT('',(-124.558055568799,-364.283091604308,310.571));
#1647=CARTESIAN_POINT('Ctrl Pts',(-124.558785312539,-364.284577168148,318.54951963661));
#1648=CARTESIAN_POINT('Ctrl Pts',(-124.554724432874,-363.844312310922,318.520052579341));
#1649=CARTESIAN_POINT('Ctrl Pts',(-124.375336870889,-363.401121778806,318.490585522073));
#1650=CARTESIAN_POINT('Ctrl Pts',(-124.062625836659,-363.093429236127,318.461118464805));
#1651=CARTESIAN_POINT('Ctrl Pts',(-123.669413186904,-362.706526994847,318.424065663974));
#1652=CARTESIAN_POINT('Ctrl Pts',(-123.065398324287,-362.533865168482,318.387012863143));
#1653=CARTESIAN_POINT('Ctrl Pts',(-122.527105513067,-362.654490130854,318.349960062313));
#1654=CARTESIAN_POINT('Ctrl Pts',(-121.988812701847,-362.775115093225,318.312907261482));
#1655=CARTESIAN_POINT('Ctrl Pts',(-121.516241942025,-363.189026844334,318.275854460651));
#1656=CARTESIAN_POINT('Ctrl Pts',(-121.32574102555,-363.706732294415,318.23880165982));
#1657=CARTESIAN_POINT('Ctrl Pts',(-121.135240109076,-364.224437744496,318.201748858989));
#1658=CARTESIAN_POINT('Ctrl Pts',(-121.226809035948,-364.845936893551,318.164696058158));
#1659=CARTESIAN_POINT('Ctrl Pts',(-121.558526602375,-365.286700989577,318.127643257328));
#1660=CARTESIAN_POINT('Ctrl Pts',(-121.890244168801,-365.727465085604,318.090590456497));
#1661=CARTESIAN_POINT('Ctrl Pts',(-122.462110374782,-365.987494128601,318.053537655666));
#1662=CARTESIAN_POINT('Ctrl Pts',(-123.012318943939,-365.947744127544,318.016484854835));
#1663=CARTESIAN_POINT('Ctrl Pts',(-123.562527513096,-365.907994126487,317.979432054004));
#1664=CARTESIAN_POINT('Ctrl Pts',(-124.09107844543,-365.568465081375,317.942379253173));
#1665=CARTESIAN_POINT('Ctrl Pts',(-124.35599564615,-365.084596908214,317.905326452343));
#1666=CARTESIAN_POINT('Ctrl Pts',(-124.48899670656,-364.841672024688,317.886724180432));
#1667=CARTESIAN_POINT('Ctrl Pts',(-124.555548396731,-364.562366196656,317.868121908521));
#1668=CARTESIAN_POINT('Ctrl Pts',(-124.555576362324,-364.283072891821,317.84951963661));
#1669=CARTESIAN_POINT('Ctrl Pts',(-124.557975893607,-364.281570412364,318.04248036339));
#1670=CARTESIAN_POINT('Ctrl Pts',(-124.554245024776,-364.695623403653,318.070158623982));
#1671=CARTESIAN_POINT('Ctrl Pts',(-124.398021531507,-365.112189315344,318.097836884573));
#1672=CARTESIAN_POINT('Ctrl Pts',(-124.118550323348,-365.415011162089,318.125515145165));
#1673=CARTESIAN_POINT('Ctrl Pts',(-123.744423091631,-365.820397820601,318.162567945996));
#1674=CARTESIAN_POINT('Ctrl Pts',(-123.14942248254,-366.021942681285,318.199620746827));
#1675=CARTESIAN_POINT('Ctrl Pts',(-122.605945941758,-365.927376418227,318.236673547658));
#1676=CARTESIAN_POINT('Ctrl Pts',(-122.062469400977,-365.83281015517,318.273726348488));
#1677=CARTESIAN_POINT('Ctrl Pts',(-121.570516928506,-365.442132768371,318.310779149319));
#1678=CARTESIAN_POINT('Ctrl Pts',(-121.355309465414,-364.934200414187,318.34783195015));
#1679=CARTESIAN_POINT('Ctrl Pts',(-121.140102002321,-364.426268060003,318.384884750981));
#1680=CARTESIAN_POINT('Ctrl Pts',(-121.201639548606,-363.801080738434,318.421937551812));
#1681=CARTESIAN_POINT('Ctrl Pts',(-121.511749577171,-363.344855686322,318.458990352643));
#1682=CARTESIAN_POINT('Ctrl Pts',(-121.821859605736,-362.88863063421,318.496043153473));
#1683=CARTESIAN_POINT('Ctrl Pts',(-122.38054211658,-362.601367851555,318.533095954304));
#1684=CARTESIAN_POINT('Ctrl Pts',(-122.932026467018,-362.614579215006,318.570148755135));
#1685=CARTESIAN_POINT('Ctrl Pts',(-123.483510817456,-362.627790578458,318.607201555966));
#1686=CARTESIAN_POINT('Ctrl Pts',(-124.027797007487,-362.941476088016,318.644254356797));
#1687=CARTESIAN_POINT('Ctrl Pts',(-124.315705175127,-363.412027271923,318.681307157628));
#1688=CARTESIAN_POINT('Ctrl Pts',(-124.47414812847,-363.670983174038,318.701698226215));
#1689=CARTESIAN_POINT('Ctrl Pts',(-124.554945154662,-363.977446973317,318.722089294803));
#1690=CARTESIAN_POINT('Ctrl Pts',(-124.555690405443,-364.283544786796,318.74248036339));
#1691=CARTESIAN_POINT('Origin',(-122.892055568799,-364.283091604308,310.571));
#1692=CARTESIAN_POINT('',(-124.559637923151,-364.28438274707,319.44248036339));
#1693=CARTESIAN_POINT('',(-124.560458517411,-364.282205540754,319.24951963661));
#1694=CARTESIAN_POINT('',(-124.558055568799,-364.283091604308,310.571));
#1695=CARTESIAN_POINT('Ctrl Pts',(-124.560458517411,-364.282205540754,319.24951963661));
#1696=CARTESIAN_POINT('Ctrl Pts',(-124.560787787637,-364.231080053056,319.246088851824));
#1697=CARTESIAN_POINT('Ctrl Pts',(-124.558641538476,-364.179982582851,319.242658067038));
#1698=CARTESIAN_POINT('Ctrl Pts',(-124.553929501789,-364.129122827112,319.239227282253));
#1699=CARTESIAN_POINT('Ctrl Pts',(-124.50303905899,-363.579832645018,319.202174481422));
#1700=CARTESIAN_POINT('Ctrl Pts',(-124.152869906648,-363.058269964923,319.165121680591));
#1701=CARTESIAN_POINT('Ctrl Pts',(-123.663733171377,-362.803211555229,319.12806887976));
#1702=CARTESIAN_POINT('Ctrl Pts',(-123.174596436106,-362.548153145536,319.091016078929));
#1703=CARTESIAN_POINT('Ctrl Pts',(-122.546492117905,-362.559599006245,319.053963278098));
#1704=CARTESIAN_POINT('Ctrl Pts',(-122.066972856687,-362.832309118601,319.016910477268));
#1705=CARTESIAN_POINT('Ctrl Pts',(-121.58745359547,-363.105019230956,318.979857676437));
#1706=CARTESIAN_POINT('Ctrl Pts',(-121.256519391234,-363.638993594956,318.942804875606));
#1707=CARTESIAN_POINT('Ctrl Pts',(-121.225675365033,-364.189773205567,318.905752074775));
#1708=CARTESIAN_POINT('Ctrl Pts',(-121.194831338833,-364.740552816178,318.868699273944));
#1709=CARTESIAN_POINT('Ctrl Pts',(-121.464077490667,-365.3081376734,318.831646473113));
#1710=CARTESIAN_POINT('Ctrl Pts',(-121.910150135962,-365.632681549891,318.794593672283));
#1711=CARTESIAN_POINT('Ctrl Pts',(-122.356222781257,-365.957225426382,318.757540871452));
#1712=CARTESIAN_POINT('Ctrl Pts',(-122.979121920013,-366.038728322143,318.720488070621));
#1713=CARTESIAN_POINT('Ctrl Pts',(-123.493677872963,-365.839877365339,318.68343526979));
#1714=CARTESIAN_POINT('Ctrl Pts',(-124.008233825912,-365.641026408535,318.646382468959));
#1715=CARTESIAN_POINT('Ctrl Pts',(-124.414446593055,-365.161821599167,318.609329668128));
#1716=CARTESIAN_POINT('Ctrl Pts',(-124.52634775818,-364.621647866385,318.572276867297));
#1717=CARTESIAN_POINT('Ctrl Pts',(-124.549257053131,-364.511059211162,318.564691123735));
#1718=CARTESIAN_POINT('Ctrl Pts',(-124.559830710167,-364.397915133189,318.557105380172));
#1719=CARTESIAN_POINT('Ctrl Pts',(-124.558785312539,-364.284577168148,318.54951963661));
#1720=CARTESIAN_POINT('Ctrl Pts',(-124.555690405443,-364.283544786796,318.74248036339));
#1721=CARTESIAN_POINT('Ctrl Pts',(-124.556299356803,-364.533660163855,318.759142095634));
#1722=CARTESIAN_POINT('Ctrl Pts',(-124.503460327773,-364.783531184035,318.775803827877));
#1723=CARTESIAN_POINT('Ctrl Pts',(-124.395860789893,-365.007039893469,318.79246556012));
#1724=CARTESIAN_POINT('Ctrl Pts',(-124.15657809177,-365.50408447285,318.829518360951));
#1725=CARTESIAN_POINT('Ctrl Pts',(-123.646482550275,-365.870756773355,318.866571161782));
#1726=CARTESIAN_POINT('Ctrl Pts',(-123.099101177504,-365.939190443026,318.903623962613));
#1727=CARTESIAN_POINT('Ctrl Pts',(-122.551719804734,-366.007624112698,318.940676763443));
#1728=CARTESIAN_POINT('Ctrl Pts',(-121.967052600688,-365.777819151536,318.977729564274));
#1729=CARTESIAN_POINT('Ctrl Pts',(-121.612766301611,-365.354982592268,319.014782365105));
#1730=CARTESIAN_POINT('Ctrl Pts',(-121.258480002534,-364.932146033,319.051835165936));
#1731=CARTESIAN_POINT('Ctrl Pts',(-121.134574608425,-364.316277875627,319.088887966767));
#1732=CARTESIAN_POINT('Ctrl Pts',(-121.297775227112,-363.789329078698,319.125940767598));
#1733=CARTESIAN_POINT('Ctrl Pts',(-121.460975845799,-363.262380281769,319.162993568428));
#1734=CARTESIAN_POINT('Ctrl Pts',(-121.911282477281,-362.824350845286,319.200046369259));
#1735=CARTESIAN_POINT('Ctrl Pts',(-122.442540224831,-362.675774896052,319.23709917009));
#1736=CARTESIAN_POINT('Ctrl Pts',(-122.97379797238,-362.527198946819,319.274151970921));
#1737=CARTESIAN_POINT('Ctrl Pts',(-123.586006835997,-362.668076484836,319.311204771752));
#1738=CARTESIAN_POINT('Ctrl Pts',(-123.998890938137,-363.033912952509,319.348257572582));
#1739=CARTESIAN_POINT('Ctrl Pts',(-124.348869810732,-363.344012163998,319.379665169518));
#1740=CARTESIAN_POINT('Ctrl Pts',(-124.555633657128,-363.815744575325,319.411072766454));
#1741=CARTESIAN_POINT('Ctrl Pts',(-124.559637923151,-364.28438274707,319.44248036339));
#1742=CARTESIAN_POINT('Origin',(-122.892055568799,-364.283091604308,310.571));
#1743=CARTESIAN_POINT('',(-124.559787562825,-364.281887670621,320.14248036339));
#1744=CARTESIAN_POINT('',(-124.55610872088,-364.282155406087,319.94951963661));
#1745=CARTESIAN_POINT('',(-124.558055568799,-364.283091604308,310.571));
#1746=CARTESIAN_POINT('',(-121.622984688946,-363.20373295126,320.571));
#1747=CARTESIAN_POINT('Ctrl Pts',(-124.559787562825,-364.281887670621,320.14248036339));
#1748=CARTESIAN_POINT('Ctrl Pts',(-124.555880497218,-364.754473051013,320.174161839768));
#1749=CARTESIAN_POINT('Ctrl Pts',(-124.345136981331,-365.230095585565,320.205843316145));
#1750=CARTESIAN_POINT('Ctrl Pts',(-123.989794629555,-365.540407354956,320.237524792523));
#1751=CARTESIAN_POINT('Ctrl Pts',(-123.574207008881,-365.903329841576,320.274577593353));
#1752=CARTESIAN_POINT('Ctrl Pts',(-122.960833156132,-366.040135754283,320.311630394184));
#1753=CARTESIAN_POINT('Ctrl Pts',(-122.430914181036,-365.887504011278,320.348683195015));
#1754=CARTESIAN_POINT('Ctrl Pts',(-121.90099520594,-365.734872268272,320.385735995846));
#1755=CARTESIAN_POINT('Ctrl Pts',(-121.454531108498,-365.292802869553,320.422788796677));
#1756=CARTESIAN_POINT('Ctrl Pts',(-121.295283810987,-364.765536576509,320.459841597507));
#1757=CARTESIAN_POINT('Ctrl Pts',(-121.136036513475,-364.238270283466,320.496894398338));
#1758=CARTESIAN_POINT('Ctrl Pts',(-121.264006015895,-363.625807096097,320.533947199169));
#1759=CARTESIAN_POINT('Ctrl Pts',(-121.622984688946,-363.20373295126,320.571));
#1760=CARTESIAN_POINT('',(-124.163605659296,-363.201469015054,320.571));
#1761=CARTESIAN_POINT('Origin',(-122.892055568799,-364.283091604308,320.571));
#1762=CARTESIAN_POINT('Ctrl Pts',(-124.163606428148,-363.201468312962,320.571));
#1763=CARTESIAN_POINT('Ctrl Pts',(-123.812589141385,-362.789890103836,320.53465656989));
#1764=CARTESIAN_POINT('Ctrl Pts',(-123.242073106582,-362.563660979226,320.49831313978));
#1765=CARTESIAN_POINT('Ctrl Pts',(-122.704328883893,-362.624588446542,320.46196970967));
#1766=CARTESIAN_POINT('Ctrl Pts',(-122.156088678692,-362.686705129111,320.424916908839));
#1767=CARTESIAN_POINT('Ctrl Pts',(-121.641912086693,-363.047297557908,320.387864108008));
#1768=CARTESIAN_POINT('Ctrl Pts',(-121.396869531255,-363.541491923289,320.350811307177));
#1769=CARTESIAN_POINT('Ctrl Pts',(-121.151826975817,-364.035686288669,320.313758506347));
#1770=CARTESIAN_POINT('Ctrl Pts',(-121.175918456939,-364.663482590632,320.276705705516));
#1771=CARTESIAN_POINT('Ctrl Pts',(-121.458268193827,-365.137395289838,320.239652904685));
#1772=CARTESIAN_POINT('Ctrl Pts',(-121.740617930715,-365.611307989044,320.202600103854));
#1773=CARTESIAN_POINT('Ctrl Pts',(-122.281225923368,-365.931337085493,320.165547303023));
#1774=CARTESIAN_POINT('Ctrl Pts',(-122.832527955841,-365.951010958168,320.128494502192));
#1775=CARTESIAN_POINT('Ctrl Pts',(-123.383829988313,-365.970684830844,320.091441701362));
#1776=CARTESIAN_POINT('Ctrl Pts',(-123.945826060605,-365.690003479744,320.054388900531));
#1777=CARTESIAN_POINT('Ctrl Pts',(-124.261260311684,-365.237449496917,320.0173360997));
#1778=CARTESIAN_POINT('Ctrl Pts',(-124.453703120918,-364.961351516156,319.994730612003));
#1779=CARTESIAN_POINT('Ctrl Pts',(-124.55437365313,-364.621281170599,319.972125124307));
#1780=CARTESIAN_POINT('Ctrl Pts',(-124.55610872088,-364.282155406087,319.94951963661));
#1781=CARTESIAN_POINT('Origin',(-122.892055568799,-364.283091604308,322.116925280538));
#1782=CARTESIAN_POINT('',(-124.949711231173,-364.284226403974,316.225074719462));
#1783=CARTESIAN_POINT('',(-124.944802370423,-364.281673724224,316.166925280538));
#1784=CARTESIAN_POINT('',(-124.946805568799,-364.283091604308,322.116925280538));
#1785=CARTESIAN_POINT('',(-124.113571631131,-365.935331318141,315.571));
#1786=CARTESIAN_POINT('Ctrl Pts',(-124.944802370423,-364.281673724224,316.166925280538));
#1787=CARTESIAN_POINT('Ctrl Pts',(-124.9463506878,-364.034262274554,316.153547524513));
#1788=CARTESIAN_POINT('Ctrl Pts',(-124.790398946491,-363.103475834641,316.103116967657));
#1789=CARTESIAN_POINT('Ctrl Pts',(-123.404849381866,-361.908806708967,316.01563360997));
#1790=CARTESIAN_POINT('Ctrl Pts',(-121.175557739459,-362.564354891552,315.904475207477));
#1791=CARTESIAN_POINT('Ctrl Pts',(-120.515962512237,-364.79410738616,315.793316804985));
#1792=CARTESIAN_POINT('Ctrl Pts',(-122.0353141841,-366.553613441873,315.682158402492));
#1793=CARTESIAN_POINT('Ctrl Pts',(-123.564061217369,-366.341589436263,315.608052800831));
#1794=CARTESIAN_POINT('Ctrl Pts',(-124.113571631131,-365.935331318141,315.571));
#1795=CARTESIAN_POINT('',(-124.778416166992,-365.108115467757,315.571));
#1796=CARTESIAN_POINT('Origin',(-122.892055568799,-364.283091604308,315.571));
#1797=CARTESIAN_POINT('Ctrl Pts',(-124.949711231173,-364.284226403974,316.225074719462));
#1798=CARTESIAN_POINT('Ctrl Pts',(-124.945626651167,-363.669020411755,316.191604446408));
#1799=CARTESIAN_POINT('Ctrl Pts',(-124.3257374079,-362.365624015608,316.121081372523));
#1800=CARTESIAN_POINT('Ctrl Pts',(-122.10899535699,-361.983666236044,316.013505497808));
#1801=CARTESIAN_POINT('Ctrl Pts',(-120.535238774462,-363.694364096261,315.902347095315));
#1802=CARTESIAN_POINT('Ctrl Pts',(-121.119825795643,-365.944232171873,315.791188692823));
#1803=CARTESIAN_POINT('Ctrl Pts',(-123.312170181461,-366.668397773031,315.680739661051));
#1804=CARTESIAN_POINT('Ctrl Pts',(-124.510290894982,-365.719023047559,315.60734343011));
#1805=CARTESIAN_POINT('Ctrl Pts',(-124.778417324696,-365.108116023394,315.571));
#1806=CARTESIAN_POINT('Origin',(-122.892055568799,-364.283091604308,322.116925280538));
#1807=CARTESIAN_POINT('',(-124.947790386939,-364.281271031515,316.925074719462));
#1808=CARTESIAN_POINT('',(-124.945073512341,-364.284625511731,316.866925280538));
#1809=CARTESIAN_POINT('',(-124.946805568799,-364.283091604308,322.116925280538));
#1810=CARTESIAN_POINT('Ctrl Pts',(-124.945073512341,-364.284625511731,316.866925280538));
#1811=CARTESIAN_POINT('Ctrl Pts',(-124.94194812408,-363.83363853951,316.842530996164));
#1812=CARTESIAN_POINT('Ctrl Pts',(-124.573452738846,-362.692997675258,316.78108391096));
#1813=CARTESIAN_POINT('Ctrl Pts',(-122.688616812044,-361.862492979456,316.682584024925));
#1814=CARTESIAN_POINT('Ctrl Pts',(-120.747834907176,-363.141604727038,316.571425622433));
#1815=CARTESIAN_POINT('Ctrl Pts',(-120.770329581495,-365.465891831239,316.46026721994));
#1816=CARTESIAN_POINT('Ctrl Pts',(-122.735554791133,-366.707166763594,316.349108817447));
#1817=CARTESIAN_POINT('Ctrl Pts',(-124.590248026341,-365.846665620921,316.25132817098));
#1818=CARTESIAN_POINT('Ctrl Pts',(-124.942062263396,-364.71952571864,316.190600325343));
#1819=CARTESIAN_POINT('Ctrl Pts',(-124.944802370423,-364.281673724224,316.166925280538));
#1820=CARTESIAN_POINT('Ctrl Pts',(-124.947790386939,-364.281271031515,316.925074719462));
#1821=CARTESIAN_POINT('Ctrl Pts',(-124.949051435056,-364.144297145122,316.917640718891));
#1822=CARTESIAN_POINT('Ctrl Pts',(-124.874130705794,-363.325985525985,316.873153917488));
#1823=CARTESIAN_POINT('Ctrl Pts',(-123.776937685648,-362.020864508707,316.791614315255));
#1824=CARTESIAN_POINT('Ctrl Pts',(-121.470979821479,-362.313007834531,316.680455912762));
#1825=CARTESIAN_POINT('Ctrl Pts',(-120.466186757042,-364.409000373893,316.56929751027));
#1826=CARTESIAN_POINT('Ctrl Pts',(-121.682573001175,-366.389709040326,316.458139107778));
#1827=CARTESIAN_POINT('Ctrl Pts',(-124.006378817226,-366.44155362808,316.346980705285));
#1828=CARTESIAN_POINT('Ctrl Pts',(-124.917407079153,-365.096540107732,316.269292575847));
#1829=CARTESIAN_POINT('Ctrl Pts',(-124.950148428722,-364.350075659281,316.228657247239));
#1830=CARTESIAN_POINT('Ctrl Pts',(-124.949711231173,-364.284226403974,316.225074719462));
#1831=CARTESIAN_POINT('Origin',(-122.892055568799,-364.283091604308,322.116925280538));
#1832=CARTESIAN_POINT('',(-124.943747856012,-364.283068525387,317.625074719462));
#1833=CARTESIAN_POINT('',(-124.950312606103,-364.283645451043,317.566925280538));
#1834=CARTESIAN_POINT('',(-124.946805568799,-364.283091604308,322.116925280538));
#1835=CARTESIAN_POINT('Ctrl Pts',(-124.950312606103,-364.283645451043,317.566925280538));
#1836=CARTESIAN_POINT('Ctrl Pts',(-124.947977198966,-363.633276712224,317.531514467816));
#1837=CARTESIAN_POINT('Ctrl Pts',(-124.263942793994,-362.298152224284,317.459050854263));
#1838=CARTESIAN_POINT('Ctrl Pts',(-121.989914115864,-362.027691708451,317.34953443988));
#1839=CARTESIAN_POINT('Ctrl Pts',(-120.507810229973,-363.818267026724,317.238376037387));
#1840=CARTESIAN_POINT('Ctrl Pts',(-121.208770654829,-366.034445423513,317.127217634895));
#1841=CARTESIAN_POINT('Ctrl Pts',(-123.450981955802,-366.647047825153,317.016059232402));
#1842=CARTESIAN_POINT('Ctrl Pts',(-124.801672674681,-365.435732274407,316.929295114283));
#1843=CARTESIAN_POINT('Ctrl Pts',(-124.946695317602,-364.518648610034,316.879583796995));
#1844=CARTESIAN_POINT('Ctrl Pts',(-124.945073512341,-364.284625511731,316.866925280538));
#1845=CARTESIAN_POINT('Ctrl Pts',(-124.943747856012,-364.283068525387,317.625074719462));
#1846=CARTESIAN_POINT('Ctrl Pts',(-124.943782065838,-363.941413864797,317.606624190542));
#1847=CARTESIAN_POINT('Ctrl Pts',(-124.701080644596,-362.91368571524,317.551120860792));
#1848=CARTESIAN_POINT('Ctrl Pts',(-123.076991353903,-361.861008467544,317.45856473021));
#1849=CARTESIAN_POINT('Ctrl Pts',(-120.957155585982,-362.814469800111,317.347406327718));
#1850=CARTESIAN_POINT('Ctrl Pts',(-120.60895433678,-365.112631696954,317.236247925225));
#1851=CARTESIAN_POINT('Ctrl Pts',(-122.351207934514,-366.651249496102,317.125089522733));
#1852=CARTESIAN_POINT('Ctrl Pts',(-124.439036622477,-366.063646726996,317.021365120812));
#1853=CARTESIAN_POINT('Ctrl Pts',(-124.942766075743,-364.827007091492,316.954693519722));
#1854=CARTESIAN_POINT('Ctrl Pts',(-124.947790386939,-364.281271031515,316.925074719462));
#1855=CARTESIAN_POINT('Origin',(-122.892055568799,-364.283091604308,322.116925280538));
#1856=CARTESIAN_POINT('',(-124.947705593379,-364.284923814573,318.325074719462));
#1857=CARTESIAN_POINT('',(-124.946707301932,-364.281215452359,318.266925280538));
#1858=CARTESIAN_POINT('',(-124.946805568799,-364.283091604308,322.116925280538));
#1859=CARTESIAN_POINT('Ctrl Pts',(-124.946707301932,-364.281215452359,318.266925280538));
#1860=CARTESIAN_POINT('Ctrl Pts',(-124.948265796009,-364.108253291564,318.257550740299));
#1861=CARTESIAN_POINT('Ctrl Pts',(-124.849133117726,-363.253420267391,318.211123399228));
#1862=CARTESIAN_POINT('Ctrl Pts',(-123.657571768409,-361.977734182905,318.127643257328));
#1863=CARTESIAN_POINT('Ctrl Pts',(-121.370019764173,-362.389921009272,318.016484854835));
#1864=CARTESIAN_POINT('Ctrl Pts',(-120.476075293875,-364.535534076259,317.905326452342));
#1865=CARTESIAN_POINT('Ctrl Pts',(-121.794252443454,-366.450005583506,317.79416804985));
#1866=CARTESIAN_POINT('Ctrl Pts',(-124.117600894084,-366.380405731719,317.683009647357));
#1867=CARTESIAN_POINT('Ctrl Pts',(-124.936153909925,-365.024381634557,317.607262057587));
#1868=CARTESIAN_POINT('Ctrl Pts',(-124.950420898188,-364.313802842347,317.568567268647));
#1869=CARTESIAN_POINT('Ctrl Pts',(-124.950312606103,-364.283645451043,317.566925280538));
#1870=CARTESIAN_POINT('Ctrl Pts',(-124.947705593379,-364.284923814573,318.325074719462));
#1871=CARTESIAN_POINT('Ctrl Pts',(-124.9426971345,-363.74192608625,318.295607662194));
#1872=CARTESIAN_POINT('Ctrl Pts',(-124.443248458103,-362.508000376978,318.229087804095));
#1873=CARTESIAN_POINT('Ctrl Pts',(-122.360888994895,-361.912743521033,318.125515145165));
#1874=CARTESIAN_POINT('Ctrl Pts',(-120.612363000757,-363.444229422455,318.014356742672));
#1875=CARTESIAN_POINT('Ctrl Pts',(-120.951170778353,-365.743794926392,317.90319834018));
#1876=CARTESIAN_POINT('Ctrl Pts',(-123.067092903331,-366.705910189477,317.792039937688));
#1877=CARTESIAN_POINT('Ctrl Pts',(-124.698139668042,-365.65816300623,317.699332064115));
#1878=CARTESIAN_POINT('Ctrl Pts',(-124.943713364833,-364.627533062067,317.643676991373));
#1879=CARTESIAN_POINT('Ctrl Pts',(-124.943747856012,-364.283068525387,317.625074719462));
#1880=CARTESIAN_POINT('Origin',(-122.892055568799,-364.283091604308,322.116925280538));
#1881=CARTESIAN_POINT('',(-124.94976922946,-364.281998783727,319.025074719462));
#1882=CARTESIAN_POINT('',(-124.943888510332,-364.283650533909,318.966925280538));
#1883=CARTESIAN_POINT('',(-124.946805568799,-364.283091604308,322.116925280538));
#1884=CARTESIAN_POINT('Ctrl Pts',(-124.943888510332,-364.283650533909,318.966925280538));
#1885=CARTESIAN_POINT('Ctrl Pts',(-124.942969360247,-363.906126835083,318.94653421195));
#1886=CARTESIAN_POINT('Ctrl Pts',(-124.662243081123,-362.841329699441,318.889090342532));
#1887=CARTESIAN_POINT('Ctrl Pts',(-122.950231212983,-361.85465517956,318.794593672282));
#1888=CARTESIAN_POINT('Ctrl Pts',(-120.883089155677,-362.917536096717,318.68343526979));
#1889=CARTESIAN_POINT('Ctrl Pts',(-120.655398387557,-365.230747949645,318.572276867297));
#1890=CARTESIAN_POINT('Ctrl Pts',(-122.475637300178,-366.676266005814,318.461118464805));
#1891=CARTESIAN_POINT('Ctrl Pts',(-124.491492284425,-365.993434415811,318.359334602552));
#1892=CARTESIAN_POINT('Ctrl Pts',(-124.942105859717,-364.791884950468,318.294603541129));
#1893=CARTESIAN_POINT('Ctrl Pts',(-124.946707301932,-364.281215452359,318.266925280538));
#1894=CARTESIAN_POINT('Ctrl Pts',(-124.94976922946,-364.281998783727,319.025074719462));
#1895=CARTESIAN_POINT('Ctrl Pts',(-124.950175332699,-364.218943504107,319.021643934677));
#1896=CARTESIAN_POINT('Ctrl Pts',(-124.918939749017,-363.475292983162,318.98116034906));
#1897=CARTESIAN_POINT('Ctrl Pts',(-124.01519374102,-362.12920013945,318.903623962613));
#1898=CARTESIAN_POINT('Ctrl Pts',(-121.691188913009,-362.171550167587,318.79246556012));
#1899=CARTESIAN_POINT('Ctrl Pts',(-120.466722425339,-364.147271340032,318.681307157628));
#1900=CARTESIAN_POINT('Ctrl Pts',(-121.462941267742,-366.247352346109,318.570148755135));
#1901=CARTESIAN_POINT('Ctrl Pts',(-123.767686775592,-366.548915506491,318.458990352643));
#1902=CARTESIAN_POINT('Ctrl Pts',(-124.872255054096,-365.245868251087,318.377299007418));
#1903=CARTESIAN_POINT('Ctrl Pts',(-124.948994927578,-364.424708438623,318.332660463025));
#1904=CARTESIAN_POINT('Ctrl Pts',(-124.947705593379,-364.284923814573,318.325074719462));
#1905=CARTESIAN_POINT('Origin',(-122.892055568799,-364.283091604308,322.116925280538));
#1906=CARTESIAN_POINT('',(-124.94440443689,-364.28193695047,319.725074719462));
#1907=CARTESIAN_POINT('',(-124.948757154996,-364.284684026631,319.666925280538));
#1908=CARTESIAN_POINT('',(-124.946805568799,-364.283091604308,322.116925280538));
#1909=CARTESIAN_POINT('Ctrl Pts',(-124.948757154996,-364.284684026631,319.666925280538));
#1910=CARTESIAN_POINT('Ctrl Pts',(-124.943818520175,-363.706692259889,319.635517683602));
#1911=CARTESIAN_POINT('Ctrl Pts',(-124.387961232394,-362.438501987312,319.567057285835));
#1912=CARTESIAN_POINT('Ctrl Pts',(-122.237808294634,-361.943722721225,319.461544087237));
#1913=CARTESIAN_POINT('Ctrl Pts',(-120.571660243545,-363.564444782357,319.350385684745));
#1914=CARTESIAN_POINT('Ctrl Pts',(-121.030113920396,-365.843175448076,319.239227282252));
#1915=CARTESIAN_POINT('Ctrl Pts',(-123.193400122401,-366.693460701284,319.12806887976));
#1916=CARTESIAN_POINT('Ctrl Pts',(-124.734547092549,-365.585637050631,319.037301545855));
#1917=CARTESIAN_POINT('Ctrl Pts',(-124.944639556435,-364.59212866777,318.983587012781));
#1918=CARTESIAN_POINT('Ctrl Pts',(-124.943888510332,-364.283650533909,318.966925280538));
#1919=CARTESIAN_POINT('Ctrl Pts',(-124.94440443689,-364.28193695047,319.725074719462));
#1920=CARTESIAN_POINT('Ctrl Pts',(-124.945772082685,-364.014625241338,319.710627406328));
#1921=CARTESIAN_POINT('Ctrl Pts',(-124.772981644727,-363.063439574301,319.659127292363));
#1922=CARTESIAN_POINT('Ctrl Pts',(-123.336504909536,-361.894966943918,319.570574377568));
#1923=CARTESIAN_POINT('Ctrl Pts',(-121.126397336714,-362.614818212267,319.459415975075));
#1924=CARTESIAN_POINT('Ctrl Pts',(-120.532956060614,-364.862178834869,319.348257572583));
#1925=CARTESIAN_POINT('Ctrl Pts',(-122.09955835171,-366.579313392478,319.23709917009));
#1926=CARTESIAN_POINT('Ctrl Pts',(-124.321038924046,-366.205873345001,319.129371552383));
#1927=CARTESIAN_POINT('Ctrl Pts',(-124.945789379226,-364.899946499927,319.058696735507));
#1928=CARTESIAN_POINT('Ctrl Pts',(-124.94976922946,-364.281998783727,319.025074719462));
#1929=CARTESIAN_POINT('Origin',(-122.892055568799,-364.283091604308,322.116925280538));
#1930=CARTESIAN_POINT('',(-124.944654156692,-364.284109038443,320.425074719462));
#1931=CARTESIAN_POINT('',(-124.948941712092,-364.281606740717,320.366925280538));
#1932=CARTESIAN_POINT('',(-124.946805568799,-364.283091604308,322.116925280538));
#1933=CARTESIAN_POINT('',(-123.422225785987,-366.26826592998,320.571));
#1934=CARTESIAN_POINT('Ctrl Pts',(-123.422225785986,-366.26826592998,320.571));
#1935=CARTESIAN_POINT('Ctrl Pts',(-124.082465311738,-366.091939182129,320.533947199169));
#1936=CARTESIAN_POINT('Ctrl Pts',(-124.81691036096,-365.394184308147,320.48530543899));
#1937=CARTESIAN_POINT('Ctrl Pts',(-124.94624721725,-364.4981367553,320.436663678811));
#1938=CARTESIAN_POINT('Ctrl Pts',(-124.944654156692,-364.284109038443,320.425074719462));
#1939=CARTESIAN_POINT('',(-122.360958579148,-366.272301638785,320.571));
#1940=CARTESIAN_POINT('Origin',(-122.892055568799,-364.283091604308,320.571));
#1941=CARTESIAN_POINT('Ctrl Pts',(-122.36095829186,-366.272302889802,320.571));
#1942=CARTESIAN_POINT('Ctrl Pts',(-123.005758734122,-366.443567510112,320.53465656989));
#1943=CARTESIAN_POINT('Ctrl Pts',(-124.386037438263,-366.123998048274,320.466631663402));
#1944=CARTESIAN_POINT('Ctrl Pts',(-124.944122958757,-364.864466770944,320.398606756915));
#1945=CARTESIAN_POINT('Ctrl Pts',(-124.948941712092,-364.281606740717,320.366925280538));
#1946=CARTESIAN_POINT('Origin',(-122.892055568799,-364.283091604308,322.116925280538));
#1947=CARTESIAN_POINT('Ctrl Pts',(-124.948941712092,-364.281606740717,320.366925280538));
#1948=CARTESIAN_POINT('Ctrl Pts',(-124.949758690673,-364.182787787459,320.361553956084));
#1949=CARTESIAN_POINT('Ctrl Pts',(-124.898295938849,-363.403140272328,320.3191298308));
#1950=CARTESIAN_POINT('Ctrl Pts',(-123.901221095376,-362.073392448944,320.239652904685));
#1951=CARTESIAN_POINT('Ctrl Pts',(-121.582522487784,-362.237202223096,320.128494502192));
#1952=CARTESIAN_POINT('Ctrl Pts',(-120.46295032199,-364.274115457854,320.0173360997));
#1953=CARTESIAN_POINT('Ctrl Pts',(-121.567483096524,-366.319324721541,319.906177697207));
#1954=CARTESIAN_POINT('Ctrl Pts',(-123.884839945151,-366.500083647321,319.795019294715));
#1955=CARTESIAN_POINT('Ctrl Pts',(-124.895252897891,-365.17340813275,319.715268489158));
#1956=CARTESIAN_POINT('Ctrl Pts',(-124.9496448256,-364.388572311351,319.672570484433));
#1957=CARTESIAN_POINT('Ctrl Pts',(-124.948757154996,-364.284684026631,319.666925280538));
#1958=CARTESIAN_POINT('Ctrl Pts',(-124.944654156692,-364.284109038443,320.425074719462));
#1959=CARTESIAN_POINT('Ctrl Pts',(-124.941153804305,-363.813836627345,320.39961087798));
#1960=CARTESIAN_POINT('Ctrl Pts',(-124.548429136155,-362.652824526691,320.337094235667));
#1961=CARTESIAN_POINT('Ctrl Pts',(-122.618511982342,-361.86946471176,320.237524792523));
#1962=CARTESIAN_POINT('Ctrl Pts',(-120.716043160476,-363.203667520414,320.12636639003));
#1963=CARTESIAN_POINT('Ctrl Pts',(-120.805182363662,-365.526532679102,320.015207987538));
#1964=CARTESIAN_POINT('Ctrl Pts',(-122.805448161209,-366.71064994068,319.904049585045));
#1965=CARTESIAN_POINT('Ctrl Pts',(-124.614589534572,-365.807098705999,319.807338495687));
#1966=CARTESIAN_POINT('Ctrl Pts',(-124.94226450264,-364.700195452649,319.747680207159));
#1967=CARTESIAN_POINT('Ctrl Pts',(-124.94440443689,-364.28193695047,319.725074719462));
#1968=CARTESIAN_POINT('Ctrl Pts',(-121.622984688946,-363.20373295126,320.571));
#1969=CARTESIAN_POINT('Ctrl Pts',(-121.264006015895,-363.625807096097,320.533947199169));
#1970=CARTESIAN_POINT('Ctrl Pts',(-121.008067011056,-364.850733470834,320.459841597507));
#1971=CARTESIAN_POINT('Ctrl Pts',(-122.347459303383,-366.176941666991,320.348683195015));
#1972=CARTESIAN_POINT('Ctrl Pts',(-124.187580861629,-365.766523928868,320.237524792523));
#1973=CARTESIAN_POINT('Ctrl Pts',(-124.840985027427,-363.999406747271,320.12636639003));
#1974=CARTESIAN_POINT('Ctrl Pts',(-123.710291250647,-362.49145817307,320.015207987538));
#1975=CARTESIAN_POINT('Ctrl Pts',(-121.830280602029,-362.624275831538,319.904049585045));
#1976=CARTESIAN_POINT('Ctrl Pts',(-120.922526749632,-364.275813706758,319.792891182553));
#1977=CARTESIAN_POINT('Ctrl Pts',(-121.818086599917,-365.934078037359,319.68173278006));
#1978=CARTESIAN_POINT('Ctrl Pts',(-123.697009344685,-366.080638139731,319.570574377567));
#1979=CARTESIAN_POINT('Ctrl Pts',(-124.838893721605,-364.581340214835,319.459415975075));
#1980=CARTESIAN_POINT('Ctrl Pts',(-124.198215699614,-362.808954022854,319.348257572582));
#1981=CARTESIAN_POINT('Ctrl Pts',(-122.361589108763,-362.386321408802,319.23709917009));
#1982=CARTESIAN_POINT('Ctrl Pts',(-121.010669214317,-363.700409718253,319.125940767598));
#1983=CARTESIAN_POINT('Ctrl Pts',(-121.382385396642,-365.548014190373,319.014782365105));
#1984=CARTESIAN_POINT('Ctrl Pts',(-123.13638700878,-366.23742907386,318.903623962613));
#1985=CARTESIAN_POINT('Ctrl Pts',(-124.666673633264,-365.137412172345,318.79246556012));
#1986=CARTESIAN_POINT('Ctrl Pts',(-124.572083197518,-363.255161597574,318.681307157628));
#1987=CARTESIAN_POINT('Ctrl Pts',(-122.939224627424,-362.3141050689,318.570148755135));
#1988=CARTESIAN_POINT('Ctrl Pts',(-121.263177094891,-363.175893416866,318.458990352643));
#1989=CARTESIAN_POINT('Ctrl Pts',(-121.078564456036,-365.051455381571,318.34783195015));
#1990=CARTESIAN_POINT('Ctrl Pts',(-122.554421873448,-366.223487541969,318.236673547658));
#1991=CARTESIAN_POINT('Ctrl Pts',(-124.339423700723,-365.618852959917,318.125515145165));
#1992=CARTESIAN_POINT('Ctrl Pts',(-124.799185263747,-363.791167590895,318.014356742673));
#1993=CARTESIAN_POINT('Ctrl Pts',(-123.512739344709,-362.413898045939,317.90319834018));
#1994=CARTESIAN_POINT('Ctrl Pts',(-121.657982493969,-362.748100869995,317.792039937688));
#1995=CARTESIAN_POINT('Ctrl Pts',(-120.933168532409,-364.487773029431,317.680881535195));
#1996=CARTESIAN_POINT('Ctrl Pts',(-122.00195214657,-366.040034633554,317.569723132703));
#1997=CARTESIAN_POINT('Ctrl Pts',(-123.885732907612,-365.983602779034,317.45856473021));
#1998=CARTESIAN_POINT('Ctrl Pts',(-124.859682093965,-364.370147644732,317.347406327718));
#1999=CARTESIAN_POINT('Ctrl Pts',(-124.032031657592,-362.676982190543,317.236247925225));
#2000=CARTESIAN_POINT('Ctrl Pts',(-122.16059545901,-362.454403819178,317.125089522733));
#2001=CARTESIAN_POINT('Ctrl Pts',(-120.958899352965,-363.906209868693,317.01393112024));
#2002=CARTESIAN_POINT('Ctrl Pts',(-121.527241033369,-365.703096696312,316.902772717747));
#2003=CARTESIAN_POINT('Ctrl Pts',(-123.345235449927,-366.199797317377,316.791614315255));
#2004=CARTESIAN_POINT('Ctrl Pts',(-124.748288406951,-364.941522686768,316.680455912762));
#2005=CARTESIAN_POINT('Ctrl Pts',(-124.45173732393,-363.08037438106,316.56929751027));
#2006=CARTESIAN_POINT('Ctrl Pts',(-122.727106563444,-362.320459990241,316.458139107777));
#2007=CARTESIAN_POINT('Ctrl Pts',(-121.153512377528,-363.357569211057,316.346980705285));
#2008=CARTESIAN_POINT('Ctrl Pts',(-121.17175115471,-365.242111036388,316.235822302792));
#2009=CARTESIAN_POINT('Ctrl Pts',(-122.765164075629,-366.248542007214,316.1246639003));
#2010=CARTESIAN_POINT('Ctrl Pts',(-124.474697074561,-365.455389225345,316.013505497808));
#2011=CARTESIAN_POINT('Ctrl Pts',(-124.735261317293,-363.588791559877,315.902347095315));
#2012=CARTESIAN_POINT('Ctrl Pts',(-123.30783096365,-362.358011358226,315.791188692823));
#2013=CARTESIAN_POINT('Ctrl Pts',(-121.500311860961,-362.889532600316,315.68003029033));
#2014=CARTESIAN_POINT('Ctrl Pts',(-120.965509257943,-364.697425363922,315.568871887838));
#2015=CARTESIAN_POINT('Ctrl Pts',(-122.197406026563,-366.124040323804,315.457713485345));
#2016=CARTESIAN_POINT('Ctrl Pts',(-123.436920593993,-365.952130362326,315.383607883683));
#2017=CARTESIAN_POINT('Ctrl Pts',(-123.882465964149,-365.622734560018,315.346555082853));
#2018=CARTESIAN_POINT('Ctrl Pts',(-121.524274944139,-363.119779234499,320.645814972382));
#2019=CARTESIAN_POINT('Ctrl Pts',(-121.137374510555,-363.574682775855,320.608762171552));
#2020=CARTESIAN_POINT('Ctrl Pts',(-120.861528285201,-364.894885286683,320.53465656989));
#2021=CARTESIAN_POINT('Ctrl Pts',(-122.305100000025,-366.324247431671,320.423498167398));
#2022=CARTESIAN_POINT('Ctrl Pts',(-124.288348260106,-365.881906945309,320.312339764905));
#2023=CARTESIAN_POINT('Ctrl Pts',(-124.992574928796,-363.977341423507,320.201181362413));
#2024=CARTESIAN_POINT('Ctrl Pts',(-123.773934532224,-362.352102931695,320.09002295992));
#2025=CARTESIAN_POINT('Ctrl Pts',(-121.747694563947,-362.495251295391,319.978864557427));
#2026=CARTESIAN_POINT('Ctrl Pts',(-120.769334607085,-364.27524762379,319.867706154935));
#2027=CARTESIAN_POINT('Ctrl Pts',(-121.734552098786,-366.062493598753,319.756547752442));
#2028=CARTESIAN_POINT('Ctrl Pts',(-123.759619544841,-366.220453308928,319.64538934995));
#2029=CARTESIAN_POINT('Ctrl Pts',(-124.99032095888,-364.604538323547,319.534230947458));
#2030=CARTESIAN_POINT('Ctrl Pts',(-124.29981028762,-362.694293961871,319.423072544965));
#2031=CARTESIAN_POINT('Ctrl Pts',(-122.320328837387,-362.238788512943,319.311914142472));
#2032=CARTESIAN_POINT('Ctrl Pts',(-120.864332890726,-363.655088072954,319.20075573998));
#2033=CARTESIAN_POINT('Ctrl Pts',(-121.264961571227,-365.646401276274,319.089597337488));
#2034=CARTESIAN_POINT('Ctrl Pts',(-123.155391379987,-366.389439616335,318.978438934995));
#2035=CARTESIAN_POINT('Ctrl Pts',(-124.804705400484,-365.203862176512,318.867280532503));
#2036=CARTESIAN_POINT('Ctrl Pts',(-124.702757615418,-363.175208058134,318.75612213001));
#2037=CARTESIAN_POINT('Ctrl Pts',(-122.942893489277,-362.160955105786,318.644963727518));
#2038=CARTESIAN_POINT('Ctrl Pts',(-121.136481115153,-363.089774310149,318.533805325025));
#2039=CARTESIAN_POINT('Ctrl Pts',(-120.937509099876,-365.111219570929,318.422646922532));
#2040=CARTESIAN_POINT('Ctrl Pts',(-122.528160349024,-366.374413696584,318.31148852004));
#2041=CARTESIAN_POINT('Ctrl Pts',(-124.452001604142,-365.722749964118,318.200330117548));
#2042=CARTESIAN_POINT('Ctrl Pts',(-124.947523932997,-363.752905193893,318.089171715055));
#2043=CARTESIAN_POINT('Ctrl Pts',(-123.561016819275,-362.268510091594,317.978013312562));
#2044=CARTESIAN_POINT('Ctrl Pts',(-121.56199491737,-362.628707583087,317.86685491007));
#2045=CARTESIAN_POINT('Ctrl Pts',(-120.780804119564,-364.503693378374,317.755696507577));
#2046=CARTESIAN_POINT('Ctrl Pts',(-121.932718912198,-366.176691616872,317.644538105085));
#2047=CARTESIAN_POINT('Ctrl Pts',(-123.963022236436,-366.115870429929,317.533379702592));
#2048=CARTESIAN_POINT('Ctrl Pts',(-125.012726273969,-364.376918960401,317.4222213001));
#2049=CARTESIAN_POINT('Ctrl Pts',(-124.120700265939,-362.552057213632,317.311062897607));
#2050=CARTESIAN_POINT('Ctrl Pts',(-122.103701677962,-362.312166448935,317.199904495115));
#2051=CARTESIAN_POINT('Ctrl Pts',(-120.808536311968,-363.876895588037,317.088746092622));
#2052=CARTESIAN_POINT('Ctrl Pts',(-121.421084240522,-365.813546272045,316.97758769013));
#2053=CARTESIAN_POINT('Ctrl Pts',(-123.380484285219,-366.348880819969,316.866429287637));
#2054=CARTESIAN_POINT('Ctrl Pts',(-124.892668262059,-364.99273618883,316.755270885145));
#2055=CARTESIAN_POINT('Ctrl Pts',(-124.573051105904,-362.986825697479,316.644112482653));
#2056=CARTESIAN_POINT('Ctrl Pts',(-122.71427664631,-362.16780431998,316.53295408016));
#2057=CARTESIAN_POINT('Ctrl Pts',(-121.018286554077,-363.285581049717,316.421795677668));
#2058=CARTESIAN_POINT('Ctrl Pts',(-121.037943963639,-365.316704634672,316.310637275175));
#2059=CARTESIAN_POINT('Ctrl Pts',(-122.75529431413,-366.401416926008,316.199478872682));
#2060=CARTESIAN_POINT('Ctrl Pts',(-124.597796691481,-365.546571838426,316.08832047019));
#2061=CARTESIAN_POINT('Ctrl Pts',(-124.878627910876,-363.534788130051,315.977162067697));
#2062=CARTESIAN_POINT('Ctrl Pts',(-123.340170436388,-362.20827647514,315.866003665205));
#2063=CARTESIAN_POINT('Ctrl Pts',(-121.392060487127,-362.781140030728,315.754845262712));
#2064=CARTESIAN_POINT('Ctrl Pts',(-120.815660342708,-364.729652704668,315.64368686022));
#2065=CARTESIAN_POINT('Ctrl Pts',(-122.143375412409,-366.26723136316,315.532528457727));
#2066=CARTESIAN_POINT('Ctrl Pts',(-123.479300801785,-366.081950053638,315.458422856066));
#2067=CARTESIAN_POINT('Ctrl Pts',(-123.959501186476,-365.726933479392,315.421370055235));
#2068=CARTESIAN_POINT('Ctrl Pts',(-121.425565199333,-363.035825517738,320.720629944765));
#2069=CARTESIAN_POINT('Ctrl Pts',(-121.010743005214,-363.523558455614,320.683577143934));
#2070=CARTESIAN_POINT('Ctrl Pts',(-120.714989559346,-364.939037102532,320.609471542272));
#2071=CARTESIAN_POINT('Ctrl Pts',(-122.262740696668,-366.47155319635,320.49831313978));
#2072=CARTESIAN_POINT('Ctrl Pts',(-124.389115658583,-365.99728996175,320.387154737287));
#2073=CARTESIAN_POINT('Ctrl Pts',(-125.144164830164,-363.955276099742,320.275996334795));
#2074=CARTESIAN_POINT('Ctrl Pts',(-123.8375778138,-362.212747690319,320.164837932302));
#2075=CARTESIAN_POINT('Ctrl Pts',(-121.665108525865,-362.366226759243,320.05367952981));
#2076=CARTESIAN_POINT('Ctrl Pts',(-120.616142464538,-364.274681540822,319.942521127317));
#2077=CARTESIAN_POINT('Ctrl Pts',(-121.651017597655,-366.190909160147,319.831362724825));
#2078=CARTESIAN_POINT('Ctrl Pts',(-123.822229744996,-366.360268478125,319.720204322332));
#2079=CARTESIAN_POINT('Ctrl Pts',(-125.141748196156,-364.627736432259,319.60904591984));
#2080=CARTESIAN_POINT('Ctrl Pts',(-124.401404875626,-362.579633900889,319.497887517347));
#2081=CARTESIAN_POINT('Ctrl Pts',(-122.279068566011,-362.091255617084,319.386729114855));
#2082=CARTESIAN_POINT('Ctrl Pts',(-120.717996567136,-363.609766427655,319.275570712362));
#2083=CARTESIAN_POINT('Ctrl Pts',(-121.147537745812,-365.744788362175,319.16441230987));
#2084=CARTESIAN_POINT('Ctrl Pts',(-123.174395751194,-366.541450158809,319.053253907377));
#2085=CARTESIAN_POINT('Ctrl Pts',(-124.942737167703,-365.270312180678,318.942095504885));
#2086=CARTESIAN_POINT('Ctrl Pts',(-124.833432033318,-363.095254518695,318.830937102393));
#2087=CARTESIAN_POINT('Ctrl Pts',(-122.94656235113,-362.007805142673,318.7197786999));
#2088=CARTESIAN_POINT('Ctrl Pts',(-121.009785135415,-363.003655203433,318.608620297407));
#2089=CARTESIAN_POINT('Ctrl Pts',(-120.796453743716,-365.170983760287,318.497461894915));
#2090=CARTESIAN_POINT('Ctrl Pts',(-122.501898824601,-366.525339851199,318.386303492422));
#2091=CARTESIAN_POINT('Ctrl Pts',(-124.56457950756,-365.826646968318,318.27514508993));
#2092=CARTESIAN_POINT('Ctrl Pts',(-125.095862602247,-363.714642796891,318.163986687438));
#2093=CARTESIAN_POINT('Ctrl Pts',(-123.609294293842,-362.12312213725,318.052828284945));
#2094=CARTESIAN_POINT('Ctrl Pts',(-121.466007340771,-362.509314296179,317.941669882452));
#2095=CARTESIAN_POINT('Ctrl Pts',(-120.62843970672,-364.519613727317,317.83051147996));
#2096=CARTESIAN_POINT('Ctrl Pts',(-121.863485677826,-366.313348600189,317.719353077467));
#2097=CARTESIAN_POINT('Ctrl Pts',(-124.04031156526,-366.248138080824,317.608194674975));
#2098=CARTESIAN_POINT('Ctrl Pts',(-125.165770453972,-364.383690276071,317.497036272483));
#2099=CARTESIAN_POINT('Ctrl Pts',(-124.209368874286,-362.427132236721,317.38587786999));
#2100=CARTESIAN_POINT('Ctrl Pts',(-122.046807896913,-362.169929078694,317.274719467498));
#2101=CARTESIAN_POINT('Ctrl Pts',(-120.65817327097,-363.847581307381,317.163561065005));
#2102=CARTESIAN_POINT('Ctrl Pts',(-121.314927447675,-365.923995847779,317.052402662512));
#2103=CARTESIAN_POINT('Ctrl Pts',(-123.41573312051,-366.497964322561,316.94124426002));
#2104=CARTESIAN_POINT('Ctrl Pts',(-125.037048117168,-365.043949690892,316.830085857527));
#2105=CARTESIAN_POINT('Ctrl Pts',(-124.694364887879,-362.893277013898,316.718927455035));
#2106=CARTESIAN_POINT('Ctrl Pts',(-122.701446729177,-362.015148649718,316.607769052542));
#2107=CARTESIAN_POINT('Ctrl Pts',(-120.883060730626,-363.213592888377,316.49661065005));
#2108=CARTESIAN_POINT('Ctrl Pts',(-120.904136772567,-365.391298232955,316.385452247558));
#2109=CARTESIAN_POINT('Ctrl Pts',(-122.745424552632,-366.554291844801,316.274293845065));
#2110=CARTESIAN_POINT('Ctrl Pts',(-124.720896308401,-365.637754451507,316.163135442572));
#2111=CARTESIAN_POINT('Ctrl Pts',(-125.021994504459,-363.480784700224,316.05197704008));
#2112=CARTESIAN_POINT('Ctrl Pts',(-123.372509909127,-362.058541592054,315.940818637588));
#2113=CARTESIAN_POINT('Ctrl Pts',(-121.283809113293,-362.67274746114,315.829660235095));
#2114=CARTESIAN_POINT('Ctrl Pts',(-120.665811427473,-364.761880045414,315.718501832603));
#2115=CARTESIAN_POINT('Ctrl Pts',(-122.089344798254,-366.410422402517,315.60734343011));
#2116=CARTESIAN_POINT('Ctrl Pts',(-123.521681009577,-366.211769744951,315.533237828448));
#2117=CARTESIAN_POINT('Ctrl Pts',(-124.036536408803,-365.831132398767,315.496185027618));
#2118=CARTESIAN_POINT('Ctrl Pts',(-121.326855454527,-362.951871800977,320.795444917148));
#2119=CARTESIAN_POINT('Ctrl Pts',(-120.884111499874,-363.472434135372,320.758392116317));
#2120=CARTESIAN_POINT('Ctrl Pts',(-120.568450833491,-364.983188918381,320.684286514655));
#2121=CARTESIAN_POINT('Ctrl Pts',(-122.22038139331,-366.618858961029,320.573128112163));
#2122=CARTESIAN_POINT('Ctrl Pts',(-124.48988305706,-366.112672978191,320.46196970967));
#2123=CARTESIAN_POINT('Ctrl Pts',(-125.295754731533,-363.933210775978,320.350811307178));
#2124=CARTESIAN_POINT('Ctrl Pts',(-123.901221095376,-362.073392448944,320.239652904685));
#2125=CARTESIAN_POINT('Ctrl Pts',(-121.582522487784,-362.237202223096,320.128494502192));
#2126=CARTESIAN_POINT('Ctrl Pts',(-120.46295032199,-364.274115457854,320.0173360997));
#2127=CARTESIAN_POINT('Ctrl Pts',(-121.567483096524,-366.319324721541,319.906177697207));
#2128=CARTESIAN_POINT('Ctrl Pts',(-123.884839945151,-366.500083647321,319.795019294715));
#2129=CARTESIAN_POINT('Ctrl Pts',(-125.293175433431,-364.650934540971,319.683860892222));
#2130=CARTESIAN_POINT('Ctrl Pts',(-124.502999463632,-362.464973839906,319.57270248973));
#2131=CARTESIAN_POINT('Ctrl Pts',(-122.237808294634,-361.943722721225,319.461544087237));
#2132=CARTESIAN_POINT('Ctrl Pts',(-120.571660243545,-363.564444782357,319.350385684745));
#2133=CARTESIAN_POINT('Ctrl Pts',(-121.030113920396,-365.843175448076,319.239227282252));
#2134=CARTESIAN_POINT('Ctrl Pts',(-123.193400122401,-366.693460701284,319.12806887976));
#2135=CARTESIAN_POINT('Ctrl Pts',(-125.080768934922,-365.336762184845,319.016910477267));
#2136=CARTESIAN_POINT('Ctrl Pts',(-124.964106451218,-363.015300979255,318.905752074775));
#2137=CARTESIAN_POINT('Ctrl Pts',(-122.950231212983,-361.85465517956,318.794593672282));
#2138=CARTESIAN_POINT('Ctrl Pts',(-120.883089155677,-362.917536096717,318.68343526979));
#2139=CARTESIAN_POINT('Ctrl Pts',(-120.655398387557,-365.230747949645,318.572276867297));
#2140=CARTESIAN_POINT('Ctrl Pts',(-122.475637300178,-366.676266005814,318.461118464805));
#2141=CARTESIAN_POINT('Ctrl Pts',(-124.677157410979,-365.930543972518,318.349960062312));
#2142=CARTESIAN_POINT('Ctrl Pts',(-125.244201271497,-363.67638039989,318.23880165982));
#2143=CARTESIAN_POINT('Ctrl Pts',(-123.657571768409,-361.977734182905,318.127643257328));
#2144=CARTESIAN_POINT('Ctrl Pts',(-121.370019764173,-362.389921009272,318.016484854835));
#2145=CARTESIAN_POINT('Ctrl Pts',(-120.476075293875,-364.535534076259,317.905326452342));
#2146=CARTESIAN_POINT('Ctrl Pts',(-121.794252443454,-366.450005583506,317.79416804985));
#2147=CARTESIAN_POINT('Ctrl Pts',(-124.117600894084,-366.380405731719,317.683009647357));
#2148=CARTESIAN_POINT('Ctrl Pts',(-125.318814633976,-364.39046159174,317.571851244865));
#2149=CARTESIAN_POINT('Ctrl Pts',(-124.298037482633,-362.30220725981,317.460692842372));
#2150=CARTESIAN_POINT('Ctrl Pts',(-121.989914115864,-362.027691708451,317.34953443988));
#2151=CARTESIAN_POINT('Ctrl Pts',(-120.507810229973,-363.818267026724,317.238376037387));
#2152=CARTESIAN_POINT('Ctrl Pts',(-121.208770654829,-366.034445423513,317.127217634895));
#2153=CARTESIAN_POINT('Ctrl Pts',(-123.450981955802,-366.647047825153,317.016059232402));
#2154=CARTESIAN_POINT('Ctrl Pts',(-125.181427972276,-365.095163192954,316.90490082991));
#2155=CARTESIAN_POINT('Ctrl Pts',(-124.815678669853,-362.799728330317,316.793742427417));
#2156=CARTESIAN_POINT('Ctrl Pts',(-122.688616812044,-361.862492979456,316.682584024925));
#2157=CARTESIAN_POINT('Ctrl Pts',(-120.747834907176,-363.141604727038,316.571425622433));
#2158=CARTESIAN_POINT('Ctrl Pts',(-120.770329581495,-365.465891831239,316.46026721994));
#2159=CARTESIAN_POINT('Ctrl Pts',(-122.735554791133,-366.707166763594,316.349108817447));
#2160=CARTESIAN_POINT('Ctrl Pts',(-124.843995925321,-365.728937064588,316.237950414955));
#2161=CARTESIAN_POINT('Ctrl Pts',(-125.165361098042,-363.426781270398,316.126792012462));
#2162=CARTESIAN_POINT('Ctrl Pts',(-123.404849381866,-361.908806708967,316.01563360997));
#2163=CARTESIAN_POINT('Ctrl Pts',(-121.175557739459,-362.564354891552,315.904475207477));
#2164=CARTESIAN_POINT('Ctrl Pts',(-120.515962512237,-364.79410738616,315.793316804985));
#2165=CARTESIAN_POINT('Ctrl Pts',(-122.0353141841,-366.553613441873,315.682158402492));
#2166=CARTESIAN_POINT('Ctrl Pts',(-123.564061217369,-366.341589436263,315.608052800831));
#2167=CARTESIAN_POINT('Ctrl Pts',(-124.113571631131,-365.935331318141,315.571));
#2168=CARTESIAN_POINT('Ctrl Pts',(-124.113571631131,-365.935331318141,315.571));
#2169=CARTESIAN_POINT('Ctrl Pts',(-124.050926760654,-365.973137299211,315.571));
#2170=CARTESIAN_POINT('Ctrl Pts',(-123.986296178304,-366.007181980844,315.571));
#2171=CARTESIAN_POINT('Ctrl Pts',(-123.920028756085,-366.037502964553,315.571));
#2172=CARTESIAN_POINT('Ctrl Pts',(-123.85187531159,-366.068686906996,315.571));
#2173=CARTESIAN_POINT('Ctrl Pts',(-123.781989509268,-366.095932351063,315.571));
#2174=CARTESIAN_POINT('Ctrl Pts',(-123.710735333053,-366.119227903606,315.571));
#2175=CARTESIAN_POINT('Ctrl Pts',(-123.650500780355,-366.138920744949,315.571));
#2176=CARTESIAN_POINT('Ctrl Pts',(-123.58928775306,-366.155790025514,315.571));
#2177=CARTESIAN_POINT('Ctrl Pts',(-123.527316208159,-366.169799803456,315.571));
#2178=CARTESIAN_POINT('Ctrl Pts',(-123.499773862481,-366.176026244116,315.571));
#2179=CARTESIAN_POINT('Ctrl Pts',(-123.472081741515,-366.18168751865,315.571));
#2180=CARTESIAN_POINT('Ctrl Pts',(-123.44425955851,-366.186778803508,315.571));
#2181=CARTESIAN_POINT('Ctrl Pts',(-123.429007991493,-366.189569744543,315.571));
#2182=CARTESIAN_POINT('Ctrl Pts',(-123.413717346521,-366.192189384957,315.571));
#2183=CARTESIAN_POINT('Ctrl Pts',(-123.398390921923,-366.194636800126,315.571));
#2184=CARTESIAN_POINT('Ctrl Pts',(-123.384202947582,-366.196902420748,315.571));
#2185=CARTESIAN_POINT('Ctrl Pts',(-123.369982172243,-366.19902063486,315.571));
#2186=CARTESIAN_POINT('Ctrl Pts',(-123.35575335227,-366.200987917623,315.571));
#2187=CARTESIAN_POINT('Ctrl Pts',(-123.283201615671,-366.211018951901,315.571));
#2188=CARTESIAN_POINT('Ctrl Pts',(-123.210316323975,-366.217151427118,315.571));
#2189=CARTESIAN_POINT('Ctrl Pts',(-123.137438565168,-366.219378211818,315.571));
#2190=CARTESIAN_POINT('Ctrl Pts',(-123.06511232177,-366.221588144928,315.571));
#2191=CARTESIAN_POINT('Ctrl Pts',(-122.992792484834,-366.219951121477,315.571));
#2192=CARTESIAN_POINT('Ctrl Pts',(-122.920821450217,-366.214410026458,315.571));
#2193=CARTESIAN_POINT('Ctrl Pts',(-122.860989296315,-366.209803511467,315.571));
#2194=CARTESIAN_POINT('Ctrl Pts',(-122.801398096593,-366.202497902128,315.571));
#2195=CARTESIAN_POINT('Ctrl Pts',(-122.742256789053,-366.192434754519,315.571));
#2196=CARTESIAN_POINT('Ctrl Pts',(-122.717607739457,-366.188240612813,315.571));
#2197=CARTESIAN_POINT('Ctrl Pts',(-122.693037010107,-366.18356719094,315.571));
#2198=CARTESIAN_POINT('Ctrl Pts',(-122.66856056182,-366.178409086195,315.571));
#2199=CARTESIAN_POINT('Ctrl Pts',(-122.657223436236,-366.176019929052,315.571));
#2200=CARTESIAN_POINT('Ctrl Pts',(-122.645906545522,-366.173526778236,315.571));
#2201=CARTESIAN_POINT('Ctrl Pts',(-122.634611518089,-366.170929047303,315.571));
#2202=CARTESIAN_POINT('Ctrl Pts',(-122.622830307755,-366.1682194997,315.571));
#2203=CARTESIAN_POINT('Ctrl Pts',(-122.611080976497,-366.165398006924,315.571));
#2204=CARTESIAN_POINT('Ctrl Pts',(-122.599369545655,-366.162465489278,315.571));
#2205=CARTESIAN_POINT('Ctrl Pts',(-122.532638093403,-366.145756074017,315.571));
#2206=CARTESIAN_POINT('Ctrl Pts',(-122.46708923884,-366.125435094576,315.571));
#2207=CARTESIAN_POINT('Ctrl Pts',(-122.403023998173,-366.101457107967,315.571));
#2208=CARTESIAN_POINT('Ctrl Pts',(-122.344868706921,-366.079691064785,315.571));
#2209=CARTESIAN_POINT('Ctrl Pts',(-122.287935654462,-366.054910984359,315.571));
#2210=CARTESIAN_POINT('Ctrl Pts',(-122.232469322983,-366.027051013398,315.571));
#2211=CARTESIAN_POINT('Ctrl Pts',(-122.166951048204,-365.994142090381,315.571));
#2212=CARTESIAN_POINT('Ctrl Pts',(-122.103477732266,-365.956935326484,315.571));
#2213=CARTESIAN_POINT('Ctrl Pts',(-122.0423319922,-365.915751799877,315.571));
#2214=CARTESIAN_POINT('Ctrl Pts',(-122.028847505888,-365.906669585806,315.571));
#2215=CARTESIAN_POINT('Ctrl Pts',(-122.015476422621,-365.897393843164,315.571));
#2216=CARTESIAN_POINT('Ctrl Pts',(-122.002222135199,-365.887927828446,315.571));
#2217=CARTESIAN_POINT('Ctrl Pts',(-121.988724145885,-365.878287765465,315.571));
#2218=CARTESIAN_POINT('Ctrl Pts',(-121.975342637668,-365.868446671405,315.571));
#2219=CARTESIAN_POINT('Ctrl Pts',(-121.962107605583,-365.858428348503,315.571));
#2220=CARTESIAN_POINT('Ctrl Pts',(-121.907439670808,-365.817047185273,315.571));
#2221=CARTESIAN_POINT('Ctrl Pts',(-121.855194325724,-365.772596255398,315.571));
#2222=CARTESIAN_POINT('Ctrl Pts',(-121.805559442431,-365.725379362087,315.571));
#2223=CARTESIAN_POINT('Ctrl Pts',(-121.755932556543,-365.678170076582,315.571));
#2224=CARTESIAN_POINT('Ctrl Pts',(-121.708914739567,-365.628194699878,315.571));
#2225=CARTESIAN_POINT('Ctrl Pts',(-121.6647364879,-365.57572750921,315.571));
#2226=CARTESIAN_POINT('Ctrl Pts',(-121.632683922907,-365.537661085678,315.571));
#2227=CARTESIAN_POINT('Ctrl Pts',(-121.6021269408,-365.498282336289,315.571));
#2228=CARTESIAN_POINT('Ctrl Pts',(-121.573170121942,-365.457690872124,315.571));
#2229=CARTESIAN_POINT('Ctrl Pts',(-121.561111565235,-365.440787272496,315.571));
#2230=CARTESIAN_POINT('Ctrl Pts',(-121.549330680111,-365.423673338259,315.571));
#2231=CARTESIAN_POINT('Ctrl Pts',(-121.537835808491,-365.406356183612,315.571));
#2232=CARTESIAN_POINT('Ctrl Pts',(-121.529075579897,-365.393158799743,315.571));
#2233=CARTESIAN_POINT('Ctrl Pts',(-121.520481475863,-365.379843385631,315.571));
#2234=CARTESIAN_POINT('Ctrl Pts',(-121.512057380318,-365.366413091268,315.571));
#2235=CARTESIAN_POINT('Ctrl Pts',(-121.505175608803,-365.355441679951,315.571));
#2236=CARTESIAN_POINT('Ctrl Pts',(-121.498411849666,-365.344400819237,315.571));
#2237=CARTESIAN_POINT('Ctrl Pts',(-121.491769461399,-365.333295359543,315.571));
#2238=CARTESIAN_POINT('Ctrl Pts',(-121.4579677302,-365.276781986885,315.571));
#2239=CARTESIAN_POINT('Ctrl Pts',(-121.427289712287,-365.218572077017,315.571));
#2240=CARTESIAN_POINT('Ctrl Pts',(-121.399964237735,-365.158911932778,315.571));
#2241=CARTESIAN_POINT('Ctrl Pts',(-121.380722348303,-365.116900808806,315.571));
#2242=CARTESIAN_POINT('Ctrl Pts',(-121.363143801423,-365.074170229895,315.571));
#2243=CARTESIAN_POINT('Ctrl Pts',(-121.347323914622,-365.030805118134,315.571));
#2244=CARTESIAN_POINT('Ctrl Pts',(-121.342245807464,-365.016885126973,315.571));
#2245=CARTESIAN_POINT('Ctrl Pts',(-121.33734838284,-365.002897871413,315.571));
#2246=CARTESIAN_POINT('Ctrl Pts',(-121.33263709889,-364.988852192386,315.571));
#2247=CARTESIAN_POINT('Ctrl Pts',(-121.312580135014,-364.929056671696,315.571));
#2248=CARTESIAN_POINT('Ctrl Pts',(-121.295933017989,-364.868325186951,315.571));
#2249=CARTESIAN_POINT('Ctrl Pts',(-121.282919861992,-364.806880072961,315.571));
#2250=CARTESIAN_POINT('Ctrl Pts',(-121.270878459882,-364.750023356149,315.571));
#2251=CARTESIAN_POINT('Ctrl Pts',(-121.261948821051,-364.692555083963,315.571));
#2252=CARTESIAN_POINT('Ctrl Pts',(-121.256348165965,-364.634655174951,315.571));
#2253=CARTESIAN_POINT('Ctrl Pts',(-121.255323974463,-364.62406702162,315.571));
#2254=CARTESIAN_POINT('Ctrl Pts',(-121.254411218467,-364.613464455763,315.571));
#2255=CARTESIAN_POINT('Ctrl Pts',(-121.253609460415,-364.602849027536,315.571));
#2256=CARTESIAN_POINT('Ctrl Pts',(-121.622984688946,-363.20373295126,320.571));
#2257=CARTESIAN_POINT('Ctrl Pts',(-121.577700333311,-363.245978448895,320.571));
#2258=CARTESIAN_POINT('Ctrl Pts',(-121.535148508496,-363.29079684203,320.571));
#2259=CARTESIAN_POINT('Ctrl Pts',(-121.495326027934,-363.337842283476,320.571));
#2260=CARTESIAN_POINT('Ctrl Pts',(-121.452816766818,-363.388061830992,320.571));
#2261=CARTESIAN_POINT('Ctrl Pts',(-121.413416836882,-363.440819300631,320.571));
#2262=CARTESIAN_POINT('Ctrl Pts',(-121.377151378201,-363.495748962966,320.571));
#2263=CARTESIAN_POINT('Ctrl Pts',(-121.345419101856,-363.543812417509,320.571));
#2264=CARTESIAN_POINT('Ctrl Pts',(-121.316086902938,-363.593540189511,320.571));
#2265=CARTESIAN_POINT('Ctrl Pts',(-121.289194618097,-363.644714947775,320.571));
#2266=CARTESIAN_POINT('Ctrl Pts',(-121.275708546037,-363.67037831114,320.571));
#2267=CARTESIAN_POINT('Ctrl Pts',(-121.262836442478,-363.696405929802,320.571));
#2268=CARTESIAN_POINT('Ctrl Pts',(-121.250585677007,-363.722772240628,320.571));
#2269=CARTESIAN_POINT('Ctrl Pts',(-121.244980711365,-363.734835345306,320.571));
#2270=CARTESIAN_POINT('Ctrl Pts',(-121.239505222167,-363.746971049444,320.571));
#2271=CARTESIAN_POINT('Ctrl Pts',(-121.234168431015,-363.759156895727,320.571));
#2272=CARTESIAN_POINT('Ctrl Pts',(-121.207306364926,-363.820492818182,320.571));
#2273=CARTESIAN_POINT('Ctrl Pts',(-121.183903135904,-363.883205290349,320.571));
#2274=CARTESIAN_POINT('Ctrl Pts',(-121.163980343024,-363.946935274076,320.571));
#2275=CARTESIAN_POINT('Ctrl Pts',(-121.143697002927,-364.011818593499,320.571));
#2276=CARTESIAN_POINT('Ctrl Pts',(-121.127020656765,-364.077757427717,320.571));
#2277=CARTESIAN_POINT('Ctrl Pts',(-121.114013431071,-364.144409449342,320.571));
#2278=CARTESIAN_POINT('Ctrl Pts',(-121.103120711757,-364.200226253042,320.571));
#2279=CARTESIAN_POINT('Ctrl Pts',(-121.094801696554,-364.256544158347,320.571));
#2280=CARTESIAN_POINT('Ctrl Pts',(-121.089117777936,-364.313174460355,320.571));
#2281=CARTESIAN_POINT('Ctrl Pts',(-121.086500572485,-364.339250332482,320.571));
#2282=CARTESIAN_POINT('Ctrl Pts',(-121.084442400275,-364.3653925529,320.571));
#2283=CARTESIAN_POINT('Ctrl Pts',(-121.082951059985,-364.391583100235,320.571));
#2284=CARTESIAN_POINT('Ctrl Pts',(-121.082299794197,-364.403020468062,320.571));
#2285=CARTESIAN_POINT('Ctrl Pts',(-121.08175674296,-364.414466851612,320.571));
#2286=CARTESIAN_POINT('Ctrl Pts',(-121.081322883843,-364.425906606472,320.571));
#2287=CARTESIAN_POINT('Ctrl Pts',(-121.078661571314,-364.496078608645,320.571));
#2288=CARTESIAN_POINT('Ctrl Pts',(-121.080096702036,-364.56613265073,320.571));
#2289=CARTESIAN_POINT('Ctrl Pts',(-121.085680974256,-364.635705846959,320.571));
#2290=CARTESIAN_POINT('Ctrl Pts',(-121.090683827429,-364.698035273574,320.571));
#2291=CARTESIAN_POINT('Ctrl Pts',(-121.099017148368,-364.759979739801,320.571));
#2292=CARTESIAN_POINT('Ctrl Pts',(-121.110752201526,-364.821290535559,320.571));
#2293=CARTESIAN_POINT('Ctrl Pts',(-121.123515904259,-364.887975599601,320.571));
#2294=CARTESIAN_POINT('Ctrl Pts',(-121.14030277115,-364.953911877347,320.571));
#2295=CARTESIAN_POINT('Ctrl Pts',(-121.160868538417,-365.018886848627,320.571));
#2296=CARTESIAN_POINT('Ctrl Pts',(-121.168776059188,-365.043869672187,320.571));
#2297=CARTESIAN_POINT('Ctrl Pts',(-121.177242801487,-365.068710328177,320.571));
#2298=CARTESIAN_POINT('Ctrl Pts',(-121.186256863739,-365.093396414935,320.571));
#2299=CARTESIAN_POINT('Ctrl Pts',(-121.190215751158,-365.104238301263,320.571));
#2300=CARTESIAN_POINT('Ctrl Pts',(-121.19428006285,-365.115049685812,320.571));
#2301=CARTESIAN_POINT('Ctrl Pts',(-121.198443775255,-365.125817171131,320.571));
#2302=CARTESIAN_POINT('Ctrl Pts',(-121.223675069248,-365.191066055106,320.571));
#2303=CARTESIAN_POINT('Ctrl Pts',(-121.252594776213,-365.254821883718,320.571));
#2304=CARTESIAN_POINT('Ctrl Pts',(-121.284891154877,-365.316867040036,320.571));
#2305=CARTESIAN_POINT('Ctrl Pts',(-121.31792902407,-365.380336687201,320.571));
#2306=CARTESIAN_POINT('Ctrl Pts',(-121.354500696917,-365.442017027934,320.571));
#2307=CARTESIAN_POINT('Ctrl Pts',(-121.394328555678,-365.501671270698,320.571));
#2308=CARTESIAN_POINT('Ctrl Pts',(-121.424686010954,-365.547140725072,320.571));
#2309=CARTESIAN_POINT('Ctrl Pts',(-121.456936440879,-365.591433092729,320.571));
#2310=CARTESIAN_POINT('Ctrl Pts',(-121.490976165244,-365.634437467065,320.571));
#2311=CARTESIAN_POINT('Ctrl Pts',(-121.512156381755,-365.661195673141,320.571));
#2312=CARTESIAN_POINT('Ctrl Pts',(-121.534029656639,-365.687455100401,320.571));
#2313=CARTESIAN_POINT('Ctrl Pts',(-121.556573868087,-365.713187371315,320.571));
#2314=CARTESIAN_POINT('Ctrl Pts',(-121.569464111002,-365.727900470667,320.571));
#2315=CARTESIAN_POINT('Ctrl Pts',(-121.582578398245,-365.742446000793,320.571));
#2316=CARTESIAN_POINT('Ctrl Pts',(-121.595888106367,-365.756792376471,320.571));
#2317=CARTESIAN_POINT('Ctrl Pts',(-121.646733695,-365.811598230172,320.571));
#2318=CARTESIAN_POINT('Ctrl Pts',(-121.700474653124,-365.863557378499,320.571));
#2319=CARTESIAN_POINT('Ctrl Pts',(-121.756827376588,-365.912407400324,320.571));
#2320=CARTESIAN_POINT('Ctrl Pts',(-121.799013131918,-365.948976619023,320.571));
#2321=CARTESIAN_POINT('Ctrl Pts',(-121.842663688143,-365.98380326913,320.571));
#2322=CARTESIAN_POINT('Ctrl Pts',(-121.887676504909,-366.016767459068,320.571));
#2323=CARTESIAN_POINT('Ctrl Pts',(-121.901596826703,-366.026961714051,320.571));
#2324=CARTESIAN_POINT('Ctrl Pts',(-121.915647522193,-366.03697777298,320.571));
#2325=CARTESIAN_POINT('Ctrl Pts',(-121.929825792641,-366.046811869967,320.571));
#2326=CARTESIAN_POINT('Ctrl Pts',(-121.943644330352,-366.056396455094,320.571));
#2327=CARTESIAN_POINT('Ctrl Pts',(-121.957577071777,-366.065803288738,320.571));
#2328=CARTESIAN_POINT('Ctrl Pts',(-121.971615889959,-366.075026039104,320.571));
#2329=CARTESIAN_POINT('Ctrl Pts',(-122.034536836696,-366.116361725416,320.571));
#2330=CARTESIAN_POINT('Ctrl Pts',(-122.09961703623,-366.154024088887,320.571));
#2331=CARTESIAN_POINT('Ctrl Pts',(-122.166596537185,-366.187735505679,320.571));
#2332=CARTESIAN_POINT('Ctrl Pts',(-122.218085711764,-366.21365049459,320.571));
#2333=CARTESIAN_POINT('Ctrl Pts',(-122.270698245693,-366.237230287535,320.571));
#2334=CARTESIAN_POINT('Ctrl Pts',(-122.324330178587,-366.258333219958,320.571));
#2335=CARTESIAN_POINT('Ctrl Pts',(-122.33648772729,-366.263116935832,320.571));
#2336=CARTESIAN_POINT('Ctrl Pts',(-122.348697701679,-366.267773310588,320.571));
#2337=CARTESIAN_POINT('Ctrl Pts',(-122.36095829186,-366.272302889802,320.571));
#2338=CARTESIAN_POINT('Ctrl Pts',(-124.559637923151,-364.28438274707,319.44248036339));
#2339=CARTESIAN_POINT('Ctrl Pts',(-124.560357650235,-364.368615808193,319.448125567285));
#2340=CARTESIAN_POINT('Ctrl Pts',(-124.554526925884,-364.45274890528,319.45377077118));
#2341=CARTESIAN_POINT('Ctrl Pts',(-124.541799988453,-364.535825503654,319.459415975075));
#2342=CARTESIAN_POINT('Ctrl Pts',(-124.458265595965,-365.081106189801,319.496468775906));
#2343=CARTESIAN_POINT('Ctrl Pts',(-124.077637470325,-365.580872164766,319.533521576737));
#2344=CARTESIAN_POINT('Ctrl Pts',(-123.57416961671,-365.80632846852,319.570574377567));
#2345=CARTESIAN_POINT('Ctrl Pts',(-123.070701763096,-366.031784772274,319.607627178398));
#2346=CARTESIAN_POINT('Ctrl Pts',(-122.444394181506,-365.982931404816,319.644679979229));
#2347=CARTESIAN_POINT('Ctrl Pts',(-121.981980415664,-365.682127332654,319.68173278006));
#2348=CARTESIAN_POINT('Ctrl Pts',(-121.519566649822,-365.381323260492,319.718785580891));
#2349=CARTESIAN_POINT('Ctrl Pts',(-121.221046699727,-364.828568483625,319.755838381722));
#2350=CARTESIAN_POINT('Ctrl Pts',(-121.223079033412,-364.276934782654,319.792891182553));
#2351=CARTESIAN_POINT('Ctrl Pts',(-121.225111367097,-363.725301081684,319.829943983383));
#2352=CARTESIAN_POINT('Ctrl Pts',(-121.527695984563,-363.174788456611,319.866996784214));
#2353=CARTESIAN_POINT('Ctrl Pts',(-121.992323401399,-362.877395867663,319.904049585045));
#2354=CARTESIAN_POINT('Ctrl Pts',(-122.456950818235,-362.580003278715,319.941102385876));
#2355=CARTESIAN_POINT('Ctrl Pts',(-123.083621034441,-362.535730725892,319.978155186707));
#2356=CARTESIAN_POINT('Ctrl Pts',(-123.585405105341,-362.764919211848,320.015207987538));
#2357=CARTESIAN_POINT('Ctrl Pts',(-124.087189176241,-362.994107697803,320.052260788368));
#2358=CARTESIAN_POINT('Ctrl Pts',(-124.464087101834,-363.496757222537,320.089313589199));
#2359=CARTESIAN_POINT('Ctrl Pts',(-124.543635370331,-364.04260151517,320.12636639003));
#2360=CARTESIAN_POINT('Ctrl Pts',(-124.555167010321,-364.121729320114,320.131737714483));
#2361=CARTESIAN_POINT('Ctrl Pts',(-124.560449972518,-364.201764844911,320.137109038937));
#2362=CARTESIAN_POINT('Ctrl Pts',(-124.559787562825,-364.281887670621,320.14248036339));
#2363=CARTESIAN_POINT('Ctrl Pts',(-123.422225785986,-366.26826592998,320.571));
#2364=CARTESIAN_POINT('Ctrl Pts',(-124.082465311738,-366.091939182129,320.533947199169));
#2365=CARTESIAN_POINT('Ctrl Pts',(-125.201390532772,-365.028911352579,320.459841597508));
#2366=CARTESIAN_POINT('Ctrl Pts',(-124.773053586539,-362.744000340914,320.348683195015));
#2367=CARTESIAN_POINT('Ctrl Pts',(-122.618511982342,-361.86946471176,320.237524792523));
#2368=CARTESIAN_POINT('Ctrl Pts',(-120.716043160476,-363.203667520414,320.12636639003));
#2369=CARTESIAN_POINT('Ctrl Pts',(-120.805182363662,-365.526532679102,320.015207987538));
#2370=CARTESIAN_POINT('Ctrl Pts',(-122.805448161209,-366.71064994068,319.904049585045));
#2371=CARTESIAN_POINT('Ctrl Pts',(-124.884850495318,-365.672120517802,319.792891182553));
#2372=CARTESIAN_POINT('Ctrl Pts',(-125.139680552819,-363.361723303652,319.68173278006));
#2373=CARTESIAN_POINT('Ctrl Pts',(-123.336504909536,-361.894966943918,319.570574377568));
#2374=CARTESIAN_POINT('Ctrl Pts',(-121.126397336714,-362.614818212267,319.459415975075));
#2375=CARTESIAN_POINT('Ctrl Pts',(-120.532956060614,-364.862178834869,319.348257572583));
#2376=CARTESIAN_POINT('Ctrl Pts',(-122.09955835171,-366.579313392478,319.23709917009));
#2377=CARTESIAN_POINT('Ctrl Pts',(-124.391786072379,-366.193980457545,319.125940767598));
#2378=CARTESIAN_POINT('Ctrl Pts',(-125.310830113964,-364.058997708945,319.014782365105));
#2379=CARTESIAN_POINT('Ctrl Pts',(-124.01519374102,-362.12920013945,318.903623962613));
#2380=CARTESIAN_POINT('Ctrl Pts',(-121.691188913009,-362.171550167587,318.79246556012));
#2381=CARTESIAN_POINT('Ctrl Pts',(-120.466722425339,-364.147271340032,318.681307157628));
#2382=CARTESIAN_POINT('Ctrl Pts',(-121.462941267742,-366.247352346109,318.570148755135));
#2383=CARTESIAN_POINT('Ctrl Pts',(-123.767686775592,-366.548915506491,318.458990352643));
#2384=CARTESIAN_POINT('Ctrl Pts',(-125.270686205279,-364.77584332993,318.34783195015));
#2385=CARTESIAN_POINT('Ctrl Pts',(-124.595762114276,-362.551597460511,318.236673547658));
#2386=CARTESIAN_POINT('Ctrl Pts',(-122.360888994895,-361.912743521033,318.125515145165));
#2387=CARTESIAN_POINT('Ctrl Pts',(-120.612363000757,-363.444229422455,318.014356742672));
#2388=CARTESIAN_POINT('Ctrl Pts',(-120.951170778353,-365.743794926392,317.90319834018));
#2389=CARTESIAN_POINT('Ctrl Pts',(-123.067092903331,-366.705910189477,317.792039937688));
#2390=CARTESIAN_POINT('Ctrl Pts',(-125.022747215841,-365.449642532614,317.680881535195));
#2391=CARTESIAN_POINT('Ctrl Pts',(-125.027496090047,-363.125256664382,317.569723132703));
#2392=CARTESIAN_POINT('Ctrl Pts',(-123.076991353903,-361.861008467544,317.45856473021));
#2393=CARTESIAN_POINT('Ctrl Pts',(-120.957155585982,-362.814469800111,317.347406327718));
#2394=CARTESIAN_POINT('Ctrl Pts',(-120.60895433678,-365.112631696954,317.236247925225));
#2395=CARTESIAN_POINT('Ctrl Pts',(-122.351207934514,-366.651249496102,317.125089522733));
#2396=CARTESIAN_POINT('Ctrl Pts',(-124.58867276761,-366.021532824766,317.01393112024));
#2397=CARTESIAN_POINT('Ctrl Pts',(-125.272679877234,-363.800063368729,316.902772717748));
#2398=CARTESIAN_POINT('Ctrl Pts',(-123.776937685648,-362.020864508707,316.791614315255));
#2399=CARTESIAN_POINT('Ctrl Pts',(-121.470979821479,-362.313007834531,316.680455912762));
#2400=CARTESIAN_POINT('Ctrl Pts',(-120.466186757042,-364.409000373893,316.56929751027));
#2401=CARTESIAN_POINT('Ctrl Pts',(-121.682573001175,-366.389709040326,316.458139107778));
#2402=CARTESIAN_POINT('Ctrl Pts',(-124.006378817226,-366.44155362808,316.346980705285));
#2403=CARTESIAN_POINT('Ctrl Pts',(-125.309904168568,-364.517069729015,316.235822302792));
#2404=CARTESIAN_POINT('Ctrl Pts',(-124.399560093444,-362.378344101393,316.1246639003));
#2405=CARTESIAN_POINT('Ctrl Pts',(-122.10899535699,-361.983666236044,316.013505497808));
#2406=CARTESIAN_POINT('Ctrl Pts',(-120.535238774462,-363.694364096261,315.902347095315));
#2407=CARTESIAN_POINT('Ctrl Pts',(-121.119825795643,-365.944232171873,315.791188692823));
#2408=CARTESIAN_POINT('Ctrl Pts',(-123.326250747785,-366.673048804065,315.68003029033));
#2409=CARTESIAN_POINT('Ctrl Pts',(-125.137014035024,-365.214282747267,315.568871887838));
#2410=CARTESIAN_POINT('Ctrl Pts',(-124.888157561327,-362.902927879179,315.457713485345));
#2411=CARTESIAN_POINT('Ctrl Pts',(-123.510190687764,-362.207781051505,315.383607883683));
#2412=CARTESIAN_POINT('Ctrl Pts',(-122.827152325586,-362.229366907198,315.346555082853));
#2413=CARTESIAN_POINT('Ctrl Pts',(-123.388790465885,-366.143070404311,320.645814972382));
#2414=CARTESIAN_POINT('Ctrl Pts',(-124.007391817384,-365.97786374783,320.608762171552));
#2415=CARTESIAN_POINT('Ctrl Pts',(-125.055751733689,-364.981876039745,320.53465656989));
#2416=CARTESIAN_POINT('Ctrl Pts',(-124.654427966326,-362.841063524374,320.423498167397));
#2417=CARTESIAN_POINT('Ctrl Pts',(-122.635763078458,-362.021680707944,320.312339764905));
#2418=CARTESIAN_POINT('Ctrl Pts',(-120.853273938549,-363.271741675845,320.201181362413));
#2419=CARTESIAN_POINT('Ctrl Pts',(-120.936791555129,-365.448114750266,320.09002295992));
#2420=CARTESIAN_POINT('Ctrl Pts',(-122.81091007948,-366.557555354434,319.978864557428));
#2421=CARTESIAN_POINT('Ctrl Pts',(-124.759174374511,-365.58452105475,319.867706154935));
#2422=CARTESIAN_POINT('Ctrl Pts',(-124.997933509377,-363.419829630761,319.756547752442));
#2423=CARTESIAN_POINT('Ctrl Pts',(-123.308475598393,-362.04557463532,319.64538934995));
#2424=CARTESIAN_POINT('Ctrl Pts',(-121.237749023898,-362.720028299651,319.534230947458));
#2425=CARTESIAN_POINT('Ctrl Pts',(-120.681733273383,-364.825658550831,319.423072544965));
#2426=CARTESIAN_POINT('Ctrl Pts',(-122.149537391033,-366.434501579175,319.311914142473));
#2427=CARTESIAN_POINT('Ctrl Pts',(-124.297205185285,-366.07346976416,319.20075573998));
#2428=CARTESIAN_POINT('Ctrl Pts',(-125.158289479753,-364.073130247668,319.089597337488));
#2429=CARTESIAN_POINT('Ctrl Pts',(-123.944362745449,-362.265035854576,318.978438934995));
#2430=CARTESIAN_POINT('Ctrl Pts',(-121.766921875241,-362.304715067376,318.867280532503));
#2431=CARTESIAN_POINT('Ctrl Pts',(-120.619676679226,-364.155836879674,318.75612213001));
#2432=CARTESIAN_POINT('Ctrl Pts',(-121.553068725995,-366.123475740947,318.644963727518));
#2433=CARTESIAN_POINT('Ctrl Pts',(-123.712464869985,-366.406020743628,318.533805325025));
#2434=CARTESIAN_POINT('Ctrl Pts',(-125.120677256918,-364.744767816553,318.422646922532));
#2435=CARTESIAN_POINT('Ctrl Pts',(-124.488317426025,-362.660794580744,318.31148852004));
#2436=CARTESIAN_POINT('Ctrl Pts',(-122.394387150487,-362.062230128061,318.200330117547));
#2437=CARTESIAN_POINT('Ctrl Pts',(-120.756132394572,-363.497132480117,318.089171715055));
#2438=CARTESIAN_POINT('Ctrl Pts',(-121.073573173176,-365.651675298464,317.978013312563));
#2439=CARTESIAN_POINT('Ctrl Pts',(-123.056054129141,-366.553114516851,317.86685491007));
#2440=CARTESIAN_POINT('Ctrl Pts',(-124.888374603149,-365.376073700497,317.755696507578));
#2441=CARTESIAN_POINT('Ctrl Pts',(-124.892823988391,-363.198275820467,317.644538105085));
#2442=CARTESIAN_POINT('Ctrl Pts',(-123.065328331401,-362.013757758928,317.533379702592));
#2443=CARTESIAN_POINT('Ctrl Pts',(-121.079180547384,-362.907088809136,317.4222213001));
#2444=CARTESIAN_POINT('Ctrl Pts',(-120.75293869886,-365.060316539227,317.311062897608));
#2445=CARTESIAN_POINT('Ctrl Pts',(-122.38531662865,-366.501901014059,317.199904495115));
#2446=CARTESIAN_POINT('Ctrl Pts',(-124.481675170816,-365.911897585369,317.088746092622));
#2447=CARTESIAN_POINT('Ctrl Pts',(-125.122545197442,-363.830525667724,316.97758769013));
#2448=CARTESIAN_POINT('Ctrl Pts',(-123.721132369036,-362.163532438044,316.866429287638));
#2449=CARTESIAN_POINT('Ctrl Pts',(-121.560600326288,-362.43725167044,316.755270885145));
#2450=CARTESIAN_POINT('Ctrl Pts',(-120.619174792986,-364.401059905195,316.644112482653));
#2451=CARTESIAN_POINT('Ctrl Pts',(-121.758849328087,-366.256854673898,316.53295408016));
#2452=CARTESIAN_POINT('Ctrl Pts',(-123.936103737074,-366.305429669489,316.421795677668));
#2453=CARTESIAN_POINT('Ctrl Pts',(-125.15742192934,-364.502313838845,316.310637275175));
#2454=CARTESIAN_POINT('Ctrl Pts',(-124.304488935727,-362.498467488952,316.199478872683));
#2455=CARTESIAN_POINT('Ctrl Pts',(-122.158379249165,-362.128680083943,316.08832047019));
#2456=CARTESIAN_POINT('Ctrl Pts',(-120.683872027299,-363.73149234686,315.977162067698));
#2457=CARTESIAN_POINT('Ctrl Pts',(-121.231591918743,-365.839471917886,315.866003665205));
#2458=CARTESIAN_POINT('Ctrl Pts',(-123.298868117971,-366.522325543099,315.754845262713));
#2459=CARTESIAN_POINT('Ctrl Pts',(-124.995435156207,-365.155556940101,315.64368686022));
#2460=CARTESIAN_POINT('Ctrl Pts',(-124.762272879558,-362.989968256864,315.532528457728));
#2461=CARTESIAN_POINT('Ctrl Pts',(-123.471207838674,-362.33866104135,315.458422856066));
#2462=CARTESIAN_POINT('Ctrl Pts',(-122.831245465189,-362.358885579543,315.421370055235));
#2463=CARTESIAN_POINT('Ctrl Pts',(-123.355355145785,-366.017874878642,320.720629944765));
#2464=CARTESIAN_POINT('Ctrl Pts',(-123.932318323031,-365.863788313531,320.683577143934));
#2465=CARTESIAN_POINT('Ctrl Pts',(-124.910112934607,-364.93484072691,320.609471542273));
#2466=CARTESIAN_POINT('Ctrl Pts',(-124.535802346114,-362.938126707834,320.49831313978));
#2467=CARTESIAN_POINT('Ctrl Pts',(-122.653014174574,-362.173896704129,320.387154737288));
#2468=CARTESIAN_POINT('Ctrl Pts',(-120.990504716621,-363.339815831275,320.275996334795));
#2469=CARTESIAN_POINT('Ctrl Pts',(-121.068400746595,-365.36969682143,320.164837932303));
#2470=CARTESIAN_POINT('Ctrl Pts',(-122.816371997751,-366.404460768188,320.05367952981));
#2471=CARTESIAN_POINT('Ctrl Pts',(-124.633498253704,-365.496921591697,319.942521127318));
#2472=CARTESIAN_POINT('Ctrl Pts',(-124.856186465935,-363.477935957869,319.831362724825));
#2473=CARTESIAN_POINT('Ctrl Pts',(-123.280446287251,-362.196182326722,319.720204322333));
#2474=CARTESIAN_POINT('Ctrl Pts',(-121.349100711082,-362.825238387035,319.60904591984));
#2475=CARTESIAN_POINT('Ctrl Pts',(-120.830510486151,-364.789138266793,319.497887517348));
#2476=CARTESIAN_POINT('Ctrl Pts',(-122.199516430355,-366.289689765873,319.386729114855));
#2477=CARTESIAN_POINT('Ctrl Pts',(-124.202624298192,-365.952959070776,319.275570712363));
#2478=CARTESIAN_POINT('Ctrl Pts',(-125.005748845543,-364.087262786391,319.16441230987));
#2479=CARTESIAN_POINT('Ctrl Pts',(-123.873531749877,-362.400871569702,319.053253907378));
#2480=CARTESIAN_POINT('Ctrl Pts',(-121.842654837473,-362.437879967165,318.942095504885));
#2481=CARTESIAN_POINT('Ctrl Pts',(-120.772630933112,-364.164402419316,318.830937102393));
#2482=CARTESIAN_POINT('Ctrl Pts',(-121.643196184248,-365.999599135784,318.7197786999));
#2483=CARTESIAN_POINT('Ctrl Pts',(-123.657242964377,-366.263125980766,318.608620297408));
#2484=CARTESIAN_POINT('Ctrl Pts',(-124.970668308558,-364.713692303176,318.497461894915));
#2485=CARTESIAN_POINT('Ctrl Pts',(-124.380872737773,-362.769991700978,318.386303492422));
#2486=CARTESIAN_POINT('Ctrl Pts',(-122.427885306078,-362.211716735089,318.27514508993));
#2487=CARTESIAN_POINT('Ctrl Pts',(-120.899901788387,-363.550035537779,318.163986687437));
#2488=CARTESIAN_POINT('Ctrl Pts',(-121.195975567999,-365.559555670535,318.052828284945));
#2489=CARTESIAN_POINT('Ctrl Pts',(-123.045015354951,-366.400318844225,317.941669882453));
#2490=CARTESIAN_POINT('Ctrl Pts',(-124.754001990457,-365.30250486838,317.83051147996));
#2491=CARTESIAN_POINT('Ctrl Pts',(-124.758151886734,-363.271294976552,317.719353077468));
#2492=CARTESIAN_POINT('Ctrl Pts',(-123.053665308899,-362.166507050313,317.608194674975));
#2493=CARTESIAN_POINT('Ctrl Pts',(-121.201205508785,-362.999707818161,317.497036272482));
#2494=CARTESIAN_POINT('Ctrl Pts',(-120.896923060939,-365.008001381501,317.38587786999));
#2495=CARTESIAN_POINT('Ctrl Pts',(-122.419425322786,-366.352552532016,317.274719467498));
#2496=CARTESIAN_POINT('Ctrl Pts',(-124.374677574022,-365.802262345972,317.163561065005));
#2497=CARTESIAN_POINT('Ctrl Pts',(-124.972410517651,-363.860987966719,317.052402662513));
#2498=CARTESIAN_POINT('Ctrl Pts',(-123.665327052424,-362.306200367381,316.94124426002));
#2499=CARTESIAN_POINT('Ctrl Pts',(-121.650220831098,-362.561495506349,316.830085857527));
#2500=CARTESIAN_POINT('Ctrl Pts',(-120.772162828931,-364.393119436496,316.718927455035));
#2501=CARTESIAN_POINT('Ctrl Pts',(-121.835125654998,-366.124000307471,316.607769052543));
#2502=CARTESIAN_POINT('Ctrl Pts',(-123.865828656922,-366.169305710899,316.49661065005));
#2503=CARTESIAN_POINT('Ctrl Pts',(-125.004939690112,-364.487557948675,316.385452247557));
#2504=CARTESIAN_POINT('Ctrl Pts',(-124.20941777801,-362.618590876511,316.274293845065));
#2505=CARTESIAN_POINT('Ctrl Pts',(-122.207763141341,-362.273693931842,316.163135442573));
#2506=CARTESIAN_POINT('Ctrl Pts',(-120.832505280135,-363.768620597458,316.05197704008));
#2507=CARTESIAN_POINT('Ctrl Pts',(-121.343358041842,-365.734711663898,315.940818637588));
#2508=CARTESIAN_POINT('Ctrl Pts',(-123.271485488157,-366.371602282134,315.829660235095));
#2509=CARTESIAN_POINT('Ctrl Pts',(-124.853856277391,-365.096831132935,315.718501832602));
#2510=CARTESIAN_POINT('Ctrl Pts',(-124.636388197789,-363.077008634548,315.60734343011));
#2511=CARTESIAN_POINT('Ctrl Pts',(-123.432224989585,-362.469541031195,315.533237828448));
#2512=CARTESIAN_POINT('Ctrl Pts',(-122.835338604792,-362.488404251888,315.496185027618));
#2513=CARTESIAN_POINT('Ctrl Pts',(-123.321919825684,-365.892679352973,320.795444917148));
#2514=CARTESIAN_POINT('Ctrl Pts',(-123.857244828678,-365.749712879232,320.758392116317));
#2515=CARTESIAN_POINT('Ctrl Pts',(-124.764474135524,-364.887805414076,320.684286514655));
#2516=CARTESIAN_POINT('Ctrl Pts',(-124.417176725901,-363.035189891295,320.573128112162));
#2517=CARTESIAN_POINT('Ctrl Pts',(-122.670265270691,-362.326112700313,320.46196970967));
#2518=CARTESIAN_POINT('Ctrl Pts',(-121.127735494694,-363.407889986706,320.350811307177));
#2519=CARTESIAN_POINT('Ctrl Pts',(-121.200009938062,-365.291278892594,320.239652904685));
#2520=CARTESIAN_POINT('Ctrl Pts',(-122.821833916022,-366.251366181943,320.128494502192));
#2521=CARTESIAN_POINT('Ctrl Pts',(-124.507822132897,-365.409322128645,320.0173360997));
#2522=CARTESIAN_POINT('Ctrl Pts',(-124.714439422493,-363.536042284978,319.906177697207));
#2523=CARTESIAN_POINT('Ctrl Pts',(-123.252416976108,-362.346790018125,319.795019294715));
#2524=CARTESIAN_POINT('Ctrl Pts',(-121.460452398266,-362.930448474419,319.683860892222));
#2525=CARTESIAN_POINT('Ctrl Pts',(-120.979287698919,-364.752617982755,319.57270248973));
#2526=CARTESIAN_POINT('Ctrl Pts',(-122.249495469678,-366.14487795257,319.461544087238));
#2527=CARTESIAN_POINT('Ctrl Pts',(-124.108043411098,-365.832448377391,319.350385684745));
#2528=CARTESIAN_POINT('Ctrl Pts',(-124.853208211332,-364.101395325114,319.239227282252));
#2529=CARTESIAN_POINT('Ctrl Pts',(-123.802700754306,-362.536707284827,319.12806887976));
#2530=CARTESIAN_POINT('Ctrl Pts',(-121.918387799705,-362.571044866955,319.016910477268));
#2531=CARTESIAN_POINT('Ctrl Pts',(-120.925585186999,-364.172967958957,318.905752074775));
#2532=CARTESIAN_POINT('Ctrl Pts',(-121.733323642501,-365.875722530621,318.794593672283));
#2533=CARTESIAN_POINT('Ctrl Pts',(-123.60202105877,-366.120231217904,318.68343526979));
#2534=CARTESIAN_POINT('Ctrl Pts',(-124.820659360197,-364.682616789798,318.572276867297));
#2535=CARTESIAN_POINT('Ctrl Pts',(-124.273428049522,-362.879188821212,318.461118464805));
#2536=CARTESIAN_POINT('Ctrl Pts',(-122.46138346167,-362.361203342117,318.349960062312));
#2537=CARTESIAN_POINT('Ctrl Pts',(-121.043671182203,-363.602938595442,318.23880165982));
#2538=CARTESIAN_POINT('Ctrl Pts',(-121.318377962821,-365.467436042606,318.127643257328));
#2539=CARTESIAN_POINT('Ctrl Pts',(-123.033976580762,-366.247523171599,318.016484854835));
#2540=CARTESIAN_POINT('Ctrl Pts',(-124.619629377765,-365.228936036262,317.905326452342));
#2541=CARTESIAN_POINT('Ctrl Pts',(-124.623479785078,-363.344314132637,317.79416804985));
#2542=CARTESIAN_POINT('Ctrl Pts',(-123.042002286396,-362.319256341697,317.683009647357));
#2543=CARTESIAN_POINT('Ctrl Pts',(-121.323230470187,-363.092326827186,317.571851244865));
#2544=CARTESIAN_POINT('Ctrl Pts',(-121.040907423018,-364.955686223774,317.460692842373));
#2545=CARTESIAN_POINT('Ctrl Pts',(-122.453534016922,-366.203204049972,317.34953443988));
#2546=CARTESIAN_POINT('Ctrl Pts',(-124.267679977228,-365.692627106575,317.238376037387));
#2547=CARTESIAN_POINT('Ctrl Pts',(-124.822275837859,-363.891450265714,317.127217634895));
#2548=CARTESIAN_POINT('Ctrl Pts',(-123.609521735812,-362.448868296718,317.016059232402));
#2549=CARTESIAN_POINT('Ctrl Pts',(-121.739841335907,-362.685739342258,316.90490082991));
#2550=CARTESIAN_POINT('Ctrl Pts',(-120.925150864875,-364.385178967797,316.793742427417));
#2551=CARTESIAN_POINT('Ctrl Pts',(-121.911401981909,-365.991145941043,316.682584024925));
#2552=CARTESIAN_POINT('Ctrl Pts',(-123.79555357677,-366.033181752308,316.571425622433));
#2553=CARTESIAN_POINT('Ctrl Pts',(-124.852457450884,-364.472802058505,316.46026721994));
#2554=CARTESIAN_POINT('Ctrl Pts',(-124.114346620293,-362.738714264069,316.349108817447));
#2555=CARTESIAN_POINT('Ctrl Pts',(-122.257147033516,-362.418707779741,316.237950414955));
#2556=CARTESIAN_POINT('Ctrl Pts',(-120.981138532972,-363.805748848058,316.126792012462));
#2557=CARTESIAN_POINT('Ctrl Pts',(-121.455124164941,-365.629951409911,316.01563360997));
#2558=CARTESIAN_POINT('Ctrl Pts',(-123.244102858343,-366.220879021169,315.904475207478));
#2559=CARTESIAN_POINT('Ctrl Pts',(-124.712277398574,-365.038105325768,315.793316804985));
#2560=CARTESIAN_POINT('Ctrl Pts',(-124.51050351602,-363.164049012233,315.682158402492));
#2561=CARTESIAN_POINT('Ctrl Pts',(-123.393242140496,-362.60042102104,315.608052800831));
#2562=CARTESIAN_POINT('Ctrl Pts',(-122.839431744395,-362.617922924233,315.571));
#2563=CARTESIAN_POINT('Ctrl Pts',(-122.839431744395,-362.617922924233,315.571));
#2564=CARTESIAN_POINT('Ctrl Pts',(-122.900694936468,-362.608857826564,315.571));
#2565=CARTESIAN_POINT('Ctrl Pts',(-122.962265994203,-362.603533281761,315.571));
#2566=CARTESIAN_POINT('Ctrl Pts',(-123.023876510183,-362.60173116622,315.571));
#2567=CARTESIAN_POINT('Ctrl Pts',(-123.089643824642,-362.599807463787,315.571));
#2568=CARTESIAN_POINT('Ctrl Pts',(-123.155456730319,-362.601897103299,315.571));
#2569=CARTESIAN_POINT('Ctrl Pts',(-123.221013613833,-362.607791711405,315.571));
#2570=CARTESIAN_POINT('Ctrl Pts',(-123.278375886907,-362.612949493498,315.571));
#2571=CARTESIAN_POINT('Ctrl Pts',(-123.335542952015,-362.621021416873,315.571));
#2572=CARTESIAN_POINT('Ctrl Pts',(-123.39232005503,-362.631903123238,315.571));
#2573=CARTESIAN_POINT('Ctrl Pts',(-123.420792907941,-362.63736013334,315.571));
#2574=CARTESIAN_POINT('Ctrl Pts',(-123.44916774403,-362.643524272793,315.571));
#2575=CARTESIAN_POINT('Ctrl Pts',(-123.477419982373,-362.650385365015,315.571));
#2576=CARTESIAN_POINT('Ctrl Pts',(-123.490345938143,-362.653524449909,315.571));
#2577=CARTESIAN_POINT('Ctrl Pts',(-123.503247927213,-362.656810028631,315.571));
#2578=CARTESIAN_POINT('Ctrl Pts',(-123.516102642163,-362.660235309014,315.571));
#2579=CARTESIAN_POINT('Ctrl Pts',(-123.580805220629,-362.677476023693,315.571));
#2580=CARTESIAN_POINT('Ctrl Pts',(-123.644427479446,-362.698279230778,315.571));
#2581=CARTESIAN_POINT('Ctrl Pts',(-123.706675244482,-362.722437960416,315.571));
#2582=CARTESIAN_POINT('Ctrl Pts',(-123.770049521811,-362.747033896207,315.571));
#2583=CARTESIAN_POINT('Ctrl Pts',(-123.832000109968,-362.775107996114,315.571));
#2584=CARTESIAN_POINT('Ctrl Pts',(-123.892220631359,-362.806495394909,315.571));
#2585=CARTESIAN_POINT('Ctrl Pts',(-123.942651466387,-362.832780333896,315.571));
#2586=CARTESIAN_POINT('Ctrl Pts',(-123.991869400141,-362.861389907586,315.571));
#2587=CARTESIAN_POINT('Ctrl Pts',(-124.039688619589,-362.892254458915,315.571));
#2588=CARTESIAN_POINT('Ctrl Pts',(-124.061707357347,-362.906466285657,315.571));
#2589=CARTESIAN_POINT('Ctrl Pts',(-124.083429416795,-362.921156549608,315.571));
#2590=CARTESIAN_POINT('Ctrl Pts',(-124.10483584586,-362.936320111875,315.571));
#2591=CARTESIAN_POINT('Ctrl Pts',(-124.114183999191,-362.942942015262,315.571));
#2592=CARTESIAN_POINT('Ctrl Pts',(-124.123471730617,-362.94965414543,315.571));
#2593=CARTESIAN_POINT('Ctrl Pts',(-124.132686199329,-362.956447512535,315.571));
#2594=CARTESIAN_POINT('Ctrl Pts',(-124.189208181591,-362.998118344246,315.571));
#2595=CARTESIAN_POINT('Ctrl Pts',(-124.24308384835,-363.042918357205,315.571));
#2596=CARTESIAN_POINT('Ctrl Pts',(-124.293996627257,-363.090662496903,315.571));
#2597=CARTESIAN_POINT('Ctrl Pts',(-124.339608509441,-363.133435649766,315.571));
#2598=CARTESIAN_POINT('Ctrl Pts',(-124.382842904606,-363.178572648296,315.571));
#2599=CARTESIAN_POINT('Ctrl Pts',(-124.423460930686,-363.225974141016,315.571));
#2600=CARTESIAN_POINT('Ctrl Pts',(-124.467639375455,-363.27753066481,315.571));
#2601=CARTESIAN_POINT('Ctrl Pts',(-124.508723993597,-363.33176576416,315.571));
#2602=CARTESIAN_POINT('Ctrl Pts',(-124.546700926134,-363.388355961825,315.571));
#2603=CARTESIAN_POINT('Ctrl Pts',(-124.561303025359,-363.410114846133,315.571));
#2604=CARTESIAN_POINT('Ctrl Pts',(-124.575445304594,-363.43222230736,315.571));
#2605=CARTESIAN_POINT('Ctrl Pts',(-124.589125488341,-363.454661308172,315.571));
#2606=CARTESIAN_POINT('Ctrl Pts',(-124.595133690396,-363.464516296474,315.571));
#2607=CARTESIAN_POINT('Ctrl Pts',(-124.601052314244,-363.474434691236,315.571));
#2608=CARTESIAN_POINT('Ctrl Pts',(-124.606874640963,-363.484403429874,315.571));
#2609=CARTESIAN_POINT('Ctrl Pts',(-124.642156818773,-363.544812064801,315.571));
#2610=CARTESIAN_POINT('Ctrl Pts',(-124.673971990908,-363.607173512134,315.571));
#2611=CARTESIAN_POINT('Ctrl Pts',(-124.702344385113,-363.671108360824,315.571));
#2612=CARTESIAN_POINT('Ctrl Pts',(-124.7313681792,-363.736511085388,315.571));
#2613=CARTESIAN_POINT('Ctrl Pts',(-124.756789746567,-363.803561034414,315.571));
#2614=CARTESIAN_POINT('Ctrl Pts',(-124.778597047972,-363.871893520542,315.571));
#2615=CARTESIAN_POINT('Ctrl Pts',(-124.795218934695,-363.92397767451,315.571));
#2616=CARTESIAN_POINT('Ctrl Pts',(-124.809740287664,-363.976807913966,315.571));
#2617=CARTESIAN_POINT('Ctrl Pts',(-124.822139040156,-364.030234029351,315.571));
#2618=CARTESIAN_POINT('Ctrl Pts',(-124.829853798998,-364.06347685731,315.571));
#2619=CARTESIAN_POINT('Ctrl Pts',(-124.836746482051,-364.096950556586,315.571));
#2620=CARTESIAN_POINT('Ctrl Pts',(-124.842808695593,-364.130620138557,315.571));
#2621=CARTESIAN_POINT('Ctrl Pts',(-124.846274925139,-364.149871604882,315.571));
#2622=CARTESIAN_POINT('Ctrl Pts',(-124.849470454397,-364.169193758414,315.571));
#2623=CARTESIAN_POINT('Ctrl Pts',(-124.852388435472,-364.188544527372,315.571));
#2624=CARTESIAN_POINT('Ctrl Pts',(-124.863535671304,-364.262468099711,315.571));
#2625=CARTESIAN_POINT('Ctrl Pts',(-124.870652029868,-364.336880471209,315.571));
#2626=CARTESIAN_POINT('Ctrl Pts',(-124.873709166367,-364.411396294362,315.571));
#2627=CARTESIAN_POINT('Ctrl Pts',(-124.875997744525,-364.467178980312,315.571));
#2628=CARTESIAN_POINT('Ctrl Pts',(-124.876010639273,-364.523020419946,315.571));
#2629=CARTESIAN_POINT('Ctrl Pts',(-124.873718048469,-364.578765692828,315.571));
#2630=CARTESIAN_POINT('Ctrl Pts',(-124.873009059248,-364.596005052566,315.571));
#2631=CARTESIAN_POINT('Ctrl Pts',(-124.872079464069,-364.613235239142,315.571));
#2632=CARTESIAN_POINT('Ctrl Pts',(-124.870928063628,-364.63045171642,315.571));
#2633=CARTESIAN_POINT('Ctrl Pts',(-124.869805876674,-364.64723137492,315.571));
#2634=CARTESIAN_POINT('Ctrl Pts',(-124.868473513168,-364.663989495242,315.571));
#2635=CARTESIAN_POINT('Ctrl Pts',(-124.866931089789,-364.680715775668,315.571));
#2636=CARTESIAN_POINT('Ctrl Pts',(-124.860018061974,-364.75568173082,315.571));
#2637=CARTESIAN_POINT('Ctrl Pts',(-124.848886842607,-364.830045578468,315.571));
#2638=CARTESIAN_POINT('Ctrl Pts',(-124.833482453671,-364.903430984855,315.571));
#2639=CARTESIAN_POINT('Ctrl Pts',(-124.82164063252,-364.95984457329,315.571));
#2640=CARTESIAN_POINT('Ctrl Pts',(-124.807272678546,-365.015680468593,315.571));
#2641=CARTESIAN_POINT('Ctrl Pts',(-124.790332652178,-365.070769064878,315.571));
#2642=CARTESIAN_POINT('Ctrl Pts',(-124.786492604193,-365.083256817174,315.571));
#2643=CARTESIAN_POINT('Ctrl Pts',(-124.782520310033,-365.095706161636,315.571));
#2644=CARTESIAN_POINT('Ctrl Pts',(-124.778417324696,-365.108116023394,315.571));
#2645=CARTESIAN_POINT('Ctrl Pts',(-124.55610872088,-364.282155406087,319.94951963661));
#2646=CARTESIAN_POINT('Ctrl Pts',(-124.557217613882,-364.065417940501,319.935072323476));
#2647=CARTESIAN_POINT('Ctrl Pts',(-124.517915617698,-363.849066295714,319.920625010342));
#2648=CARTESIAN_POINT('Ctrl Pts',(-124.436332799829,-363.650046881114,319.906177697208));
#2649=CARTESIAN_POINT('Ctrl Pts',(-124.227098607031,-363.139624862694,319.869124896377));
#2650=CARTESIAN_POINT('Ctrl Pts',(-123.739757791569,-362.743207440409,319.832072095546));
#2651=CARTESIAN_POINT('Ctrl Pts',(-123.197426620865,-362.642275138649,319.795019294715));
#2652=CARTESIAN_POINT('Ctrl Pts',(-122.65509545016,-362.541342836889,319.757966493884));
#2653=CARTESIAN_POINT('Ctrl Pts',(-122.057773924213,-362.735895655654,319.720913693053));
#2654=CARTESIAN_POINT('Ctrl Pts',(-121.678919044682,-363.136866983093,319.683860892223));
#2655=CARTESIAN_POINT('Ctrl Pts',(-121.30006416515,-363.537838310531,319.646808091392));
#2656=CARTESIAN_POINT('Ctrl Pts',(-121.139675932035,-364.145228146643,319.609755290561));
#2657=CARTESIAN_POINT('Ctrl Pts',(-121.271183110603,-364.680966393002,319.57270248973));
#2658=CARTESIAN_POINT('Ctrl Pts',(-121.402690289172,-365.21670463936,319.535649688899));
#2659=CARTESIAN_POINT('Ctrl Pts',(-121.826092879425,-365.680791295965,319.498596888069));
#2660=CARTESIAN_POINT('Ctrl Pts',(-122.347552164788,-365.860763028404,319.461544087238));
#2661=CARTESIAN_POINT('Ctrl Pts',(-122.869011450151,-366.040734760844,319.424491286407));
#2662=CARTESIAN_POINT('Ctrl Pts',(-123.488527430625,-365.936591569117,319.387438485576));
#2663=CARTESIAN_POINT('Ctrl Pts',(-123.922479554234,-365.596011131208,319.350385684745));
#2664=CARTESIAN_POINT('Ctrl Pts',(-124.31625127825,-365.286965642304,319.3167636687));
#2665=CARTESIAN_POINT('Ctrl Pts',(-124.557231637991,-364.783240165496,319.283141652655));
#2666=CARTESIAN_POINT('Ctrl Pts',(-124.560458517411,-364.282205540754,319.24951963661));
#2667=CARTESIAN_POINT('Ctrl Pts',(-123.422225785986,-366.26826592998,320.571));
#2668=CARTESIAN_POINT('Ctrl Pts',(-123.490842128565,-366.242859842238,320.571));
#2669=CARTESIAN_POINT('Ctrl Pts',(-123.557755839972,-366.213556130343,320.571));
#2670=CARTESIAN_POINT('Ctrl Pts',(-123.622778800136,-366.180650997634,320.571));
#2671=CARTESIAN_POINT('Ctrl Pts',(-123.68965236542,-366.146809358697,320.571));
#2672=CARTESIAN_POINT('Ctrl Pts',(-123.754526796111,-366.10915769396,320.571));
#2673=CARTESIAN_POINT('Ctrl Pts',(-123.817166244428,-366.067973474091,320.571));
#2674=CARTESIAN_POINT('Ctrl Pts',(-123.870118357296,-366.033158489004,320.571));
#2675=CARTESIAN_POINT('Ctrl Pts',(-123.921472990365,-365.995818040096,320.571));
#2676=CARTESIAN_POINT('Ctrl Pts',(-123.971064902232,-365.956101687345,320.571));
#2677=CARTESIAN_POINT('Ctrl Pts',(-123.993105302137,-365.938450335252,320.571));
#2678=CARTESIAN_POINT('Ctrl Pts',(-124.014797220706,-365.920329508734,320.571));
#2679=CARTESIAN_POINT('Ctrl Pts',(-124.036124595723,-365.901751612807,320.571));
#2680=CARTESIAN_POINT('Ctrl Pts',(-124.047815837308,-365.891567580818,320.571));
#2681=CARTESIAN_POINT('Ctrl Pts',(-124.059397515387,-365.881246192267,320.571));
#2682=CARTESIAN_POINT('Ctrl Pts',(-124.070866850589,-365.870789449398,320.571));
#2683=CARTESIAN_POINT('Ctrl Pts',(-124.081484241965,-365.861109434854,320.571));
#2684=CARTESIAN_POINT('Ctrl Pts',(-124.09200683737,-365.851311868983,320.571));
#2685=CARTESIAN_POINT('Ctrl Pts',(-124.102416445631,-365.841413909391,320.571));
#2686=CARTESIAN_POINT('Ctrl Pts',(-124.155494291667,-365.790944923228,320.571));
#2687=CARTESIAN_POINT('Ctrl Pts',(-124.2057320897,-365.737784441254,320.571));
#2688=CARTESIAN_POINT('Ctrl Pts',(-124.252911599261,-365.682194690483,320.571));
#2689=CARTESIAN_POINT('Ctrl Pts',(-124.299734069759,-365.627025624723,320.571));
#2690=CARTESIAN_POINT('Ctrl Pts',(-124.343544874122,-365.569463029484,320.571));
#2691=CARTESIAN_POINT('Ctrl Pts',(-124.384085877721,-365.509738990087,320.571));
#2692=CARTESIAN_POINT('Ctrl Pts',(-124.417789096976,-365.46008821147,320.571));
#2693=CARTESIAN_POINT('Ctrl Pts',(-124.449231846824,-365.408942960634,320.571));
#2694=CARTESIAN_POINT('Ctrl Pts',(-124.478238163258,-365.356430152747,320.571));
#2695=CARTESIAN_POINT('Ctrl Pts',(-124.490327482106,-365.334543744676,320.571));
#2696=CARTESIAN_POINT('Ctrl Pts',(-124.501993252765,-365.312419743562,320.571));
#2697=CARTESIAN_POINT('Ctrl Pts',(-124.513221299827,-365.290067259543,320.571));
#2698=CARTESIAN_POINT('Ctrl Pts',(-124.518421963154,-365.279713923539,320.571));
#2699=CARTESIAN_POINT('Ctrl Pts',(-124.52352870474,-365.269311568814,320.571));
#2700=CARTESIAN_POINT('Ctrl Pts',(-124.528540050788,-365.258861102867,320.571));
#2701=CARTESIAN_POINT('Ctrl Pts',(-124.533767106247,-365.24796080491,320.571));
#2702=CARTESIAN_POINT('Ctrl Pts',(-124.538886763147,-365.237015634334,320.571));
#2703=CARTESIAN_POINT('Ctrl Pts',(-124.543895986761,-365.226030872621,320.571));
#2704=CARTESIAN_POINT('Ctrl Pts',(-124.572438419855,-365.163439970234,320.571));
#2705=CARTESIAN_POINT('Ctrl Pts',(-124.597419880766,-365.099521886658,320.571));
#2706=CARTESIAN_POINT('Ctrl Pts',(-124.618617160202,-365.034483632671,320.571));
#2707=CARTESIAN_POINT('Ctrl Pts',(-124.637859013404,-364.975445087679,320.571));
#2708=CARTESIAN_POINT('Ctrl Pts',(-124.653982343989,-364.915482906152,320.571));
#2709=CARTESIAN_POINT('Ctrl Pts',(-124.666783233636,-364.854747173159,320.571));
#2710=CARTESIAN_POINT('Ctrl Pts',(-124.681903977724,-364.783004544251,320.571));
#2711=CARTESIAN_POINT('Ctrl Pts',(-124.692389523564,-364.710181068919,320.571));
#2712=CARTESIAN_POINT('Ctrl Pts',(-124.69831469133,-364.636697894974,320.571));
#2713=CARTESIAN_POINT('Ctrl Pts',(-124.699621370143,-364.620492631205,320.571));
#2714=CARTESIAN_POINT('Ctrl Pts',(-124.70070603659,-364.60425536643,320.571));
#2715=CARTESIAN_POINT('Ctrl Pts',(-124.701569121323,-364.58799078364,320.571));
#2716=CARTESIAN_POINT('Ctrl Pts',(-124.702448075301,-364.571427149511,320.571));
#2717=CARTESIAN_POINT('Ctrl Pts',(-124.703097232075,-364.554829243159,320.571));
#2718=CARTESIAN_POINT('Ctrl Pts',(-124.703516499384,-364.538235356095,320.571));
#2719=CARTESIAN_POINT('Ctrl Pts',(-124.705248303098,-364.469693510248,320.571));
#2720=CARTESIAN_POINT('Ctrl Pts',(-124.703069606675,-364.401131753322,320.571));
#2721=CARTESIAN_POINT('Ctrl Pts',(-124.697100796685,-364.332886387794,320.571));
#2722=CARTESIAN_POINT('Ctrl Pts',(-124.691132948419,-364.264652018302,320.571));
#2723=CARTESIAN_POINT('Ctrl Pts',(-124.681375755144,-364.196732871554,320.571));
#2724=CARTESIAN_POINT('Ctrl Pts',(-124.667899943276,-364.129480165904,320.571));
#2725=CARTESIAN_POINT('Ctrl Pts',(-124.658122862404,-364.080686434699,320.571));
#2726=CARTESIAN_POINT('Ctrl Pts',(-124.646387283165,-364.032243775569,320.571));
#2727=CARTESIAN_POINT('Ctrl Pts',(-124.632705879845,-363.984296059213,320.571));
#2728=CARTESIAN_POINT('Ctrl Pts',(-124.627008500667,-363.964329078167,320.571));
#2729=CARTESIAN_POINT('Ctrl Pts',(-124.62097354987,-363.944448048032,320.571));
#2730=CARTESIAN_POINT('Ctrl Pts',(-124.614601388456,-363.924663926416,320.571));
#2731=CARTESIAN_POINT('Ctrl Pts',(-124.609745171086,-363.909586468582,320.571));
#2732=CARTESIAN_POINT('Ctrl Pts',(-124.604693096955,-363.894565301519,320.571));
#2733=CARTESIAN_POINT('Ctrl Pts',(-124.599445207236,-363.879605425797,320.571));
#2734=CARTESIAN_POINT('Ctrl Pts',(-124.595158127157,-363.867384478214,320.571));
#2735=CARTESIAN_POINT('Ctrl Pts',(-124.59074316986,-363.855212495432,320.571));
#2736=CARTESIAN_POINT('Ctrl Pts',(-124.586202033566,-363.843095127404,320.571));
#2737=CARTESIAN_POINT('Ctrl Pts',(-124.563093134418,-363.781432358989,320.571));
#2738=CARTESIAN_POINT('Ctrl Pts',(-124.536710225677,-363.721154034391,320.571));
#2739=CARTESIAN_POINT('Ctrl Pts',(-124.507103201434,-363.662592627439,320.571));
#2740=CARTESIAN_POINT('Ctrl Pts',(-124.486254703845,-363.621355205483,320.571));
#2741=CARTESIAN_POINT('Ctrl Pts',(-124.463806636588,-363.580969664312,320.571));
#2742=CARTESIAN_POINT('Ctrl Pts',(-124.439765964918,-363.541563474216,320.571));
#2743=CARTESIAN_POINT('Ctrl Pts',(-124.432049025734,-363.528914278029,320.571));
#2744=CARTESIAN_POINT('Ctrl Pts',(-124.424166843412,-363.516364406465,320.571));
#2745=CARTESIAN_POINT('Ctrl Pts',(-124.416122926975,-363.503923639103,320.571));
#2746=CARTESIAN_POINT('Ctrl Pts',(-124.381878218726,-363.450960576638,320.571));
#2747=CARTESIAN_POINT('Ctrl Pts',(-124.344775739534,-363.400079875763,320.571));
#2748=CARTESIAN_POINT('Ctrl Pts',(-124.304849584841,-363.351595379453,320.571));
#2749=CARTESIAN_POINT('Ctrl Pts',(-124.267904905538,-363.306731450506,320.571));
#2750=CARTESIAN_POINT('Ctrl Pts',(-124.228541940362,-363.263919097431,320.571));
#2751=CARTESIAN_POINT('Ctrl Pts',(-124.18676592055,-363.223440327369,320.571));
#2752=CARTESIAN_POINT('Ctrl Pts',(-124.179126341893,-363.216037976709,320.571));
#2753=CARTESIAN_POINT('Ctrl Pts',(-124.171406016167,-363.208713763772,320.571));
#2754=CARTESIAN_POINT('Ctrl Pts',(-124.163606428148,-363.201468312962,320.571));
#2755=CARTESIAN_POINT('Origin',(-164.521410661138,-355.228161891586,320.571));
#2756=CARTESIAN_POINT('',(-143.595636491038,-374.068559852501,320.571));
#2757=CARTESIAN_POINT('',(-119.595823567684,-374.16332083605,320.571));
#2758=CARTESIAN_POINT('',(-164.595472798973,-373.985643991896,320.571));
#2759=CARTESIAN_POINT('',(-119.521761429849,-355.40583873574,320.571));
#2760=CARTESIAN_POINT('',(-119.558792498767,-364.784579785895,320.571));
#2761=CARTESIAN_POINT('',(-143.521574353204,-355.311077752191,320.571));
#2762=CARTESIAN_POINT('',(-164.521410661138,-355.228161891586,320.571));
#2763=CARTESIAN_POINT('',(-143.521574353204,-355.311077752191,320.571));
#2764=CARTESIAN_POINT('Ctrl Pts',(-137.787268393625,-363.19148534189,320.571));
#2765=CARTESIAN_POINT('Ctrl Pts',(-137.74198441489,-363.233730487917,320.571));
#2766=CARTESIAN_POINT('Ctrl Pts',(-137.699432986519,-363.278548565396,320.571));
#2767=CARTESIAN_POINT('Ctrl Pts',(-137.659610909292,-363.325593720676,320.571));
#2768=CARTESIAN_POINT('Ctrl Pts',(-137.617101683492,-363.375813429638,320.571));
#2769=CARTESIAN_POINT('Ctrl Pts',(-137.577701854532,-363.428571141443,320.571));
#2770=CARTESIAN_POINT('Ctrl Pts',(-137.54143654823,-363.483501108649,320.571));
#2771=CARTESIAN_POINT('Ctrl Pts',(-137.509704405215,-363.531564829955,320.571));
#2772=CARTESIAN_POINT('Ctrl Pts',(-137.480372379015,-363.581292916774,320.571));
#2773=CARTESIAN_POINT('Ctrl Pts',(-137.453480297359,-363.632468026706,320.571));
#2774=CARTESIAN_POINT('Ctrl Pts',(-137.439994478564,-363.658131278372,320.571));
#2775=CARTESIAN_POINT('Ctrl Pts',(-137.42712262216,-363.684158786438,320.571));
#2776=CARTESIAN_POINT('Ctrl Pts',(-137.414872096389,-363.710524987263,320.571));
#2777=CARTESIAN_POINT('Ctrl Pts',(-137.40926696741,-363.722588629189,320.571));
#2778=CARTESIAN_POINT('Ctrl Pts',(-137.403791325581,-363.734724878561,320.571));
#2779=CARTESIAN_POINT('Ctrl Pts',(-137.398454393329,-363.746911275388,320.571));
#2780=CARTESIAN_POINT('Ctrl Pts',(-137.371592810737,-363.808247243207,320.571));
#2781=CARTESIAN_POINT('Ctrl Pts',(-137.348190048182,-363.870959776501,320.571));
#2782=CARTESIAN_POINT('Ctrl Pts',(-137.328267690511,-363.934689827271,320.571));
#2783=CARTESIAN_POINT('Ctrl Pts',(-137.307984737838,-363.99957339301,320.571));
#2784=CARTESIAN_POINT('Ctrl Pts',(-137.291308766522,-364.065512485463,320.571));
#2785=CARTESIAN_POINT('Ctrl Pts',(-137.278301888334,-364.132164764158,320.571));
#2786=CARTESIAN_POINT('Ctrl Pts',(-137.267409386479,-364.187982160065,320.571));
#2787=CARTESIAN_POINT('Ctrl Pts',(-137.259090604309,-364.244300663535,320.571));
#2788=CARTESIAN_POINT('Ctrl Pts',(-137.253406926711,-364.300931558282,320.571));
#2789=CARTESIAN_POINT('Ctrl Pts',(-137.250789877579,-364.327007251592,320.571));
#2790=CARTESIAN_POINT('Ctrl Pts',(-137.248731844018,-364.353149289749,320.571));
#2791=CARTESIAN_POINT('Ctrl Pts',(-137.247240623572,-364.379339651205,320.571));
#2792=CARTESIAN_POINT('Ctrl Pts',(-137.246589375286,-364.390777549637,320.571));
#2793=CARTESIAN_POINT('Ctrl Pts',(-137.24604634946,-364.402224465645,320.571));
#2794=CARTESIAN_POINT('Ctrl Pts',(-137.245612523749,-364.413664751731,320.571));
#2795=CARTESIAN_POINT('Ctrl Pts',(-137.242951523124,-364.483837191018,320.571));
#2796=CARTESIAN_POINT('Ctrl Pts',(-137.244386936214,-364.553891646369,320.571));
#2797=CARTESIAN_POINT('Ctrl Pts',(-137.24997144661,-364.623465215685,320.571));
#2798=CARTESIAN_POINT('Ctrl Pts',(-137.254974559156,-364.685795549559,320.571));
#2799=CARTESIAN_POINT('Ctrl Pts',(-137.263308165208,-364.747740883737,320.571));
#2800=CARTESIAN_POINT('Ctrl Pts',(-137.275043520742,-364.809052489696,320.571));
#2801=CARTESIAN_POINT('Ctrl Pts',(-137.287807473018,-364.875738020463,320.571));
#2802=CARTESIAN_POINT('Ctrl Pts',(-137.304594559914,-364.941674705999,320.571));
#2803=CARTESIAN_POINT('Ctrl Pts',(-137.325160523317,-365.006650032037,320.571));
#2804=CARTESIAN_POINT('Ctrl Pts',(-137.333068058513,-365.031632799315,320.571));
#2805=CARTESIAN_POINT('Ctrl Pts',(-137.341534803082,-365.056473393368,320.571));
#2806=CARTESIAN_POINT('Ctrl Pts',(-137.350548856041,-365.081159413129,320.571));
#2807=CARTESIAN_POINT('Ctrl Pts',(-137.354507751894,-365.092001304309,320.571));
#2808=CARTESIAN_POINT('Ctrl Pts',(-137.35857207044,-365.102812692504,320.571));
#2809=CARTESIAN_POINT('Ctrl Pts',(-137.362735788183,-365.113580180374,320.571));
#2810=CARTESIAN_POINT('Ctrl Pts',(-137.387967237083,-365.178829396761,320.571));
#2811=CARTESIAN_POINT('Ctrl Pts',(-137.416887079125,-365.242585502826,320.571));
#2812=CARTESIAN_POINT('Ctrl Pts',(-137.449183578786,-365.30463088824,320.571));
#2813=CARTESIAN_POINT('Ctrl Pts',(-137.482221530344,-365.368100690206,320.571));
#2814=CARTESIAN_POINT('Ctrl Pts',(-137.518793261966,-365.429781139621,320.571));
#2815=CARTESIAN_POINT('Ctrl Pts',(-137.558621163016,-365.4894354521,320.571));
#2816=CARTESIAN_POINT('Ctrl Pts',(-137.588978368686,-365.534904537471,320.571));
#2817=CARTESIAN_POINT('Ctrl Pts',(-137.621228504293,-365.579196535315,320.571));
#2818=CARTESIAN_POINT('Ctrl Pts',(-137.655267895519,-365.622200545053,320.571));
#2819=CARTESIAN_POINT('Ctrl Pts',(-137.676447950794,-365.648958582447,320.571));
#2820=CARTESIAN_POINT('Ctrl Pts',(-137.698321052411,-365.675217840876,320.571));
#2821=CARTESIAN_POINT('Ctrl Pts',(-137.720865079734,-365.700949944105,320.571));
#2822=CARTESIAN_POINT('Ctrl Pts',(-137.733755549943,-365.715663327181,320.571));
#2823=CARTESIAN_POINT('Ctrl Pts',(-137.746870072496,-365.730209132773,320.571));
#2824=CARTESIAN_POINT('Ctrl Pts',(-137.76018002294,-365.744555774498,320.571));
#2825=CARTESIAN_POINT('Ctrl Pts',(-137.811025517957,-365.799361545822,320.571));
#2826=CARTESIAN_POINT('Ctrl Pts',(-137.864766368893,-365.851320589324,320.571));
#2827=CARTESIAN_POINT('Ctrl Pts',(-137.921118980112,-365.900170492385,320.571));
#2828=CARTESIAN_POINT('Ctrl Pts',(-137.963304627379,-365.93673960134,320.571));
#2829=CARTESIAN_POINT('Ctrl Pts',(-138.006955071029,-365.971566135861,320.571));
#2830=CARTESIAN_POINT('Ctrl Pts',(-138.051967774356,-366.004530208004,320.571));
#2831=CARTESIAN_POINT('Ctrl Pts',(-138.065888073836,-366.014724435908,320.571));
#2832=CARTESIAN_POINT('Ctrl Pts',(-138.079938747169,-366.02474046722,320.571));
#2833=CARTESIAN_POINT('Ctrl Pts',(-138.094116995714,-366.034574536147,320.571));
#2834=CARTESIAN_POINT('Ctrl Pts',(-138.10793546812,-366.044159063437,320.571));
#2835=CARTESIAN_POINT('Ctrl Pts',(-138.121868143599,-366.053565839855,320.571));
#2836=CARTESIAN_POINT('Ctrl Pts',(-138.135906895585,-366.062788533917,320.571));
#2837=CARTESIAN_POINT('Ctrl Pts',(-138.198827694015,-366.104124065355,320.571));
#2838=CARTESIAN_POINT('Ctrl Pts',(-138.263907748769,-366.141786273971,320.571));
#2839=CARTESIAN_POINT('Ctrl Pts',(-138.330887117145,-366.175497544611,320.571));
#2840=CARTESIAN_POINT('Ctrl Pts',(-138.382376198399,-366.201412425495,320.571));
#2841=CARTESIAN_POINT('Ctrl Pts',(-138.434988646578,-366.224992114768,320.571));
#2842=CARTESIAN_POINT('Ctrl Pts',(-138.48862050516,-366.246094951723,320.571));
#2843=CARTESIAN_POINT('Ctrl Pts',(-138.500778038981,-366.250878646728,320.571));
#2844=CARTESIAN_POINT('Ctrl Pts',(-138.512987999093,-366.255535000996,320.571));
#2845=CARTESIAN_POINT('Ctrl Pts',(-138.525248575585,-366.260064560088,320.571));
#2846=CARTESIAN_POINT('Ctrl Pts',(-139.586509490666,-366.25601832061,320.571));
#2847=CARTESIAN_POINT('Ctrl Pts',(-139.655125420638,-366.230612385641,320.571));
#2848=CARTESIAN_POINT('Ctrl Pts',(-139.722038730005,-366.20130875766,320.571));
#2849=CARTESIAN_POINT('Ctrl Pts',(-139.787061304331,-366.168403656742,320.571));
#2850=CARTESIAN_POINT('Ctrl Pts',(-139.853934797112,-366.13456188638,320.571));
#2851=CARTESIAN_POINT('Ctrl Pts',(-139.918809153051,-366.096909998132,320.571));
#2852=CARTESIAN_POINT('Ctrl Pts',(-139.981448527688,-366.055725484679,320.571));
#2853=CARTESIAN_POINT('Ctrl Pts',(-140.034400694777,-366.020910174812,320.571));
#2854=CARTESIAN_POINT('Ctrl Pts',(-140.085755375813,-365.983569339905,320.571));
#2855=CARTESIAN_POINT('Ctrl Pts',(-140.135347330417,-365.943852554028,320.571));
#2856=CARTESIAN_POINT('Ctrl Pts',(-140.157387979643,-365.926200824975,320.571));
#2857=CARTESIAN_POINT('Ctrl Pts',(-140.179080139217,-365.908079602377,320.571));
#2858=CARTESIAN_POINT('Ctrl Pts',(-140.200407746503,-365.889501292872,320.571));
#2859=CARTESIAN_POINT('Ctrl Pts',(-140.212098858423,-365.879317258029,320.571));
#2860=CARTESIAN_POINT('Ctrl Pts',(-140.223680409028,-365.868995867405,320.571));
#2861=CARTESIAN_POINT('Ctrl Pts',(-140.235149619054,-365.858539123379,320.571));
#2862=CARTESIAN_POINT('Ctrl Pts',(-140.245767168473,-365.848858858025,320.571));
#2863=CARTESIAN_POINT('Ctrl Pts',(-140.256289919217,-365.839061035847,320.571));
#2864=CARTESIAN_POINT('Ctrl Pts',(-140.266699679372,-365.829162815485,320.571));
#2865=CARTESIAN_POINT('Ctrl Pts',(-140.31977745891,-365.778693299341,320.571));
#2866=CARTESIAN_POINT('Ctrl Pts',(-140.370015191857,-365.725532255252,320.571));
#2867=CARTESIAN_POINT('Ctrl Pts',(-140.41719464032,-365.66994193156,320.571));
#2868=CARTESIAN_POINT('Ctrl Pts',(-140.464017124155,-365.614772210053,320.571));
#2869=CARTESIAN_POINT('Ctrl Pts',(-140.507827936273,-365.557208940819,320.571));
#2870=CARTESIAN_POINT('Ctrl Pts',(-140.548368943433,-365.497484231201,320.571));
#2871=CARTESIAN_POINT('Ctrl Pts',(-140.582072136726,-365.447832938014,320.571));
#2872=CARTESIAN_POINT('Ctrl Pts',(-140.613514861587,-365.396687177767,320.571));
#2873=CARTESIAN_POINT('Ctrl Pts',(-140.642521155209,-365.344173878319,320.571));
#2874=CARTESIAN_POINT('Ctrl Pts',(-140.654610424729,-365.322287337463,320.571));
#2875=CARTESIAN_POINT('Ctrl Pts',(-140.66627614923,-365.300163208234,320.571));
#2876=CARTESIAN_POINT('Ctrl Pts',(-140.677504153532,-365.277810601633,320.571));
#2877=CARTESIAN_POINT('Ctrl Pts',(-140.682704664792,-365.267457472155,320.571));
#2878=CARTESIAN_POINT('Ctrl Pts',(-140.687811259817,-365.257055327636,320.571));
#2879=CARTESIAN_POINT('Ctrl Pts',(-140.692822464947,-365.246605075594,320.571));
#2880=CARTESIAN_POINT('Ctrl Pts',(-140.698049668308,-365.235704385804,320.571));
#2881=CARTESIAN_POINT('Ctrl Pts',(-140.703169467927,-365.224758820723,320.571));
#2882=CARTESIAN_POINT('Ctrl Pts',(-140.708178828015,-365.213773664116,320.571));
#2883=CARTESIAN_POINT('Ctrl Pts',(-140.736721275824,-365.151182184643,320.571));
#2884=CARTESIAN_POINT('Ctrl Pts',(-140.761702749082,-365.087263561546,320.571));
#2885=CARTESIAN_POINT('Ctrl Pts',(-140.782900039706,-365.022224825474,320.571));
#2886=CARTESIAN_POINT('Ctrl Pts',(-140.802141889019,-364.963185885961,320.571));
#2887=CARTESIAN_POINT('Ctrl Pts',(-140.818265219303,-364.903223358568,320.571));
#2888=CARTESIAN_POINT('Ctrl Pts',(-140.831066113511,-364.842487343559,320.571));
#2889=CARTESIAN_POINT('Ctrl Pts',(-140.84618685675,-364.770744411127,320.571));
#2890=CARTESIAN_POINT('Ctrl Pts',(-140.856672412355,-364.6979207223,320.571));
#2891=CARTESIAN_POINT('Ctrl Pts',(-140.86259759814,-364.624437411738,320.571));
#2892=CARTESIAN_POINT('Ctrl Pts',(-140.863904278402,-364.60823214915,320.571));
#2893=CARTESIAN_POINT('Ctrl Pts',(-140.864988947557,-364.591994889422,320.571));
#2894=CARTESIAN_POINT('Ctrl Pts',(-140.86585203623,-364.575730315378,320.571));
#2895=CARTESIAN_POINT('Ctrl Pts',(-140.866730997539,-364.559166627613,320.571));
#2896=CARTESIAN_POINT('Ctrl Pts',(-140.86738016119,-364.542568671202,320.571));
#2897=CARTESIAN_POINT('Ctrl Pts',(-140.867799434881,-364.525974737685,320.571));
#2898=CARTESIAN_POINT('Ctrl Pts',(-140.869531260813,-364.457432863911,320.571));
#2899=CARTESIAN_POINT('Ctrl Pts',(-140.867352596938,-364.388871140488,320.571));
#2900=CARTESIAN_POINT('Ctrl Pts',(-140.861383827598,-364.320625857529,320.571));
#2901=CARTESIAN_POINT('Ctrl Pts',(-140.855416020525,-364.25239157687,320.571));
#2902=CARTESIAN_POINT('Ctrl Pts',(-140.845658877247,-364.18447256798,320.571));
#2903=CARTESIAN_POINT('Ctrl Pts',(-140.832183122074,-364.117220037259,320.571));
#2904=CARTESIAN_POINT('Ctrl Pts',(-140.82240605739,-364.068426308473,320.571));
#2905=CARTESIAN_POINT('Ctrl Pts',(-140.810670487877,-364.019983673075,320.571));
#2906=CARTESIAN_POINT('Ctrl Pts',(-140.796989087124,-363.972035998333,320.571));
#2907=CARTESIAN_POINT('Ctrl Pts',(-140.791291717193,-363.952069063273,320.571));
#2908=CARTESIAN_POINT('Ctrl Pts',(-140.785256775367,-363.93218808198,320.571));
#2909=CARTESIAN_POINT('Ctrl Pts',(-140.778884622593,-363.912404011767,320.571));
#2910=CARTESIAN_POINT('Ctrl Pts',(-140.774028496475,-363.897326855977,320.571));
#2911=CARTESIAN_POINT('Ctrl Pts',(-140.768976520232,-363.882305990485,320.571));
#2912=CARTESIAN_POINT('Ctrl Pts',(-140.76372873501,-363.867346415465,320.571));
#2913=CARTESIAN_POINT('Ctrl Pts',(-140.759441592863,-363.85512529325,320.571));
#2914=CARTESIAN_POINT('Ctrl Pts',(-140.755026568767,-363.842953137655,320.571));
#2915=CARTESIAN_POINT('Ctrl Pts',(-140.750485361338,-363.830835599766,320.571));
#2916=CARTESIAN_POINT('Ctrl Pts',(-140.727376494742,-363.769173019743,320.571));
#2917=CARTESIAN_POINT('Ctrl Pts',(-140.700993615109,-363.7088949038,320.571));
#2918=CARTESIAN_POINT('Ctrl Pts',(-140.671386614713,-363.650333715762,320.571));
#2919=CARTESIAN_POINT('Ctrl Pts',(-140.650538119505,-363.609096419453,320.571));
#2920=CARTESIAN_POINT('Ctrl Pts',(-140.628090049808,-363.568711010198,320.571));
#2921=CARTESIAN_POINT('Ctrl Pts',(-140.604049370215,-363.529304955026,320.571));
#2922=CARTESIAN_POINT('Ctrl Pts',(-140.596332431447,-363.516655806999,320.571));
#2923=CARTESIAN_POINT('Ctrl Pts',(-140.588450249064,-363.504105983779,320.571));
#2924=CARTESIAN_POINT('Ctrl Pts',(-140.580406332193,-363.491665264999,320.571));
#2925=CARTESIAN_POINT('Ctrl Pts',(-140.546161603934,-363.438702381276,320.571));
#2926=CARTESIAN_POINT('Ctrl Pts',(-140.509059093442,-363.387821862893,320.571));
#2927=CARTESIAN_POINT('Ctrl Pts',(-140.469132894485,-363.339337544446,320.571));
#2928=CARTESIAN_POINT('Ctrl Pts',(-140.432188305152,-363.294473939071,320.571));
#2929=CARTESIAN_POINT('Ctrl Pts',(-140.392825435975,-363.251661891098,320.571));
#2930=CARTESIAN_POINT('Ctrl Pts',(-140.351049516657,-363.211183397844,320.571));
#2931=CARTESIAN_POINT('Ctrl Pts',(-140.343409938445,-363.203781080429,320.571));
#2932=CARTESIAN_POINT('Ctrl Pts',(-140.335689612936,-363.196456900156,320.571));
#2933=CARTESIAN_POINT('Ctrl Pts',(-140.327890024909,-363.189211481447,320.571));
#2934=CARTESIAN_POINT('Origin',(-122.892055568799,-364.283091604308,310.571));
#2935=CARTESIAN_POINT('Origin',(-139.056339273478,-364.270843994938,322.116925280538));
#2936=CARTESIAN_POINT('Ctrl Pts',(-141.113230947898,-364.269360868079,320.366925280538));
#2937=CARTESIAN_POINT('Ctrl Pts',(-141.114047824783,-364.170541643841,320.361553956084));
#2938=CARTESIAN_POINT('Ctrl Pts',(-141.06258422512,-363.390892062155,320.3191298308));
#2939=CARTESIAN_POINT('Ctrl Pts',(-140.065507291458,-362.061142091244,320.239652904685));
#2940=CARTESIAN_POINT('Ctrl Pts',(-137.746804259131,-362.224951295324,320.128494502193));
#2941=CARTESIAN_POINT('Ctrl Pts',(-136.627230108957,-364.261868013648,320.0173360997));
#2942=CARTESIAN_POINT('Ctrl Pts',(-137.731764634645,-366.307080501157,319.906177697207));
#2943=CARTESIAN_POINT('Ctrl Pts',(-140.049125321305,-366.487839764664,319.795019294715));
#2944=CARTESIAN_POINT('Ctrl Pts',(-141.059539948011,-365.161162012777,319.715268489158));
#2945=CARTESIAN_POINT('Ctrl Pts',(-141.113931963499,-364.37632488051,319.672570484433));
#2946=CARTESIAN_POINT('Ctrl Pts',(-141.113044291076,-364.272436422425,319.666925280538));
#2947=CARTESIAN_POINT('Ctrl Pts',(-141.108937109497,-364.271846611686,320.425074719462));
#2948=CARTESIAN_POINT('Ctrl Pts',(-141.105436979991,-363.801574311984,320.39961087798));
#2949=CARTESIAN_POINT('Ctrl Pts',(-140.712713242856,-362.640567290581,320.337094235667));
#2950=CARTESIAN_POINT('Ctrl Pts',(-138.782794086591,-361.857206913034,320.237524792523));
#2951=CARTESIAN_POINT('Ctrl Pts',(-136.880322556985,-363.191416621155,320.12636639003));
#2952=CARTESIAN_POINT('Ctrl Pts',(-136.969462456183,-365.514285912923,320.015207987537));
#2953=CARTESIAN_POINT('Ctrl Pts',(-138.969731568561,-366.698406159959,319.904049585045));
#2954=CARTESIAN_POINT('Ctrl Pts',(-140.778876085597,-365.794853414631,319.807338495687));
#2955=CARTESIAN_POINT('Ctrl Pts',(-141.106551601686,-364.68794840373,319.747680207159));
#2956=CARTESIAN_POINT('Ctrl Pts',(-141.108691538626,-364.269689234275,319.725074719462));
#2957=CARTESIAN_POINT('Ctrl Pts',(-137.787268393625,-363.19148534189,320.571));
#2958=CARTESIAN_POINT('Ctrl Pts',(-137.428289720575,-363.613559486726,320.533947199169));
#2959=CARTESIAN_POINT('Ctrl Pts',(-137.172361278159,-364.838498652192,320.459841597508));
#2960=CARTESIAN_POINT('Ctrl Pts',(-138.511746993888,-366.164700726811,320.348683195015));
#2961=CARTESIAN_POINT('Ctrl Pts',(-140.351870332831,-365.754282376668,320.237524792523));
#2962=CARTESIAN_POINT('Ctrl Pts',(-141.005273122444,-363.987159344862,320.12636639003));
#2963=CARTESIAN_POINT('Ctrl Pts',(-139.874576975366,-362.479208335342,320.015207987538));
#2964=CARTESIAN_POINT('Ctrl Pts',(-137.994562739154,-362.612025531594,319.904049585045));
#2965=CARTESIAN_POINT('Ctrl Pts',(-137.086807277814,-364.263566231303,319.792891182552));
#2966=CARTESIAN_POINT('Ctrl Pts',(-137.982368547942,-365.921833175792,319.68173278006));
#2967=CARTESIAN_POINT('Ctrl Pts',(-139.861294404604,-366.068393551996,319.570574377568));
#2968=CARTESIAN_POINT('Ctrl Pts',(-141.0031806733,-364.569093098673,319.459415975075));
#2969=CARTESIAN_POINT('Ctrl Pts',(-140.362501581343,-362.796703964195,319.348257572582));
#2970=CARTESIAN_POINT('Ctrl Pts',(-138.525871930847,-362.374070639457,319.23709917009));
#2971=CARTESIAN_POINT('Ctrl Pts',(-137.174949786117,-363.688161139696,319.125940767597));
#2972=CARTESIAN_POINT('Ctrl Pts',(-137.546666587399,-365.535768687123,319.014782365105));
#2973=CARTESIAN_POINT('Ctrl Pts',(-139.300671120357,-366.225184719303,318.903623962613));
#2974=CARTESIAN_POINT('Ctrl Pts',(-140.83096029325,-365.125165985587,318.79246556012));
#2975=CARTESIAN_POINT('Ctrl Pts',(-140.736369699953,-363.24291227644,318.681307157627));
#2976=CARTESIAN_POINT('Ctrl Pts',(-139.10350841066,-362.301854180544,318.570148755135));
#2977=CARTESIAN_POINT('Ctrl Pts',(-137.42745808699,-363.163643963685,318.458990352643));
#2978=CARTESIAN_POINT('Ctrl Pts',(-137.242845140701,-365.039209051755,318.34783195015));
#2979=CARTESIAN_POINT('Ctrl Pts',(-138.718705015864,-366.211243163952,318.236673547658));
#2980=CARTESIAN_POINT('Ctrl Pts',(-140.503709815712,-365.606607574996,318.125515145165));
#2981=CARTESIAN_POINT('Ctrl Pts',(-140.963472144378,-363.778919162322,318.014356742673));
#2982=CARTESIAN_POINT('Ctrl Pts',(-139.677024083015,-362.401647323792,317.90319834018));
#2983=CARTESIAN_POINT('Ctrl Pts',(-137.822264143542,-362.735850704397,317.792039937688));
#2984=CARTESIAN_POINT('Ctrl Pts',(-137.097448974942,-364.475525760917,317.680881535195));
#2985=CARTESIAN_POINT('Ctrl Pts',(-138.166234368961,-366.027789950029,317.569723132703));
#2986=CARTESIAN_POINT('Ctrl Pts',(-140.050018267055,-365.971358001533,317.45856473021));
#2987=CARTESIAN_POINT('Ctrl Pts',(-141.023969075365,-364.357900180333,317.347406327718));
#2988=CARTESIAN_POINT('Ctrl Pts',(-140.196317260625,-362.66473190651,317.236247925225));
#2989=CARTESIAN_POINT('Ctrl Pts',(-138.324877945679,-362.442153164464,317.125089522733));
#2990=CARTESIAN_POINT('Ctrl Pts',(-137.123179838106,-363.893961631672,317.01393112024));
#2991=CARTESIAN_POINT('Ctrl Pts',(-137.691522465586,-365.690851451569,316.902772717748));
#2992=CARTESIAN_POINT('Ctrl Pts',(-139.509519908149,-366.187552899625,316.791614315255));
#2993=CARTESIAN_POINT('Ctrl Pts',(-140.912575204149,-364.929276173182,316.680455912763));
#2994=CARTESIAN_POINT('Ctrl Pts',(-140.616023620497,-363.068124766527,316.56929751027));
#2995=CARTESIAN_POINT('Ctrl Pts',(-138.891389997229,-362.308209107802,316.458139107778));
#2996=CARTESIAN_POINT('Ctrl Pts',(-137.317793159901,-363.345320043779,316.346980705285));
#2997=CARTESIAN_POINT('Ctrl Pts',(-137.336031998315,-365.229864992428,316.235822302793));
#2998=CARTESIAN_POINT('Ctrl Pts',(-138.929447430339,-366.236297557842,316.1246639003));
#2999=CARTESIAN_POINT('Ctrl Pts',(-140.638983356793,-365.443143363154,316.013505497808));
#3000=CARTESIAN_POINT('Ctrl Pts',(-140.899547382748,-363.576542086942,315.902347095315));
#3001=CARTESIAN_POINT('Ctrl Pts',(-139.472114760891,-362.345759354617,315.791188692822));
#3002=CARTESIAN_POINT('Ctrl Pts',(-137.664589915319,-362.877278825238,315.68003029033));
#3003=CARTESIAN_POINT('Ctrl Pts',(-137.129786580411,-364.685173323716,315.568871887838));
#3004=CARTESIAN_POINT('Ctrl Pts',(-138.361677689669,-366.111781305312,315.457713485345));
#3005=CARTESIAN_POINT('Ctrl Pts',(-139.601204298672,-365.939882752955,315.383607883683));
#3006=CARTESIAN_POINT('Ctrl Pts',(-140.046749668828,-365.610486950648,315.346555082853));
#3007=CARTESIAN_POINT('Ctrl Pts',(-137.688558648819,-363.107531625129,320.645814972382));
#3008=CARTESIAN_POINT('Ctrl Pts',(-137.301658215234,-363.562435166485,320.608762171552));
#3009=CARTESIAN_POINT('Ctrl Pts',(-137.025823373862,-364.882651462918,320.53465656989));
#3010=CARTESIAN_POINT('Ctrl Pts',(-138.469388000553,-366.312007010228,320.423498167397));
#3011=CARTESIAN_POINT('Ctrl Pts',(-140.452638179835,-365.869665864242,320.312339764905));
#3012=CARTESIAN_POINT('Ctrl Pts',(-141.156863365298,-363.965094037196,320.201181362413));
#3013=CARTESIAN_POINT('Ctrl Pts',(-139.938220414063,-362.339852920643,320.09002295992));
#3014=CARTESIAN_POINT('Ctrl Pts',(-137.911976579147,-362.483000786171,319.978864557428));
#3015=CARTESIAN_POINT('Ctrl Pts',(-136.933614888195,-364.263000158751,319.867706154935));
#3016=CARTESIAN_POINT('Ctrl Pts',(-137.898833910176,-366.050248950914,319.756547752442));
#3017=CARTESIAN_POINT('Ctrl Pts',(-139.923904710171,-366.208208956219,319.64538934995));
#3018=CARTESIAN_POINT('Ctrl Pts',(-141.154608163132,-364.592291245747,319.534230947458));
#3019=CARTESIAN_POINT('Ctrl Pts',(-140.464096338682,-362.682043712705,319.423072544965));
#3020=CARTESIAN_POINT('Ctrl Pts',(-138.484611590821,-362.226537497811,319.311914142473));
#3021=CARTESIAN_POINT('Ctrl Pts',(-137.028613218848,-363.642839419012,319.20075573998));
#3022=CARTESIAN_POINT('Ctrl Pts',(-137.429242566448,-365.63415593684,319.089597337488));
#3023=CARTESIAN_POINT('Ctrl Pts',(-139.319675523213,-366.377195514941,318.978438934995));
#3024=CARTESIAN_POINT('Ctrl Pts',(-140.968992290336,-365.191616100406,318.867280532503));
#3025=CARTESIAN_POINT('Ctrl Pts',(-140.867044335465,-363.162958603858,318.75612213001));
#3026=CARTESIAN_POINT('Ctrl Pts',(-139.107177278624,-362.148703962388,318.644963727518));
#3027=CARTESIAN_POINT('Ctrl Pts',(-137.300761896265,-363.077524713555,318.533805325025));
#3028=CARTESIAN_POINT('Ctrl Pts',(-137.101789549642,-365.098973340638,318.422646922533));
#3029=CARTESIAN_POINT('Ctrl Pts',(-138.692443447707,-366.362169569905,318.31148852004));
#3030=CARTESIAN_POINT('Ctrl Pts',(-140.616287906607,-365.710504752216,318.200330117548));
#3031=CARTESIAN_POINT('Ctrl Pts',(-141.111811060657,-363.740656701602,318.089171715055));
#3032=CARTESIAN_POINT('Ctrl Pts',(-139.725301637979,-362.256259127332,317.978013312563));
#3033=CARTESIAN_POINT('Ctrl Pts',(-137.726276407095,-362.616457218663,317.86685491007));
#3034=CARTESIAN_POINT('Ctrl Pts',(-136.945084308364,-364.491446136372,317.755696507578));
#3035=CARTESIAN_POINT('Ctrl Pts',(-138.097001019295,-366.164447160921,317.644538105085));
#3036=CARTESIAN_POINT('Ctrl Pts',(-140.127307724588,-366.103625872694,317.533379702593));
#3037=CARTESIAN_POINT('Ctrl Pts',(-141.177013510235,-364.364671507278,317.4222213001));
#3038=CARTESIAN_POINT('Ctrl Pts',(-140.284986016628,-362.539806721561,317.311062897608));
#3039=CARTESIAN_POINT('Ctrl Pts',(-138.267984069893,-362.299915557352,317.199904495115));
#3040=CARTESIAN_POINT('Ctrl Pts',(-136.972816546689,-363.864647302196,317.088746092623));
#3041=CARTESIAN_POINT('Ctrl Pts',(-137.585365495985,-365.801301211226,316.97758769013));
#3042=CARTESIAN_POINT('Ctrl Pts',(-139.544768802052,-366.336636650465,316.866429287638));
#3043=CARTESIAN_POINT('Ctrl Pts',(-141.056955299797,-364.980489760476,316.755270885145));
#3044=CARTESIAN_POINT('Ctrl Pts',(-140.737337604071,-362.974575926982,316.644112482653));
#3045=CARTESIAN_POINT('Ctrl Pts',(-138.878560059025,-362.155553182957,316.53295408016));
#3046=CARTESIAN_POINT('Ctrl Pts',(-137.18256710915,-363.273331761264,316.421795677668));
#3047=CARTESIAN_POINT('Ctrl Pts',(-137.202224584705,-365.304458712471,316.310637275175));
#3048=CARTESIAN_POINT('Ctrl Pts',(-138.919577641619,-366.389172722424,316.199478872683));
#3049=CARTESIAN_POINT('Ctrl Pts',(-140.762083174198,-365.534326112132,316.08832047019));
#3050=CARTESIAN_POINT('Ctrl Pts',(-141.042914159955,-363.522538512165,315.977162067698));
#3051=CARTESIAN_POINT('Ctrl Pts',(-139.50445424083,-362.196024129743,315.866003665205));
#3052=CARTESIAN_POINT('Ctrl Pts',(-137.556338101997,-362.768885776074,315.754845262713));
#3053=CARTESIAN_POINT('Ctrl Pts',(-136.97993716876,-364.717400319827,315.64368686022));
#3054=CARTESIAN_POINT('Ctrl Pts',(-138.307646138908,-366.254971457254,315.532528457728));
#3055=CARTESIAN_POINT('Ctrl Pts',(-139.643584506464,-366.069702444268,315.458422856066));
#3056=CARTESIAN_POINT('Ctrl Pts',(-140.123784891155,-365.714685870022,315.421370055235));
#3057=CARTESIAN_POINT('Ctrl Pts',(-137.589848904012,-363.023577908368,320.720629944765));
#3058=CARTESIAN_POINT('Ctrl Pts',(-137.175026709894,-363.511310846243,320.683577143934));
#3059=CARTESIAN_POINT('Ctrl Pts',(-136.879285469564,-364.926804273644,320.609471542273));
#3060=CARTESIAN_POINT('Ctrl Pts',(-138.427029007218,-366.459313293644,320.49831313978));
#3061=CARTESIAN_POINT('Ctrl Pts',(-140.553406026838,-365.985049351817,320.387154737288));
#3062=CARTESIAN_POINT('Ctrl Pts',(-141.308453608152,-363.94302872953,320.275996334795));
#3063=CARTESIAN_POINT('Ctrl Pts',(-140.001863852761,-362.200497505944,320.164837932303));
#3064=CARTESIAN_POINT('Ctrl Pts',(-137.829390419139,-362.353976040748,320.05367952981));
#3065=CARTESIAN_POINT('Ctrl Pts',(-136.780422498576,-364.2624340862,319.942521127317));
#3066=CARTESIAN_POINT('Ctrl Pts',(-137.81529927241,-366.178664726035,319.831362724825));
#3067=CARTESIAN_POINT('Ctrl Pts',(-139.986515015738,-366.348024360441,319.720204322333));
#3068=CARTESIAN_POINT('Ctrl Pts',(-141.306035652964,-364.615489392821,319.60904591984));
#3069=CARTESIAN_POINT('Ctrl Pts',(-140.565691096022,-362.567383461214,319.497887517348));
#3070=CARTESIAN_POINT('Ctrl Pts',(-138.443351250796,-362.079004356166,319.386729114855));
#3071=CARTESIAN_POINT('Ctrl Pts',(-136.882276651578,-363.597517698329,319.275570712362));
#3072=CARTESIAN_POINT('Ctrl Pts',(-137.311818545497,-365.732543186558,319.16441230987));
#3073=CARTESIAN_POINT('Ctrl Pts',(-139.338679926068,-366.529206310579,319.053253907378));
#3074=CARTESIAN_POINT('Ctrl Pts',(-141.107024287423,-365.258066215225,318.942095504885));
#3075=CARTESIAN_POINT('Ctrl Pts',(-140.997718970978,-363.083004931276,318.830937102393));
#3076=CARTESIAN_POINT('Ctrl Pts',(-139.110846146587,-361.995553744232,318.7197786999));
#3077=CARTESIAN_POINT('Ctrl Pts',(-137.174065705539,-362.991405463425,318.608620297407));
#3078=CARTESIAN_POINT('Ctrl Pts',(-136.960733958582,-365.158737629522,318.497461894915));
#3079=CARTESIAN_POINT('Ctrl Pts',(-138.66618187955,-366.513095975858,318.386303492423));
#3080=CARTESIAN_POINT('Ctrl Pts',(-140.728865997502,-365.814401929436,318.27514508993));
#3081=CARTESIAN_POINT('Ctrl Pts',(-141.260149976936,-363.702394240881,318.163986687438));
#3082=CARTESIAN_POINT('Ctrl Pts',(-139.773579192942,-362.110870930871,318.052828284945));
#3083=CARTESIAN_POINT('Ctrl Pts',(-137.630288670647,-362.497063732929,317.941669882453));
#3084=CARTESIAN_POINT('Ctrl Pts',(-136.792719641786,-364.507366511828,317.83051147996));
#3085=CARTESIAN_POINT('Ctrl Pts',(-138.027767669629,-366.301104371814,317.719353077467));
#3086=CARTESIAN_POINT('Ctrl Pts',(-140.204597182122,-366.235893743855,317.608194674975));
#3087=CARTESIAN_POINT('Ctrl Pts',(-141.330057945106,-364.371442834223,317.497036272482));
#3088=CARTESIAN_POINT('Ctrl Pts',(-140.373654772631,-362.414881536612,317.38587786999));
#3089=CARTESIAN_POINT('Ctrl Pts',(-138.211090194106,-362.15767795024,317.274719467497));
#3090=CARTESIAN_POINT('Ctrl Pts',(-136.822453255272,-363.83533297272,317.163561065005));
#3091=CARTESIAN_POINT('Ctrl Pts',(-137.479208526383,-365.911750970883,317.052402662513));
#3092=CARTESIAN_POINT('Ctrl Pts',(-139.580017695956,-366.485720401304,316.94124426002));
#3093=CARTESIAN_POINT('Ctrl Pts',(-141.201335395445,-365.031703347769,316.830085857528));
#3094=CARTESIAN_POINT('Ctrl Pts',(-140.858651587645,-362.881027087438,316.718927455035));
#3095=CARTESIAN_POINT('Ctrl Pts',(-138.865730120821,-362.002897258113,316.607769052542));
#3096=CARTESIAN_POINT('Ctrl Pts',(-137.047341058399,-363.201343478748,316.49661065005));
#3097=CARTESIAN_POINT('Ctrl Pts',(-137.068417171096,-365.379052432514,316.385452247557));
#3098=CARTESIAN_POINT('Ctrl Pts',(-138.9097078529,-366.542047887006,316.274293845065));
#3099=CARTESIAN_POINT('Ctrl Pts',(-140.885182991603,-365.625508861111,316.163135442573));
#3100=CARTESIAN_POINT('Ctrl Pts',(-141.186280937161,-363.468534937388,316.05197704008));
#3101=CARTESIAN_POINT('Ctrl Pts',(-139.536793720768,-362.046288904868,315.940818637588));
#3102=CARTESIAN_POINT('Ctrl Pts',(-137.448086288675,-362.66049272691,315.829660235095));
#3103=CARTESIAN_POINT('Ctrl Pts',(-136.83008775711,-364.749627315938,315.718501832603));
#3104=CARTESIAN_POINT('Ctrl Pts',(-138.253614588146,-366.398161609197,315.60734343011));
#3105=CARTESIAN_POINT('Ctrl Pts',(-139.685964714256,-366.19952213558,315.533237828448));
#3106=CARTESIAN_POINT('Ctrl Pts',(-140.200820113482,-365.818884789396,315.496185027618));
#3107=CARTESIAN_POINT('Ctrl Pts',(-137.491139159206,-362.939624191606,320.795444917148));
#3108=CARTESIAN_POINT('Ctrl Pts',(-137.048395204553,-363.460186526002,320.758392116317));
#3109=CARTESIAN_POINT('Ctrl Pts',(-136.732747565266,-364.970957084369,320.684286514655));
#3110=CARTESIAN_POINT('Ctrl Pts',(-138.384670013882,-366.606619577061,320.573128112162));
#3111=CARTESIAN_POINT('Ctrl Pts',(-140.654173873842,-366.100432839391,320.46196970967));
#3112=CARTESIAN_POINT('Ctrl Pts',(-141.460043851006,-363.920963421863,320.350811307177));
#3113=CARTESIAN_POINT('Ctrl Pts',(-140.065507291458,-362.061142091244,320.239652904685));
#3114=CARTESIAN_POINT('Ctrl Pts',(-137.746804259131,-362.224951295324,320.128494502193));
#3115=CARTESIAN_POINT('Ctrl Pts',(-136.627230108957,-364.261868013648,320.0173360997));
#3116=CARTESIAN_POINT('Ctrl Pts',(-137.731764634645,-366.307080501157,319.906177697207));
#3117=CARTESIAN_POINT('Ctrl Pts',(-140.049125321305,-366.487839764664,319.795019294715));
#3118=CARTESIAN_POINT('Ctrl Pts',(-141.457463142796,-364.638687539895,319.683860892222));
#3119=CARTESIAN_POINT('Ctrl Pts',(-140.667285853361,-362.452723209723,319.57270248973));
#3120=CARTESIAN_POINT('Ctrl Pts',(-138.40209091077,-361.931471214521,319.461544087237));
#3121=CARTESIAN_POINT('Ctrl Pts',(-136.735940084309,-363.552195977646,319.350385684745));
#3122=CARTESIAN_POINT('Ctrl Pts',(-137.194394524546,-365.830930436275,319.239227282253));
#3123=CARTESIAN_POINT('Ctrl Pts',(-139.357684328924,-366.681217106216,319.12806887976));
#3124=CARTESIAN_POINT('Ctrl Pts',(-141.245056284509,-365.324516330043,319.016910477268));
#3125=CARTESIAN_POINT('Ctrl Pts',(-141.12839360649,-363.003051258694,318.905752074775));
#3126=CARTESIAN_POINT('Ctrl Pts',(-139.11451501455,-361.842403526075,318.794593672283));
#3127=CARTESIAN_POINT('Ctrl Pts',(-137.047369514813,-362.905286213295,318.68343526979));
#3128=CARTESIAN_POINT('Ctrl Pts',(-136.819678367522,-365.218501918405,318.572276867297));
#3129=CARTESIAN_POINT('Ctrl Pts',(-138.639920311393,-366.664022381811,318.461118464805));
#3130=CARTESIAN_POINT('Ctrl Pts',(-140.841444088397,-365.918299106657,318.349960062313));
#3131=CARTESIAN_POINT('Ctrl Pts',(-141.408488893215,-363.664131780161,318.23880165982));
#3132=CARTESIAN_POINT('Ctrl Pts',(-139.821856747906,-361.965482734411,318.127643257327));
#3133=CARTESIAN_POINT('Ctrl Pts',(-137.5343009342,-362.377670247195,318.016484854835));
#3134=CARTESIAN_POINT('Ctrl Pts',(-136.640354975209,-364.523286887283,317.905326452342));
#3135=CARTESIAN_POINT('Ctrl Pts',(-137.958534319963,-366.437761582706,317.79416804985));
#3136=CARTESIAN_POINT('Ctrl Pts',(-140.281886639655,-366.368161615017,317.683009647357));
#3137=CARTESIAN_POINT('Ctrl Pts',(-141.483102379977,-364.378214161168,317.571851244865));
#3138=CARTESIAN_POINT('Ctrl Pts',(-140.462323528635,-362.289956351663,317.460692842373));
#3139=CARTESIAN_POINT('Ctrl Pts',(-138.154196318319,-362.015440343128,317.34953443988));
#3140=CARTESIAN_POINT('Ctrl Pts',(-136.672089963855,-363.806018643245,317.238376037388));
#3141=CARTESIAN_POINT('Ctrl Pts',(-137.373051556782,-366.02220073054,317.127217634895));
#3142=CARTESIAN_POINT('Ctrl Pts',(-139.615266589859,-366.634804152144,317.016059232403));
#3143=CARTESIAN_POINT('Ctrl Pts',(-141.345715491093,-365.082916935063,316.90490082991));
#3144=CARTESIAN_POINT('Ctrl Pts',(-140.979965571219,-362.787478247893,316.793742427418));
#3145=CARTESIAN_POINT('Ctrl Pts',(-138.852900182618,-361.850241333268,316.682584024925));
#3146=CARTESIAN_POINT('Ctrl Pts',(-136.912115007648,-363.129355196233,316.571425622433));
#3147=CARTESIAN_POINT('Ctrl Pts',(-136.934609757487,-365.453646152557,316.46026721994));
#3148=CARTESIAN_POINT('Ctrl Pts',(-138.89983806418,-366.694923051588,316.349108817448));
#3149=CARTESIAN_POINT('Ctrl Pts',(-141.008282809007,-365.716691610089,316.237950414955));
#3150=CARTESIAN_POINT('Ctrl Pts',(-141.329647714368,-363.414531362612,316.126792012462));
#3151=CARTESIAN_POINT('Ctrl Pts',(-139.569133200706,-361.896553679993,316.01563360997));
#3152=CARTESIAN_POINT('Ctrl Pts',(-137.339834475353,-362.552099677747,315.904475207478));
#3153=CARTESIAN_POINT('Ctrl Pts',(-136.680238345459,-364.781854312049,315.793316804985));
#3154=CARTESIAN_POINT('Ctrl Pts',(-138.199583037385,-366.541351761139,315.682158402493));
#3155=CARTESIAN_POINT('Ctrl Pts',(-139.728344922048,-366.329341826893,315.608052800831));
#3156=CARTESIAN_POINT('Ctrl Pts',(-140.27785533581,-365.923083708771,315.571));
#3157=CARTESIAN_POINT('Ctrl Pts',(-140.27785533581,-365.923083708771,315.571));
#3158=CARTESIAN_POINT('Ctrl Pts',(-140.215210842062,-365.960889462486,315.571));
#3159=CARTESIAN_POINT('Ctrl Pts',(-140.150580576012,-365.99493388209,315.571));
#3160=CARTESIAN_POINT('Ctrl Pts',(-140.084313419236,-366.02525458394,315.571));
#3161=CARTESIAN_POINT('Ctrl Pts',(-140.016159917188,-366.056438387743,315.571));
#3162=CARTESIAN_POINT('Ctrl Pts',(-139.946273986716,-366.083683633995,315.571));
#3163=CARTESIAN_POINT('Ctrl Pts',(-139.875019626891,-366.106978945869,315.571));
#3164=CARTESIAN_POINT('Ctrl Pts',(-139.814784786442,-366.126671627094,315.571));
#3165=CARTESIAN_POINT('Ctrl Pts',(-139.75357142743,-366.143540704478,315.571));
#3166=CARTESIAN_POINT('Ctrl Pts',(-139.691599517224,-366.157550245766,315.571));
#3167=CARTESIAN_POINT('Ctrl Pts',(-139.664056721343,-366.163776646321,315.571));
#3168=CARTESIAN_POINT('Ctrl Pts',(-139.636364140406,-366.169437862324,315.571));
#3169=CARTESIAN_POINT('Ctrl Pts',(-139.608541489199,-366.17452907091,315.571));
#3170=CARTESIAN_POINT('Ctrl Pts',(-139.593290000804,-366.177319908782,315.571));
#3171=CARTESIAN_POINT('Ctrl Pts',(-139.577999433699,-366.179939448232,315.571));
#3172=CARTESIAN_POINT('Ctrl Pts',(-139.562673086252,-366.182386764805,315.571));
#3173=CARTESIAN_POINT('Ctrl Pts',(-139.548484817269,-366.184652352608,315.571));
#3174=CARTESIAN_POINT('Ctrl Pts',(-139.534263744677,-366.186770528359,315.571));
#3175=CARTESIAN_POINT('Ctrl Pts',(-139.520034626109,-366.188737767287,315.571));
#3176=CARTESIAN_POINT('Ctrl Pts',(-139.447482516585,-366.19876841911,315.571));
#3177=CARTESIAN_POINT('Ctrl Pts',(-139.374596825959,-366.20490049294,315.571));
#3178=CARTESIAN_POINT('Ctrl Pts',(-139.301718657286,-366.207126872632,315.571));
#3179=CARTESIAN_POINT('Ctrl Pts',(-139.229391892856,-366.20933640729,315.571));
#3180=CARTESIAN_POINT('Ctrl Pts',(-139.157071524099,-366.207698969644,315.571));
#3181=CARTESIAN_POINT('Ctrl Pts',(-139.085099963228,-366.202157459507,315.571));
#3182=CARTESIAN_POINT('Ctrl Pts',(-139.025267423176,-366.197550603366,315.571));
#3183=CARTESIAN_POINT('Ctrl Pts',(-138.965675840729,-366.190244656855,315.571));
#3184=CARTESIAN_POINT('Ctrl Pts',(-138.906534163066,-366.180181184906,315.571));
#3185=CARTESIAN_POINT('Ctrl Pts',(-138.881885040398,-366.175986921836,315.571));
#3186=CARTESIAN_POINT('Ctrl Pts',(-138.857314239654,-366.171313383988,315.571));
#3187=CARTESIAN_POINT('Ctrl Pts',(-138.83283772218,-366.166155169375,315.571));
#3188=CARTESIAN_POINT('Ctrl Pts',(-138.821500852759,-366.163766022081,315.571));
#3189=CARTESIAN_POINT('Ctrl Pts',(-138.810184217654,-366.161272887711,315.571));
#3190=CARTESIAN_POINT('Ctrl Pts',(-138.798889445203,-366.158675179941,315.571));
#3191=CARTESIAN_POINT('Ctrl Pts',(-138.787107836388,-366.155965503681,315.571));
#3192=CARTESIAN_POINT('Ctrl Pts',(-138.775358107792,-366.153143876534,315.571));
#3193=CARTESIAN_POINT('Ctrl Pts',(-138.763646283201,-366.150211219393,315.571));
#3194=CARTESIAN_POINT('Ctrl Pts',(-138.696914370556,-366.133501455803,315.571));
#3195=CARTESIAN_POINT('Ctrl Pts',(-138.631365086449,-366.113180149607,315.571));
#3196=CARTESIAN_POINT('Ctrl Pts',(-138.567299461871,-366.08920187115,315.571));
#3197=CARTESIAN_POINT('Ctrl Pts',(-138.509143864601,-366.067435578939,315.571));
#3198=CARTESIAN_POINT('Ctrl Pts',(-138.45221054193,-366.042655282633,315.571));
#3199=CARTESIAN_POINT('Ctrl Pts',(-138.396743987127,-366.014795139409,315.571));
#3200=CARTESIAN_POINT('Ctrl Pts',(-138.331225475564,-365.981886026477,315.571));
#3201=CARTESIAN_POINT('Ctrl Pts',(-138.267751986613,-365.944679137102,315.571));
#3202=CARTESIAN_POINT('Ctrl Pts',(-138.206606128501,-365.903495539409,315.571));
#3203=CARTESIAN_POINT('Ctrl Pts',(-138.193121642211,-365.894413327209,315.571));
#3204=CARTESIAN_POINT('Ctrl Pts',(-138.179750561202,-365.885137589834,315.571));
#3205=CARTESIAN_POINT('Ctrl Pts',(-138.166496278164,-365.875671583653,315.571));
#3206=CARTESIAN_POINT('Ctrl Pts',(-138.152998242225,-365.866031492878,315.571));
#3207=CARTESIAN_POINT('Ctrl Pts',(-138.139616690467,-365.856190372897,315.571));
#3208=CARTESIAN_POINT('Ctrl Pts',(-138.126381617972,-365.846172025931,315.571));
#3209=CARTESIAN_POINT('Ctrl Pts',(-138.071713647524,-365.804790862658,315.571));
#3210=CARTESIAN_POINT('Ctrl Pts',(-138.019468308362,-365.76033997912,315.571));
#3211=CARTESIAN_POINT('Ctrl Pts',(-137.969833464301,-365.713123169078,315.571));
#3212=CARTESIAN_POINT('Ctrl Pts',(-137.920206622206,-365.665913971173,315.571));
#3213=CARTESIAN_POINT('Ctrl Pts',(-137.873188881866,-365.615938719522,315.571));
#3214=CARTESIAN_POINT('Ctrl Pts',(-137.829010731646,-365.56347168226,315.571));
#3215=CARTESIAN_POINT('Ctrl Pts',(-137.796958158303,-365.5254052727,315.571));
#3216=CARTESIAN_POINT('Ctrl Pts',(-137.766401188554,-365.486026545509,315.571));
#3217=CARTESIAN_POINT('Ctrl Pts',(-137.737444400517,-365.44543510908,315.571));
#3218=CARTESIAN_POINT('Ctrl Pts',(-137.725385873913,-365.428531545209,315.571));
#3219=CARTESIAN_POINT('Ctrl Pts',(-137.7136050213,-365.41141764829,315.571));
#3220=CARTESIAN_POINT('Ctrl Pts',(-137.702110184405,-365.394100532297,315.571));
#3221=CARTESIAN_POINT('Ctrl Pts',(-137.693350140032,-365.380903415549,315.571));
#3222=CARTESIAN_POINT('Ctrl Pts',(-137.684756215523,-365.367588273584,315.571));
#3223=CARTESIAN_POINT('Ctrl Pts',(-137.67633229451,-365.354158256123,315.571));
#3224=CARTESIAN_POINT('Ctrl Pts',(-137.669450421258,-365.343186681508,315.571));
#3225=CARTESIAN_POINT('Ctrl Pts',(-137.662686564871,-365.332145654834,315.571));
#3226=CARTESIAN_POINT('Ctrl Pts',(-137.656044084504,-365.321040027569,315.571));
#3227=CARTESIAN_POINT('Ctrl Pts',(-137.622242480177,-365.264526797885,315.571));
#3228=CARTESIAN_POINT('Ctrl Pts',(-137.591564607128,-365.206317040925,315.571));
#3229=CARTESIAN_POINT('Ctrl Pts',(-137.564239288739,-365.146657051873,315.571));
#3230=CARTESIAN_POINT('Ctrl Pts',(-137.544997496215,-365.104646008672,315.571));
#3231=CARTESIAN_POINT('Ctrl Pts',(-137.527419054107,-365.061915510687,315.571));
#3232=CARTESIAN_POINT('Ctrl Pts',(-137.511599277801,-365.018550477453,315.571));
#3233=CARTESIAN_POINT('Ctrl Pts',(-137.506521208008,-365.004630516699,315.571));
#3234=CARTESIAN_POINT('Ctrl Pts',(-137.501623821189,-364.99064329129,315.571));
#3235=CARTESIAN_POINT('Ctrl Pts',(-137.496912575462,-364.976597642265,315.571));
#3236=CARTESIAN_POINT('Ctrl Pts',(-137.476855763615,-364.916802217425,315.571));
#3237=CARTESIAN_POINT('Ctrl Pts',(-137.460208808588,-364.856070822034,315.571));
#3238=CARTESIAN_POINT('Ctrl Pts',(-137.447195819047,-364.794625784366,315.571));
#3239=CARTESIAN_POINT('Ctrl Pts',(-137.435154613259,-364.737769337899,315.571));
#3240=CARTESIAN_POINT('Ctrl Pts',(-137.42622515274,-364.680301329208,315.571));
#3241=CARTESIAN_POINT('Ctrl Pts',(-137.420624651251,-364.622401669536,315.571));
#3242=CARTESIAN_POINT('Ctrl Pts',(-137.419600485465,-364.611813537284,315.571));
#3243=CARTESIAN_POINT('Ctrl Pts',(-137.418687754874,-364.601210991964,315.571));
#3244=CARTESIAN_POINT('Ctrl Pts',(-137.417886021926,-364.590595583747,315.571));
#3245=CARTESIAN_POINT('Ctrl Pts',(-140.723924410024,-364.272135141887,319.44248036339));
#3246=CARTESIAN_POINT('Ctrl Pts',(-140.724644138584,-364.356368343576,319.448125567285));
#3247=CARTESIAN_POINT('Ctrl Pts',(-140.718813404824,-364.440501581185,319.45377077118));
#3248=CARTESIAN_POINT('Ctrl Pts',(-140.706086446524,-364.52357831848,319.459415975075));
#3249=CARTESIAN_POINT('Ctrl Pts',(-140.622551917068,-365.068859916447,319.496468775906));
#3250=CARTESIAN_POINT('Ctrl Pts',(-140.241923160836,-365.568626734221,319.533521576737));
#3251=CARTESIAN_POINT('Ctrl Pts',(-139.738454473276,-365.794083413741,319.570574377568));
#3252=CARTESIAN_POINT('Ctrl Pts',(-139.234985785716,-366.019540093261,319.607627178398));
#3253=CARTESIAN_POINT('Ctrl Pts',(-138.608677166829,-365.970686634527,319.644679979229));
#3254=CARTESIAN_POINT('Ctrl Pts',(-138.146262645697,-365.669882081078,319.68173278006));
#3255=CARTESIAN_POINT('Ctrl Pts',(-137.683848124566,-365.369077527629,319.718785580891));
#3256=CARTESIAN_POINT('Ctrl Pts',(-137.38532770119,-364.816321879466,319.755838381722));
#3257=CARTESIAN_POINT('Ctrl Pts',(-137.387360066392,-364.2646872721,319.792891182552));
#3258=CARTESIAN_POINT('Ctrl Pts',(-137.389392431594,-363.713052664733,319.829943983383));
#3259=CARTESIAN_POINT('Ctrl Pts',(-137.691977585374,-363.162539098164,319.866996784214));
#3260=CARTESIAN_POINT('Ctrl Pts',(-138.1566058683,-362.865146115504,319.904049585045));
#3261=CARTESIAN_POINT('Ctrl Pts',(-138.621234151225,-362.567753132843,319.941102385876));
#3262=CARTESIAN_POINT('Ctrl Pts',(-139.247905563296,-362.523480734093,319.978155186707));
#3263=CARTESIAN_POINT('Ctrl Pts',(-139.749690627177,-362.752669702971,320.015207987538));
#3264=CARTESIAN_POINT('Ctrl Pts',(-140.251475691059,-362.981858671849,320.052260788368));
#3265=CARTESIAN_POINT('Ctrl Pts',(-140.628374406751,-363.484509008356,320.089313589199));
#3266=CARTESIAN_POINT('Ctrl Pts',(-140.707923299662,-364.03035468191,320.12636639003));
#3267=CARTESIAN_POINT('Ctrl Pts',(-140.71945503017,-364.109482687038,320.131737714484));
#3268=CARTESIAN_POINT('Ctrl Pts',(-140.724738079403,-364.189518423979,320.137109038937));
#3269=CARTESIAN_POINT('Ctrl Pts',(-140.724075752166,-364.269641469401,320.14248036339));
#3270=CARTESIAN_POINT('Ctrl Pts',(-139.586509490666,-366.25601832061,320.571));
#3271=CARTESIAN_POINT('Ctrl Pts',(-140.246749016417,-366.079691572759,320.533947199169));
#3272=CARTESIAN_POINT('Ctrl Pts',(-141.365672495862,-365.016643360147,320.459841597508));
#3273=CARTESIAN_POINT('Ctrl Pts',(-140.937337926307,-362.731743170287,320.348683195015));
#3274=CARTESIAN_POINT('Ctrl Pts',(-138.782794086591,-361.857206913034,320.237524792523));
#3275=CARTESIAN_POINT('Ctrl Pts',(-136.880322556985,-363.191416621155,320.12636639003));
#3276=CARTESIAN_POINT('Ctrl Pts',(-136.969462456183,-365.514285912923,320.015207987537));
#3277=CARTESIAN_POINT('Ctrl Pts',(-138.969731568561,-366.698406159959,319.904049585045));
#3278=CARTESIAN_POINT('Ctrl Pts',(-141.049137515964,-365.659875000765,319.792891182552));
#3279=CARTESIAN_POINT('Ctrl Pts',(-141.303967966822,-363.349474139293,319.68173278006));
#3280=CARTESIAN_POINT('Ctrl Pts',(-139.500789359112,-361.882715318933,319.570574377567));
#3281=CARTESIAN_POINT('Ctrl Pts',(-137.290678093791,-362.602567824949,319.459415975075));
#3282=CARTESIAN_POINT('Ctrl Pts',(-136.697235838943,-364.84993218278,319.348257572582));
#3283=CARTESIAN_POINT('Ctrl Pts',(-138.263840735031,-366.567069607496,319.23709917009));
#3284=CARTESIAN_POINT('Ctrl Pts',(-140.556072275005,-366.181736028859,319.125940767598));
#3285=CARTESIAN_POINT('Ctrl Pts',(-141.475117845977,-364.046749726684,319.014782365105));
#3286=CARTESIAN_POINT('Ctrl Pts',(-140.179479316104,-362.116948943177,318.903623962612));
#3287=CARTESIAN_POINT('Ctrl Pts',(-137.855470617922,-362.159299042167,318.79246556012));
#3288=CARTESIAN_POINT('Ctrl Pts',(-136.631002091411,-364.135023504442,318.681307157628));
#3289=CARTESIAN_POINT('Ctrl Pts',(-137.627222592648,-366.235108007631,318.570148755135));
#3290=CARTESIAN_POINT('Ctrl Pts',(-139.931971938377,-366.536671670144,318.458990352643));
#3291=CARTESIAN_POINT('Ctrl Pts',(-141.434973870833,-364.763596541091,318.34783195015));
#3292=CARTESIAN_POINT('Ctrl Pts',(-140.760048655959,-362.539346967866,318.236673547658));
#3293=CARTESIAN_POINT('Ctrl Pts',(-138.525171815079,-361.900491964576,318.125515145165));
#3294=CARTESIAN_POINT('Ctrl Pts',(-136.776642909308,-363.431980416216,318.014356742673));
#3295=CARTESIAN_POINT('Ctrl Pts',(-137.115451251085,-365.731549749376,317.90319834018));
#3296=CARTESIAN_POINT('Ctrl Pts',(-139.23137689948,-366.693666614567,317.792039937688));
#3297=CARTESIAN_POINT('Ctrl Pts',(-141.187034468537,-365.437396865779,317.680881535195));
#3298=CARTESIAN_POINT('Ctrl Pts',(-141.191783350642,-363.11300712699,317.569723132703));
#3299=CARTESIAN_POINT('Ctrl Pts',(-139.241275366549,-361.848756824944,317.45856473021));
#3300=CARTESIAN_POINT('Ctrl Pts',(-137.121436068654,-362.80221974519,317.347406327718));
#3301=CARTESIAN_POINT('Ctrl Pts',(-136.773234239709,-365.100385468966,317.236247925225));
#3302=CARTESIAN_POINT('Ctrl Pts',(-138.515490738468,-366.639005830127,317.125089522732));
#3303=CARTESIAN_POINT('Ctrl Pts',(-140.752959297714,-366.009288110437,317.01393112024));
#3304=CARTESIAN_POINT('Ctrl Pts',(-141.436967545658,-363.787814954878,316.902772717747));
#3305=CARTESIAN_POINT('Ctrl Pts',(-139.941222864787,-362.008613133375,316.791614315255));
#3306=CARTESIAN_POINT('Ctrl Pts',(-137.635261157955,-362.300756944375,316.680455912762));
#3307=CARTESIAN_POINT('Ctrl Pts',(-136.630466426123,-364.396752980319,316.56929751027));
#3308=CARTESIAN_POINT('Ctrl Pts',(-137.846854684693,-366.377464940978,316.458139107777));
#3309=CARTESIAN_POINT('Ctrl Pts',(-140.170664393293,-366.429309648852,316.346980705285));
#3310=CARTESIAN_POINT('Ctrl Pts',(-141.474191873425,-364.504822538749,316.235822302792));
#3311=CARTESIAN_POINT('Ctrl Pts',(-140.563846369734,-362.366093532241,316.1246639003));
#3312=CARTESIAN_POINT('Ctrl Pts',(-138.273277672754,-361.971415046467,316.013505497808));
#3313=CARTESIAN_POINT('Ctrl Pts',(-136.699518777289,-363.682116721312,315.902347095315));
#3314=CARTESIAN_POINT('Ctrl Pts',(-137.284106324057,-365.931988955114,315.791188692822));
#3315=CARTESIAN_POINT('Ctrl Pts',(-139.490535858756,-366.660811412653,315.68003029033));
#3316=CARTESIAN_POINT('Ctrl Pts',(-141.30130110537,-365.2020441097,315.568871887838));
#3317=CARTESIAN_POINT('Ctrl Pts',(-141.05244547711,-362.890700289023,315.457713485345));
#3318=CARTESIAN_POINT('Ctrl Pts',(-139.674474392444,-362.195533442135,315.383607883683));
#3319=CARTESIAN_POINT('Ctrl Pts',(-138.991436030266,-362.217119297828,315.346555082853));
#3320=CARTESIAN_POINT('Ctrl Pts',(-139.553074170565,-366.130822794941,320.645814972382));
#3321=CARTESIAN_POINT('Ctrl Pts',(-140.171675522064,-365.965616138459,320.608762171552));
#3322=CARTESIAN_POINT('Ctrl Pts',(-141.220033806613,-364.969609332776,320.53465656989));
#3323=CARTESIAN_POINT('Ctrl Pts',(-140.818712266042,-362.82880695673,320.423498167397));
#3324=CARTESIAN_POINT('Ctrl Pts',(-138.800045283639,-362.009423551813,320.312339764905));
#3325=CARTESIAN_POINT('Ctrl Pts',(-137.017553606753,-363.259490984063,320.201181362412));
#3326=CARTESIAN_POINT('Ctrl Pts',(-137.101071875451,-365.435867930911,320.09002295992));
#3327=CARTESIAN_POINT('Ctrl Pts',(-138.975193505582,-366.545311332258,319.978864557427));
#3328=CARTESIAN_POINT('Ctrl Pts',(-140.923461186035,-365.572275405759,319.867706154935));
#3329=CARTESIAN_POINT('Ctrl Pts',(-141.162220689451,-363.407580564468,319.756547752443));
#3330=CARTESIAN_POINT('Ctrl Pts',(-139.472760000992,-362.033323263581,319.64538934995));
#3331=CARTESIAN_POINT('Ctrl Pts',(-137.402029966866,-362.707778087525,319.534230947458));
#3332=CARTESIAN_POINT('Ctrl Pts',(-136.846013299328,-364.813411838371,319.423072544965));
#3333=CARTESIAN_POINT('Ctrl Pts',(-138.313819857685,-366.422257553008,319.311914142472));
#3334=CARTESIAN_POINT('Ctrl Pts',(-140.461491230378,-366.061225134884,319.20075573998));
#3335=CARTESIAN_POINT('Ctrl Pts',(-141.322576957782,-364.060882288923,319.089597337487));
#3336=CARTESIAN_POINT('Ctrl Pts',(-140.108648202575,-362.252784884511,318.978438934995));
#3337=CARTESIAN_POINT('Ctrl Pts',(-137.93120370627,-362.292464163696,318.867280532502));
#3338=CARTESIAN_POINT('Ctrl Pts',(-136.783956599993,-364.14358905835,318.75612213001));
#3339=CARTESIAN_POINT('Ctrl Pts',(-137.717350200982,-366.111231196188,318.644963727517));
#3340=CARTESIAN_POINT('Ctrl Pts',(-139.876749940813,-366.393776669335,318.533805325025));
#3341=CARTESIAN_POINT('Ctrl Pts',(-141.284964672679,-364.732520975967,318.422646922532));
#3342=CARTESIAN_POINT('Ctrl Pts',(-140.652603788791,-362.648544269934,318.31148852004));
#3343=CARTESIAN_POINT('Ctrl Pts',(-138.558670026451,-362.049978820528,318.200330117547));
#3344=CARTESIAN_POINT('Ctrl Pts',(-136.920412542527,-363.484883561972,318.089171715055));
#3345=CARTESIAN_POINT('Ctrl Pts',(-137.237853849731,-365.63942996805,317.978013312562));
#3346=CARTESIAN_POINT('Ctrl Pts',(-139.220338106909,-366.540870687507,317.86685491007));
#3347=CARTESIAN_POINT('Ctrl Pts',(-141.052661632088,-365.363827911155,317.755696507577));
#3348=CARTESIAN_POINT('Ctrl Pts',(-141.057111024731,-363.186026404666,317.644538105085));
#3349=CARTESIAN_POINT('Ctrl Pts',(-139.229612324625,-362.001506370686,317.533379702592));
#3350=CARTESIAN_POINT('Ctrl Pts',(-137.243461233252,-362.894838908444,317.4222213001));
#3351=CARTESIAN_POINT('Ctrl Pts',(-136.917218841546,-365.048070224122,317.311062897608));
#3352=CARTESIAN_POINT('Ctrl Pts',(-138.549599489408,-366.489657099393,317.199904495115));
#3353=CARTESIAN_POINT('Ctrl Pts',(-140.645961522734,-365.899652688463,317.088746092623));
#3354=CARTESIAN_POINT('Ctrl Pts',(-141.286832615892,-363.818277304609,316.97758769013));
#3355=CARTESIAN_POINT('Ctrl Pts',(-139.885417455187,-362.151281300213,316.866429287638));
#3356=CARTESIAN_POINT('Ctrl Pts',(-137.724881812116,-362.425000987188,316.755270885145));
#3357=CARTESIAN_POINT('Ctrl Pts',(-136.783454716574,-364.388812498011,316.644112482653));
#3358=CARTESIAN_POINT('Ctrl Pts',(-137.92313113907,-366.24461035319,316.53295408016));
#3359=CARTESIAN_POINT('Ctrl Pts',(-140.100389195122,-366.293185461326,316.421795677668));
#3360=CARTESIAN_POINT('Ctrl Pts',(-141.321709381925,-364.490066622148,316.310637275175));
#3361=CARTESIAN_POINT('Ctrl Pts',(-140.468775049838,-362.486217106459,316.199478872683));
#3362=CARTESIAN_POINT('Ctrl Pts',(-138.322661652522,-362.116429120153,316.08832047019));
#3363=CARTESIAN_POINT('Ctrl Pts',(-136.848152263584,-363.719244957127,315.977162067698));
#3364=CARTESIAN_POINT('Ctrl Pts',(-137.395872647469,-365.827228424105,315.866003665205));
#3365=CARTESIAN_POINT('Ctrl Pts',(-139.463153140254,-366.510087507289,315.754845262713));
#3366=CARTESIAN_POINT('Ctrl Pts',(-141.159722014297,-365.143317736725,315.64368686022));
#3367=CARTESIAN_POINT('Ctrl Pts',(-140.926560529766,-362.977739404191,315.532528457728));
#3368=CARTESIAN_POINT('Ctrl Pts',(-139.635491543354,-362.32641343198,315.458422856066));
#3369=CARTESIAN_POINT('Ctrl Pts',(-138.995529169869,-362.346637970172,315.421370055235));
#3370=CARTESIAN_POINT('Ctrl Pts',(-139.519638850464,-366.005627269272,320.720629944765));
#3371=CARTESIAN_POINT('Ctrl Pts',(-140.096602027711,-365.851540704161,320.683577143934));
#3372=CARTESIAN_POINT('Ctrl Pts',(-141.074395117364,-364.922575305404,320.609471542273));
#3373=CARTESIAN_POINT('Ctrl Pts',(-140.700086605777,-362.925870743174,320.49831313978));
#3374=CARTESIAN_POINT('Ctrl Pts',(-138.817296480687,-362.161640190591,320.387154737288));
#3375=CARTESIAN_POINT('Ctrl Pts',(-137.154784656522,-363.327565346971,320.275996334795));
#3376=CARTESIAN_POINT('Ctrl Pts',(-137.232681294719,-365.3574499489,320.164837932303));
#3377=CARTESIAN_POINT('Ctrl Pts',(-138.980655442604,-366.392216504558,320.05367952981));
#3378=CARTESIAN_POINT('Ctrl Pts',(-140.797784856106,-365.484675810753,319.942521127318));
#3379=CARTESIAN_POINT('Ctrl Pts',(-141.020473412079,-363.465686989642,319.831362724825));
#3380=CARTESIAN_POINT('Ctrl Pts',(-139.444730642873,-362.183931208229,319.720204322333));
#3381=CARTESIAN_POINT('Ctrl Pts',(-137.513381839941,-362.812988350101,319.60904591984));
#3382=CARTESIAN_POINT('Ctrl Pts',(-136.994790759712,-364.776891493962,319.497887517348));
#3383=CARTESIAN_POINT('Ctrl Pts',(-138.363798980339,-366.277445498519,319.386729114855));
#3384=CARTESIAN_POINT('Ctrl Pts',(-140.366910185751,-365.940714240909,319.275570712362));
#3385=CARTESIAN_POINT('Ctrl Pts',(-141.170036069586,-364.075014851163,319.16441230987));
#3386=CARTESIAN_POINT('Ctrl Pts',(-140.037817089046,-362.388620825846,319.053253907377));
#3387=CARTESIAN_POINT('Ctrl Pts',(-138.006936794617,-362.425629285226,318.942095504885));
#3388=CARTESIAN_POINT('Ctrl Pts',(-136.936911108576,-364.152154612259,318.830937102392));
#3389=CARTESIAN_POINT('Ctrl Pts',(-137.807477809316,-365.987354384746,318.7197786999));
#3390=CARTESIAN_POINT('Ctrl Pts',(-139.82152794325,-366.250881668526,318.608620297408));
#3391=CARTESIAN_POINT('Ctrl Pts',(-141.134955474525,-364.701445410842,318.497461894915));
#3392=CARTESIAN_POINT('Ctrl Pts',(-140.545158921623,-362.757741572002,318.386303492423));
#3393=CARTESIAN_POINT('Ctrl Pts',(-138.592168237824,-362.19946567648,318.27514508993));
#3394=CARTESIAN_POINT('Ctrl Pts',(-137.064182175746,-363.537786707728,318.163986687438));
#3395=CARTESIAN_POINT('Ctrl Pts',(-137.360256448377,-365.547310186724,318.052828284945));
#3396=CARTESIAN_POINT('Ctrl Pts',(-139.209299314337,-366.388074760447,317.941669882452));
#3397=CARTESIAN_POINT('Ctrl Pts',(-140.918288795639,-365.290258956531,317.83051147996));
#3398=CARTESIAN_POINT('Ctrl Pts',(-140.92243869882,-363.259045682342,317.719353077467));
#3399=CARTESIAN_POINT('Ctrl Pts',(-139.217949282701,-362.154255916427,317.608194674975));
#3400=CARTESIAN_POINT('Ctrl Pts',(-137.36548639785,-362.987458071698,317.497036272482));
#3401=CARTESIAN_POINT('Ctrl Pts',(-137.061203443384,-364.995754979278,317.38587786999));
#3402=CARTESIAN_POINT('Ctrl Pts',(-138.583708240349,-366.340308368658,317.274719467497));
#3403=CARTESIAN_POINT('Ctrl Pts',(-140.538963747754,-365.79001726649,317.163561065005));
#3404=CARTESIAN_POINT('Ctrl Pts',(-141.136697686126,-363.848739654338,317.052402662512));
#3405=CARTESIAN_POINT('Ctrl Pts',(-139.829612045588,-362.293949467052,316.94124426002));
#3406=CARTESIAN_POINT('Ctrl Pts',(-137.814502466276,-362.54924503,316.830085857527));
#3407=CARTESIAN_POINT('Ctrl Pts',(-136.936443007024,-364.380872015703,316.718927455035));
#3408=CARTESIAN_POINT('Ctrl Pts',(-137.999407593446,-366.111755765402,316.607769052542));
#3409=CARTESIAN_POINT('Ctrl Pts',(-140.03011399695,-366.1570612738,316.49661065005));
#3410=CARTESIAN_POINT('Ctrl Pts',(-141.169226890425,-364.475310705548,316.385452247557));
#3411=CARTESIAN_POINT('Ctrl Pts',(-140.373703729942,-362.606340680677,316.274293845065));
#3412=CARTESIAN_POINT('Ctrl Pts',(-138.372045632289,-362.261443193839,316.163135442572));
#3413=CARTESIAN_POINT('Ctrl Pts',(-136.996785749879,-363.756373192942,316.05197704008));
#3414=CARTESIAN_POINT('Ctrl Pts',(-137.50763897088,-365.722467893097,315.940818637587));
#3415=CARTESIAN_POINT('Ctrl Pts',(-139.435770421752,-366.359363601926,315.829660235095));
#3416=CARTESIAN_POINT('Ctrl Pts',(-141.018142923223,-365.084591363749,315.718501832603));
#3417=CARTESIAN_POINT('Ctrl Pts',(-140.800675582423,-363.064778519359,315.60734343011));
#3418=CARTESIAN_POINT('Ctrl Pts',(-139.596508694265,-362.457293421825,315.533237828448));
#3419=CARTESIAN_POINT('Ctrl Pts',(-138.999622309472,-362.476156642517,315.496185027618));
#3420=CARTESIAN_POINT('Ctrl Pts',(-139.486203530363,-365.880431743603,320.795444917148));
#3421=CARTESIAN_POINT('Ctrl Pts',(-140.021528533357,-365.737465269862,320.758392116317));
#3422=CARTESIAN_POINT('Ctrl Pts',(-140.928756428115,-364.875541278033,320.684286514655));
#3423=CARTESIAN_POINT('Ctrl Pts',(-140.581460945513,-363.022934529617,320.573128112162));
#3424=CARTESIAN_POINT('Ctrl Pts',(-138.834547677735,-362.31385682937,320.46196970967));
#3425=CARTESIAN_POINT('Ctrl Pts',(-137.292015706291,-363.39563970988,320.350811307177));
#3426=CARTESIAN_POINT('Ctrl Pts',(-137.364290713987,-365.279031966888,320.239652904685));
#3427=CARTESIAN_POINT('Ctrl Pts',(-138.986117379626,-366.239121676858,320.128494502192));
#3428=CARTESIAN_POINT('Ctrl Pts',(-140.672108526177,-365.397076215747,320.0173360997));
#3429=CARTESIAN_POINT('Ctrl Pts',(-140.878726134708,-363.523793414817,319.906177697207));
#3430=CARTESIAN_POINT('Ctrl Pts',(-139.416701284753,-362.334539152877,319.795019294715));
#3431=CARTESIAN_POINT('Ctrl Pts',(-137.624733713016,-362.918198612677,319.683860892222));
#3432=CARTESIAN_POINT('Ctrl Pts',(-137.143568220097,-364.740371149553,319.57270248973));
#3433=CARTESIAN_POINT('Ctrl Pts',(-138.413778102993,-366.13263344403,319.461544087237));
#3434=CARTESIAN_POINT('Ctrl Pts',(-140.272329141123,-365.820203346933,319.350385684745));
#3435=CARTESIAN_POINT('Ctrl Pts',(-141.017495181391,-364.089147413402,319.239227282252));
#3436=CARTESIAN_POINT('Ctrl Pts',(-139.966985975517,-362.52445676718,319.12806887976));
#3437=CARTESIAN_POINT('Ctrl Pts',(-138.082669882965,-362.558794406756,319.016910477267));
#3438=CARTESIAN_POINT('Ctrl Pts',(-137.089865617158,-364.160720166167,318.905752074775));
#3439=CARTESIAN_POINT('Ctrl Pts',(-137.89760541765,-365.863477573303,318.794593672282));
#3440=CARTESIAN_POINT('Ctrl Pts',(-139.766305945687,-366.107986667717,318.68343526979));
#3441=CARTESIAN_POINT('Ctrl Pts',(-140.98494627637,-364.670369845718,318.572276867297));
#3442=CARTESIAN_POINT('Ctrl Pts',(-140.437714054455,-362.866938874071,318.461118464805));
#3443=CARTESIAN_POINT('Ctrl Pts',(-138.625666449196,-362.348952532432,318.349960062312));
#3444=CARTESIAN_POINT('Ctrl Pts',(-137.207951808965,-363.590689853485,318.23880165982));
#3445=CARTESIAN_POINT('Ctrl Pts',(-137.482659047024,-365.455190405398,318.127643257327));
#3446=CARTESIAN_POINT('Ctrl Pts',(-139.198260521766,-366.235278833387,318.016484854835));
#3447=CARTESIAN_POINT('Ctrl Pts',(-140.78391595919,-365.216690001907,317.905326452342));
#3448=CARTESIAN_POINT('Ctrl Pts',(-140.787766372909,-363.332064960018,317.79416804985));
#3449=CARTESIAN_POINT('Ctrl Pts',(-139.206286240776,-362.307005462168,317.683009647357));
#3450=CARTESIAN_POINT('Ctrl Pts',(-137.487511562449,-363.080077234952,317.571851244865));
#3451=CARTESIAN_POINT('Ctrl Pts',(-137.205188045222,-364.943439734435,317.460692842373));
#3452=CARTESIAN_POINT('Ctrl Pts',(-138.617816991289,-366.190959637924,317.34953443988));
#3453=CARTESIAN_POINT('Ctrl Pts',(-140.431965972774,-365.680381844516,317.238376037388));
#3454=CARTESIAN_POINT('Ctrl Pts',(-140.98656275636,-363.879202004068,317.127217634895));
#3455=CARTESIAN_POINT('Ctrl Pts',(-139.773806635989,-362.43661763389,317.016059232403));
#3456=CARTESIAN_POINT('Ctrl Pts',(-137.904123120437,-362.673489072812,316.90490082991));
#3457=CARTESIAN_POINT('Ctrl Pts',(-137.089431297475,-364.372931533395,316.793742427417));
#3458=CARTESIAN_POINT('Ctrl Pts',(-138.075684047823,-365.978901177614,316.682584024925));
#3459=CARTESIAN_POINT('Ctrl Pts',(-139.959838798779,-366.020937086273,316.571425622433));
#3460=CARTESIAN_POINT('Ctrl Pts',(-141.016744398925,-364.460554788947,316.46026721994));
#3461=CARTESIAN_POINT('Ctrl Pts',(-140.278632410046,-362.726464254895,316.349108817448));
#3462=CARTESIAN_POINT('Ctrl Pts',(-138.421429612057,-362.406457267525,316.237950414955));
#3463=CARTESIAN_POINT('Ctrl Pts',(-137.145419236174,-363.793501428756,316.126792012462));
#3464=CARTESIAN_POINT('Ctrl Pts',(-137.619405294291,-365.617707362089,316.01563360997));
#3465=CARTESIAN_POINT('Ctrl Pts',(-139.40838770325,-366.208639696562,315.904475207477));
#3466=CARTESIAN_POINT('Ctrl Pts',(-140.87656383215,-365.025864990774,315.793316804985));
#3467=CARTESIAN_POINT('Ctrl Pts',(-140.674790635079,-363.151817634527,315.682158402492));
#3468=CARTESIAN_POINT('Ctrl Pts',(-139.557525845176,-362.58817341167,315.608052800831));
#3469=CARTESIAN_POINT('Ctrl Pts',(-139.003715449075,-362.605675314862,315.571));
#3470=CARTESIAN_POINT('Ctrl Pts',(-139.003715449075,-362.605675314862,315.571));
#3471=CARTESIAN_POINT('Ctrl Pts',(-139.064978131303,-362.596610292635,315.571));
#3472=CARTESIAN_POINT('Ctrl Pts',(-139.126548695116,-362.591285860967,315.571));
#3473=CARTESIAN_POINT('Ctrl Pts',(-139.188158735929,-362.589483882334,315.571));
#3474=CARTESIAN_POINT('Ctrl Pts',(-139.253926154585,-362.587560308163,315.571));
#3475=CARTESIAN_POINT('Ctrl Pts',(-139.319739186626,-362.589650177592,315.571));
#3476=CARTESIAN_POINT('Ctrl Pts',(-139.38529621348,-362.595545094894,315.571));
#3477=CARTESIAN_POINT('Ctrl Pts',(-139.442658611976,-362.600703147533,315.571));
#3478=CARTESIAN_POINT('Ctrl Pts',(-139.499825815519,-362.608775402205,315.571));
#3479=CARTESIAN_POINT('Ctrl Pts',(-139.556603066784,-362.619657486659,315.571));
#3480=CARTESIAN_POINT('Ctrl Pts',(-139.585075674479,-362.62511462512,315.571));
#3481=CARTESIAN_POINT('Ctrl Pts',(-139.613450270022,-362.631278888843,315.571));
#3482=CARTESIAN_POINT('Ctrl Pts',(-139.641702272933,-362.638140099878,315.571));
#3483=CARTESIAN_POINT('Ctrl Pts',(-139.654628750636,-362.641279392046,315.571));
#3484=CARTESIAN_POINT('Ctrl Pts',(-139.667531261208,-362.644565191394,315.571));
#3485=CARTESIAN_POINT('Ctrl Pts',(-139.68038649462,-362.647990704728,315.571));
#3486=CARTESIAN_POINT('Ctrl Pts',(-139.745088807113,-362.665231825685,315.571));
#3487=CARTESIAN_POINT('Ctrl Pts',(-139.808710822896,-362.686035435562,315.571));
#3488=CARTESIAN_POINT('Ctrl Pts',(-139.870958369011,-362.710194547244,315.571));
#3489=CARTESIAN_POINT('Ctrl Pts',(-139.934332597362,-362.734790939488,315.571));
#3490=CARTESIAN_POINT('Ctrl Pts',(-139.9962831537,-362.762865493447,315.571));
#3491=CARTESIAN_POINT('Ctrl Pts',(-140.056503659406,-362.794253324194,315.571));
#3492=CARTESIAN_POINT('Ctrl Pts',(-140.106934821805,-362.820538802391,315.571));
#3493=CARTESIAN_POINT('Ctrl Pts',(-140.156153077878,-362.849148931178,315.571));
#3494=CARTESIAN_POINT('Ctrl Pts',(-140.203972610427,-362.880014040465,315.571));
#3495=CARTESIAN_POINT('Ctrl Pts',(-140.225991110969,-362.894225877958,315.571));
#3496=CARTESIAN_POINT('Ctrl Pts',(-140.247712941523,-362.908916136701,315.571));
#3497=CARTESIAN_POINT('Ctrl Pts',(-140.269119150591,-362.924079676806,315.571));
#3498=CARTESIAN_POINT('Ctrl Pts',(-140.278467707943,-362.930701924765,315.571));
#3499=CARTESIAN_POINT('Ctrl Pts',(-140.287755839905,-362.937414406847,315.571));
#3500=CARTESIAN_POINT('Ctrl Pts',(-140.296970703205,-362.94420813135,315.571));
#3501=CARTESIAN_POINT('Ctrl Pts',(-140.353492832714,-362.985879479443,315.571));
#3502=CARTESIAN_POINT('Ctrl Pts',(-140.40736864649,-363.030679970825,315.571));
#3503=CARTESIAN_POINT('Ctrl Pts',(-140.458281568553,-363.078424529349,315.571));
#3504=CARTESIAN_POINT('Ctrl Pts',(-140.50389399809,-363.121198450452,315.571));
#3505=CARTESIAN_POINT('Ctrl Pts',(-140.54712889385,-363.16633621282,315.571));
#3506=CARTESIAN_POINT('Ctrl Pts',(-140.587747364639,-363.213738446852,315.571));
#3507=CARTESIAN_POINT('Ctrl Pts',(-140.631926018701,-363.265295456714,315.571));
#3508=CARTESIAN_POINT('Ctrl Pts',(-140.673010818477,-363.319530982298,315.571));
#3509=CARTESIAN_POINT('Ctrl Pts',(-140.710987906073,-363.376121554473,315.571));
#3510=CARTESIAN_POINT('Ctrl Pts',(-140.725589952306,-363.397880414975,315.571));
#3511=CARTESIAN_POINT('Ctrl Pts',(-140.739732181706,-363.419987839367,315.571));
#3512=CARTESIAN_POINT('Ctrl Pts',(-140.75341231887,-363.442426791149,315.571));
#3513=CARTESIAN_POINT('Ctrl Pts',(-140.759420519532,-363.452281789189,315.571));
#3514=CARTESIAN_POINT('Ctrl Pts',(-140.765339142026,-363.462200191702,315.571));
#3515=CARTESIAN_POINT('Ctrl Pts',(-140.771161467479,-363.472168936225,315.571));
#3516=CARTESIAN_POINT('Ctrl Pts',(-140.806443808571,-363.532577899515,315.571));
#3517=CARTESIAN_POINT('Ctrl Pts',(-140.838259113387,-363.594939625444,315.571));
#3518=CARTESIAN_POINT('Ctrl Pts',(-140.866631611246,-363.658874711577,315.571));
#3519=CARTESIAN_POINT('Ctrl Pts',(-140.895655474991,-363.724277597064,315.571));
#3520=CARTESIAN_POINT('Ctrl Pts',(-140.921077090668,-363.791327659818,315.571));
#3521=CARTESIAN_POINT('Ctrl Pts',(-140.942884420197,-363.859660222492,315.571));
#3522=CARTESIAN_POINT('Ctrl Pts',(-140.959506173988,-363.911743951091,315.571));
#3523=CARTESIAN_POINT('Ctrl Pts',(-140.974027421279,-363.964573729711,315.571));
#3524=CARTESIAN_POINT('Ctrl Pts',(-140.986426096393,-364.017999357158,315.571));
#3525=CARTESIAN_POINT('Ctrl Pts',(-140.994140823854,-364.051241953762,315.571));
#3526=CARTESIAN_POINT('Ctrl Pts',(-141.001033482919,-364.084715412182,315.571));
#3527=CARTESIAN_POINT('Ctrl Pts',(-141.007095680145,-364.118384745522,315.571));
#3528=CARTESIAN_POINT('Ctrl Pts',(-141.010561989843,-364.137636566656,315.571));
#3529=CARTESIAN_POINT('Ctrl Pts',(-141.013757587791,-364.156959076118,315.571));
#3530=CARTESIAN_POINT('Ctrl Pts',(-141.016675625815,-364.176310200618,315.571));
#3531=CARTESIAN_POINT('Ctrl Pts',(-141.027822855611,-364.250233648426,315.571));
#3532=CARTESIAN_POINT('Ctrl Pts',(-141.034939199053,-364.32464587079,315.571));
#3533=CARTESIAN_POINT('Ctrl Pts',(-141.037996312685,-364.399161532163,315.571));
#3534=CARTESIAN_POINT('Ctrl Pts',(-141.040284872419,-364.454944065228,315.571));
#3535=CARTESIAN_POINT('Ctrl Pts',(-141.040297746991,-364.510785344805,315.571));
#3536=CARTESIAN_POINT('Ctrl Pts',(-141.038005134822,-364.566530455579,315.571));
#3537=CARTESIAN_POINT('Ctrl Pts',(-141.037296138346,-364.583769780913,315.571));
#3538=CARTESIAN_POINT('Ctrl Pts',(-141.036366535397,-364.600999932872,315.571));
#3539=CARTESIAN_POINT('Ctrl Pts',(-141.035215126682,-364.618216375457,315.571));
#3540=CARTESIAN_POINT('Ctrl Pts',(-141.034092935224,-364.634995946915,315.571));
#3541=CARTESIAN_POINT('Ctrl Pts',(-141.03276056809,-364.651753980075,315.571));
#3542=CARTESIAN_POINT('Ctrl Pts',(-141.031218141958,-364.668480173716,315.571));
#3543=CARTESIAN_POINT('Ctrl Pts',(-141.024305085532,-364.743445916369,315.571));
#3544=CARTESIAN_POINT('Ctrl Pts',(-141.013173835372,-364.817809554287,315.571));
#3545=CARTESIAN_POINT('Ctrl Pts',(-140.997769414841,-364.891194765906,315.571));
#3546=CARTESIAN_POINT('Ctrl Pts',(-140.985927567416,-364.947608214079,315.571));
#3547=CARTESIAN_POINT('Ctrl Pts',(-140.971559585847,-365.003443977755,315.571));
#3548=CARTESIAN_POINT('Ctrl Pts',(-140.954619531164,-365.058532456469,315.571));
#3549=CARTESIAN_POINT('Ctrl Pts',(-140.950779476142,-365.071020184122,315.571));
#3550=CARTESIAN_POINT('Ctrl Pts',(-140.946807174866,-365.08346950465,315.571));
#3551=CARTESIAN_POINT('Ctrl Pts',(-140.942704182332,-365.095879343162,315.571));
#3552=CARTESIAN_POINT('Ctrl Pts',(-140.720395179908,-364.269907710104,319.94951963661));
#3553=CARTESIAN_POINT('Ctrl Pts',(-140.721504074303,-364.053169898742,319.935072323476));
#3554=CARTESIAN_POINT('Ctrl Pts',(-140.682202011633,-363.836817907745,319.920625010342));
#3555=CARTESIAN_POINT('Ctrl Pts',(-140.600619058293,-363.637798171315,319.906177697207));
#3556=CARTESIAN_POINT('Ctrl Pts',(-140.391384518056,-363.127375327504,319.869124896377));
#3557=CARTESIAN_POINT('Ctrl Pts',(-139.904042901404,-362.73095724019,319.832072095546));
#3558=CARTESIAN_POINT('Ctrl Pts',(-139.361710831123,-362.630024773167,319.795019294715));
#3559=CARTESIAN_POINT('Ctrl Pts',(-138.819378760841,-362.529092306144,319.757966493884));
#3560=CARTESIAN_POINT('Ctrl Pts',(-138.222056236929,-362.72364545941,319.720913693053));
#3561=CARTESIAN_POINT('Ctrl Pts',(-137.843200726153,-363.124617458856,319.683860892222));
#3562=CARTESIAN_POINT('Ctrl Pts',(-137.464345215377,-363.525589458302,319.646808091392));
#3563=CARTESIAN_POINT('Ctrl Pts',(-137.303956717737,-364.132980303927,319.609755290561));
#3564=CARTESIAN_POINT('Ctrl Pts',(-137.435464116066,-364.668719442486,319.57270248973));
#3565=CARTESIAN_POINT('Ctrl Pts',(-137.566971514396,-365.204458581045,319.535649688899));
#3566=CARTESIAN_POINT('Ctrl Pts',(-137.990374808694,-365.668546012538,319.498596888068));
#3567=CARTESIAN_POINT('Ctrl Pts',(-138.511834962199,-365.848518045435,319.461544087237));
#3568=CARTESIAN_POINT('Ctrl Pts',(-139.033295115703,-366.028490078331,319.424491286407));
#3569=CARTESIAN_POINT('Ctrl Pts',(-139.652812128413,-365.924346712632,319.387438485576));
#3570=CARTESIAN_POINT('Ctrl Pts',(-140.086764974813,-365.583765707528,319.350385684745));
#3571=CARTESIAN_POINT('Ctrl Pts',(-140.480537354695,-365.274719703946,319.3167636687));
#3572=CARTESIAN_POINT('Ctrl Pts',(-140.721518115507,-364.770993388685,319.283141652655));
#3573=CARTESIAN_POINT('Ctrl Pts',(-140.724745000217,-364.269957929795,319.24951963661));
#3574=CARTESIAN_POINT('Origin',(-139.056339273478,-364.270843994938,315.571));
#3575=CARTESIAN_POINT('Origin',(-143.521574353204,-355.311077752191,315.571));
#3576=CARTESIAN_POINT('',(-143.595636491038,-374.068559852501,315.571));
#3577=CARTESIAN_POINT('',(-143.521574353204,-355.311077752191,315.571));
#3578=CARTESIAN_POINT('',(-143.521574353204,-355.311077752191,315.571));
#3579=CARTESIAN_POINT('',(-143.595636491038,-374.068559852501,315.571));
#3580=CARTESIAN_POINT('',(-143.521574353204,-355.311077752191,315.571));
#3581=CARTESIAN_POINT('Origin',(-119.521761429849,-355.40583873574,315.571));
#3582=CARTESIAN_POINT('',(-119.521761429849,-355.40583873574,315.571));
#3583=CARTESIAN_POINT('',(-164.521410661138,-355.228161891586,315.571));
#3584=CARTESIAN_POINT('',(-119.521761429849,-355.40583873574,315.571));
#3585=CARTESIAN_POINT('Origin',(-119.595823567684,-374.16332083605,315.571));
#3586=CARTESIAN_POINT('',(-119.595823567684,-374.16332083605,315.571));
#3587=CARTESIAN_POINT('',(-119.558792498767,-364.784579785895,315.571));
#3588=CARTESIAN_POINT('',(-119.595823567684,-374.16332083605,315.571));
#3589=CARTESIAN_POINT('Origin',(-130.582021995923,-374.119942874237,315.571));
#3590=CARTESIAN_POINT('',(-164.595472798973,-373.985643991896,315.571));
#3591=CARTESIAN_POINT('Origin',(-164.521410661138,-355.228161891586,315.571));
#3592=UNCERTAINTY_MEASURE_WITH_UNIT(LENGTH_MEASURE(0.01),#3596,
'DISTANCE_ACCURACY_VALUE',
'Maximum model space distance between geometric entities at asserted c
onnectivities');
#3593=UNCERTAINTY_MEASURE_WITH_UNIT(LENGTH_MEASURE(0.01),#3596,
'DISTANCE_ACCURACY_VALUE',
'Maximum model space distance between geometric entities at asserted c
onnectivities');
#3594=(
GEOMETRIC_REPRESENTATION_CONTEXT(3)
GLOBAL_UNCERTAINTY_ASSIGNED_CONTEXT((#3592))
GLOBAL_UNIT_ASSIGNED_CONTEXT((#3596,#3598,#3599))
REPRESENTATION_CONTEXT('','3D')
);
#3595=(
GEOMETRIC_REPRESENTATION_CONTEXT(3)
GLOBAL_UNCERTAINTY_ASSIGNED_CONTEXT((#3593))
GLOBAL_UNIT_ASSIGNED_CONTEXT((#3596,#3598,#3599))
REPRESENTATION_CONTEXT('','3D')
);
#3596=(
LENGTH_UNIT()
NAMED_UNIT(*)
SI_UNIT(.MILLI.,.METRE.)
);
#3597=(
LENGTH_UNIT()
NAMED_UNIT(*)
SI_UNIT($,.METRE.)
);
#3598=(
NAMED_UNIT(*)
PLANE_ANGLE_UNIT()
SI_UNIT($,.RADIAN.)
);
#3599=(
NAMED_UNIT(*)
SI_UNIT($,.STERADIAN.)
SOLID_ANGLE_UNIT()
);
#3600=SHAPE_DEFINITION_REPRESENTATION(#3601,#3602);
#3601=PRODUCT_DEFINITION_SHAPE('',$,#3604);
#3602=SHAPE_REPRESENTATION('',(#804),#3594);
#3603=PRODUCT_DEFINITION_CONTEXT('part definition',#3608,'design');
#3604=PRODUCT_DEFINITION('Top Screw','Top Screw',#3605,#3603);
#3605=PRODUCT_DEFINITION_FORMATION('',$,#3610);
#3606=PRODUCT_RELATED_PRODUCT_CATEGORY('Top Screw','Top Screw',(#3610));
#3607=APPLICATION_PROTOCOL_DEFINITION('international standard',
'automotive_design',2009,#3608);
#3608=APPLICATION_CONTEXT(
'Core Data for Automotive Mechanical Design Process');
#3609=PRODUCT_CONTEXT('part definition',#3608,'mechanical');
#3610=PRODUCT('Top Screw','Top Screw',$,(#3609));
#3611=PRESENTATION_STYLE_ASSIGNMENT((#3612));
#3612=SURFACE_STYLE_USAGE(.BOTH.,#3613);
#3613=SURFACE_SIDE_STYLE('',(#3614));
#3614=SURFACE_STYLE_FILL_AREA(#3615);
#3615=FILL_AREA_STYLE('Steel - Satin',(#3616));
#3616=FILL_AREA_STYLE_COLOUR('Steel - Satin',#3617);
#3617=COLOUR_RGB('Steel - Satin',0.627450980392157,0.627450980392157,0.627450980392157);
ENDSEC;
END-ISO-10303-21;
